timestamp,air_temp_f,rh_pct,precip_in,wind_mph
2025-11-01 00:00:00,51.1,87.3,0.0,12.8
2025-11-01 01:00:00,46.0,92.9,0.0,5.8
2025-11-01 02:00:00,49.4,93.1,0.0,9.2
2025-11-01 03:00:00,49.5,81.4,0.0,6.9
2025-11-01 04:00:00,42.7,96.5,0.0,2.4
2025-11-01 05:00:00,45.4,80.2,0.0,0.4
2025-11-01 06:00:00,50.7,88.3,0.0,4.2
2025-11-01 07:00:00,51.9,81.5,0.0,13.0
2025-11-01 08:00:00,55.3,77.4,0.0,6.8
2025-11-01 09:00:00,56.0,84.7,0.0,9.2
2025-11-01 10:00:00,63.2,82.4,0.0,1.7
2025-11-01 11:00:00,65.6,81.0,0.0,5.0
2025-11-01 12:00:00,66.1,77.2,0.0,8.3
2025-11-01 13:00:00,70.5,74.4,0.0,2.7
2025-11-01 14:00:00,70.0,76.6,0.0,5.8
2025-11-01 15:00:00,67.1,77.1,0.0,3.4
2025-11-01 16:00:00,69.8,76.8,0.0,8.5
2025-11-01 17:00:00,65.3,77.6,0.0,7.2
2025-11-01 18:00:00,68.2,79.2,0.0,8.1
2025-11-01 19:00:00,63.6,69.4,0.0,8.6
2025-11-01 20:00:00,60.6,78.5,0.0,5.3
2025-11-01 21:00:00,56.5,74.5,0.0,9.0
2025-11-01 22:00:00,58.4,81.8,0.0,4.2
2025-11-01 23:00:00,52.3,92.0,0.0,7.9
2025-11-02 00:00:00,49.1,83.1,0.0,0.1
2025-11-02 01:00:00,47.6,87.0,0.0,3.8
2025-11-02 02:00:00,48.7,89.5,0.0,12.9
2025-11-02 03:00:00,47.9,75.8,0.0,7.8
2025-11-02 04:00:00,48.4,83.3,0.0,7.8
2025-11-02 05:00:00,49.5,87.1,0.0,3.5
2025-11-02 06:00:00,55.6,67.5,0.0,2.7
2025-11-02 07:00:00,51.4,79.3,0.0,5.2
2025-11-02 08:00:00,53.8,88.4,0.0,5.8
2025-11-02 09:00:00,55.9,86.8,0.0,11.7
2025-11-02 10:00:00,62.3,80.1,0.0,9.1
2025-11-02 11:00:00,66.2,80.5,0.0,6.3
2025-11-02 12:00:00,65.4,77.6,0.0,6.2
2025-11-02 13:00:00,65.3,79.4,0.0,8.3
2025-11-02 14:00:00,66.4,74.4,0.0,2.0
2025-11-02 15:00:00,70.5,74.3,0.0,0.2
2025-11-02 16:00:00,70.4,70.6,0.0,8.2
2025-11-02 17:00:00,68.8,81.0,0.0,6.2
2025-11-02 18:00:00,64.0,84.9,0.0,2.1
2025-11-02 19:00:00,64.0,84.2,0.0,0.0
2025-11-02 20:00:00,61.1,76.9,0.0,8.7
2025-11-02 21:00:00,58.5,75.6,0.0,4.4
2025-11-02 22:00:00,57.3,87.4,0.0,7.2
2025-11-02 23:00:00,53.0,86.1,0.0,5.2
2025-11-03 00:00:00,51.7,85.7,0.0,5.9
2025-11-03 01:00:00,48.5,82.7,0.0,4.2
2025-11-03 02:00:00,47.9,88.3,0.0,5.8
2025-11-03 03:00:00,48.4,80.4,0.0,7.7
2025-11-03 04:00:00,43.6,91.7,0.0,5.2
2025-11-03 05:00:00,47.5,93.3,0.0,5.0
2025-11-03 06:00:00,48.8,93.8,0.0,7.8
2025-11-03 07:00:00,50.7,88.2,0.0,8.0
2025-11-03 08:00:00,54.2,75.8,0.0,2.6
2025-11-03 09:00:00,61.4,79.7,0.0,5.9
2025-11-03 10:00:00,58.3,91.1,0.0,4.4
2025-11-03 11:00:00,65.5,72.1,0.0,6.0
2025-11-03 12:00:00,61.2,78.6,0.0,10.3
2025-11-03 13:00:00,66.3,83.1,0.0,7.1
2025-11-03 14:00:00,68.6,77.9,0.0,12.5
2025-11-03 15:00:00,70.0,86.4,0.0,6.7
2025-11-03 16:00:00,70.0,70.4,0.0,5.5
2025-11-03 17:00:00,69.1,69.6,0.0,5.9
2025-11-03 18:00:00,64.5,83.1,0.0,6.4
2025-11-03 19:00:00,62.0,72.4,0.0,7.0
2025-11-03 20:00:00,62.6,77.1,0.0,3.0
2025-11-03 21:00:00,57.2,80.7,0.0,5.3
2025-11-03 22:00:00,51.7,89.2,0.0,3.8
2025-11-03 23:00:00,49.4,88.4,0.0,9.1
2025-11-04 00:00:00,47.5,88.6,0.0,0.2
2025-11-04 01:00:00,49.4,83.3,0.0,6.5
2025-11-04 02:00:00,47.4,92.5,0.0,1.4
2025-11-04 03:00:00,48.4,100.0,0.0,7.3
2025-11-04 04:00:00,46.0,90.7,0.0,4.8
2025-11-04 05:00:00,48.5,86.3,0.0,0.5
2025-11-04 06:00:00,51.4,77.7,0.0,8.8
2025-11-04 07:00:00,51.3,81.1,0.0,0.0
2025-11-04 08:00:00,55.8,80.7,0.0,5.9
2025-11-04 09:00:00,55.8,79.1,0.0,8.1
2025-11-04 10:00:00,59.3,79.8,0.0,10.1
2025-11-04 11:00:00,61.9,87.4,0.0,1.2
2025-11-04 12:00:00,62.1,84.6,0.0,4.5
2025-11-04 13:00:00,68.0,74.3,0.0,9.3
2025-11-04 14:00:00,66.7,69.8,0.0,9.5
2025-11-04 15:00:00,68.3,81.6,0.0,9.8
2025-11-04 16:00:00,69.1,74.3,0.0,13.7
2025-11-04 17:00:00,67.9,66.5,0.0,4.5
2025-11-04 18:00:00,66.7,79.4,0.0,7.1
2025-11-04 19:00:00,62.6,83.2,0.0,5.0
2025-11-04 20:00:00,59.2,67.8,0.0,0.1
2025-11-04 21:00:00,57.3,76.9,0.0,5.7
2025-11-04 22:00:00,50.4,84.2,0.0,0.0
2025-11-04 23:00:00,48.4,89.5,0.0,4.4
2025-11-05 00:00:00,46.3,84.4,0.0,1.6
2025-11-05 01:00:00,45.5,83.3,0.0,7.3
2025-11-05 02:00:00,47.9,89.8,0.0,3.7
2025-11-05 03:00:00,44.3,85.8,0.0,0.6
2025-11-05 04:00:00,45.9,89.9,0.0,8.6
2025-11-05 05:00:00,51.2,78.8,0.0,4.2
2025-11-05 06:00:00,48.8,78.9,0.0,4.7
2025-11-05 07:00:00,53.7,86.7,0.0,3.1
2025-11-05 08:00:00,52.1,85.1,0.0,9.4
2025-11-05 09:00:00,56.7,85.9,0.0,6.8
2025-11-05 10:00:00,57.6,78.2,0.0,4.2
2025-11-05 11:00:00,61.7,74.6,0.0,0.3
2025-11-05 12:00:00,66.9,82.5,0.0,13.5
2025-11-05 13:00:00,62.2,70.7,0.0,11.9
2025-11-05 14:00:00,68.6,81.0,0.0,10.3
2025-11-05 15:00:00,68.5,81.4,0.0,3.9
2025-11-05 16:00:00,66.1,80.5,0.0,4.5
2025-11-05 17:00:00,62.9,74.5,0.0,7.2
2025-11-05 18:00:00,65.0,72.7,0.0,3.3
2025-11-05 19:00:00,61.2,77.8,0.0,3.0
2025-11-05 20:00:00,60.6,72.7,0.0,10.4
2025-11-05 21:00:00,57.3,76.2,0.0,5.8
2025-11-05 22:00:00,58.4,83.6,0.0,2.6
2025-11-05 23:00:00,51.3,87.6,0.0,8.9
2025-11-06 00:00:00,46.9,81.5,0.0,4.3
2025-11-06 01:00:00,48.2,89.4,0.0,0.1
2025-11-06 02:00:00,47.3,88.8,0.0,2.6
2025-11-06 03:00:00,49.8,92.7,0.0,4.5
2025-11-06 04:00:00,48.8,88.5,0.0,6.7
2025-11-06 05:00:00,48.7,91.0,0.0,6.5
2025-11-06 06:00:00,53.1,85.7,0.0,9.7
2025-11-06 07:00:00,48.7,90.6,0.0,5.3
2025-11-06 08:00:00,52.6,77.1,0.0,4.6
2025-11-06 09:00:00,54.7,81.8,0.0,9.7
2025-11-06 10:00:00,58.7,80.0,0.0,8.9
2025-11-06 11:00:00,58.8,78.9,0.0,5.4
2025-11-06 12:00:00,66.1,78.4,0.0,6.9
2025-11-06 13:00:00,65.6,79.6,0.0,4.6
2025-11-06 14:00:00,63.5,79.5,0.0,2.5
2025-11-06 15:00:00,65.0,75.8,0.0,12.6
2025-11-06 16:00:00,68.0,71.4,0.0,4.4
2025-11-06 17:00:00,68.3,80.4,0.0,6.9
2025-11-06 18:00:00,69.5,76.0,0.0,1.5
2025-11-06 19:00:00,69.6,69.1,0.0,8.2
2025-11-06 20:00:00,60.8,78.1,0.0,2.4
2025-11-06 21:00:00,54.5,73.8,0.0,11.0
2025-11-06 22:00:00,48.9,85.8,0.0,11.4
2025-11-06 23:00:00,52.3,82.7,0.0,7.7
2025-11-07 00:00:00,47.3,83.6,0.0,6.3
2025-11-07 01:00:00,46.6,94.8,0.0,5.4
2025-11-07 02:00:00,45.0,82.0,0.0,5.9
2025-11-07 03:00:00,45.9,90.8,0.0,7.2
2025-11-07 04:00:00,49.2,96.4,0.0,6.3
2025-11-07 05:00:00,48.0,91.5,0.0,8.9
2025-11-07 06:00:00,48.9,85.5,0.0,3.2
2025-11-07 07:00:00,48.9,79.9,0.0,10.6
2025-11-07 08:00:00,49.8,78.3,0.0,4.7
2025-11-07 09:00:00,55.5,79.9,0.0,3.8
2025-11-07 10:00:00,59.3,76.4,0.0,7.1
2025-11-07 11:00:00,66.4,72.4,0.0,7.3
2025-11-07 12:00:00,64.5,75.4,0.0,0.8
2025-11-07 13:00:00,68.3,74.4,0.0,4.6
2025-11-07 14:00:00,65.7,78.8,0.0,0.0
2025-11-07 15:00:00,64.3,70.9,0.0,4.0
2025-11-07 16:00:00,64.5,73.6,0.0,4.1
2025-11-07 17:00:00,64.0,76.5,0.0,6.9
2025-11-07 18:00:00,69.5,73.3,0.0,3.6
2025-11-07 19:00:00,59.9,88.7,0.0,4.3
2025-11-07 20:00:00,61.6,79.8,0.0,9.9
2025-11-07 21:00:00,54.5,74.5,0.0,12.2
2025-11-07 22:00:00,56.3,83.6,0.0,3.2
2025-11-07 23:00:00,52.4,86.4,0.0,9.1
2025-11-08 00:00:00,48.7,85.1,0.0,7.2
2025-11-08 01:00:00,47.3,80.4,0.0,0.8
2025-11-08 02:00:00,44.8,96.7,0.0,3.6
2025-11-08 03:00:00,47.2,81.2,0.0,0.0
2025-11-08 04:00:00,45.3,90.9,0.0,7.0
2025-11-08 05:00:00,44.4,89.1,0.0,2.8
2025-11-08 06:00:00,45.9,90.3,0.0,6.4
2025-11-08 07:00:00,51.7,92.6,0.0,13.7
2025-11-08 08:00:00,57.7,83.6,0.0,10.8
2025-11-08 09:00:00,56.9,78.4,0.0,3.7
2025-11-08 10:00:00,58.9,85.6,0.0,3.0
2025-11-08 11:00:00,62.4,75.0,0.0,9.9
2025-11-08 12:00:00,67.1,76.4,0.0,3.0
2025-11-08 13:00:00,66.1,69.7,0.0,9.0
2025-11-08 14:00:00,65.6,71.3,0.0,14.2
2025-11-08 15:00:00,69.7,74.4,0.0,8.0
2025-11-08 16:00:00,67.7,77.1,0.0,9.6
2025-11-08 17:00:00,69.4,65.8,0.0,9.2
2025-11-08 18:00:00,64.3,79.6,0.0,4.3
2025-11-08 19:00:00,58.7,76.1,0.0,6.9
2025-11-08 20:00:00,55.8,88.2,0.0,3.1
2025-11-08 21:00:00,60.6,77.4,0.0,9.9
2025-11-08 22:00:00,58.1,74.9,0.0,2.7
2025-11-08 23:00:00,50.8,84.9,0.0,8.1
2025-11-09 00:00:00,48.0,81.5,0.0,9.4
2025-11-09 01:00:00,50.9,90.8,0.0,4.5
2025-11-09 02:00:00,43.5,88.6,0.0,3.8
2025-11-09 03:00:00,43.7,87.7,0.0,5.5
2025-11-09 04:00:00,47.9,89.1,0.0,3.3
2025-11-09 05:00:00,46.3,82.0,0.0,6.5
2025-11-09 06:00:00,48.9,79.2,0.095,3.2
2025-11-09 07:00:00,50.7,86.7,0.0,3.5
2025-11-09 08:00:00,54.4,77.1,0.0,7.6
2025-11-09 09:00:00,59.8,74.1,0.0,7.9
2025-11-09 10:00:00,59.2,84.1,0.0,5.1
2025-11-09 11:00:00,63.0,80.4,0.0,1.1
2025-11-09 12:00:00,58.5,74.1,0.0,9.5
2025-11-09 13:00:00,65.1,73.6,0.0,4.7
2025-11-09 14:00:00,64.2,72.7,0.0,12.2
2025-11-09 15:00:00,63.6,86.4,0.0,5.6
2025-11-09 16:00:00,64.1,81.8,0.0,6.4
2025-11-09 17:00:00,64.4,75.0,0.0,4.7
2025-11-09 18:00:00,65.9,79.1,0.0,6.7
2025-11-09 19:00:00,58.1,73.8,0.0,16.4
2025-11-09 20:00:00,59.0,76.7,0.0,5.0
2025-11-09 21:00:00,55.0,82.7,0.0,9.8
2025-11-09 22:00:00,52.8,85.7,0.0,6.3
2025-11-09 23:00:00,53.6,82.5,0.0,9.5
2025-11-10 00:00:00,50.1,86.2,0.0,0.2
2025-11-10 01:00:00,50.5,85.1,0.0,11.8
2025-11-10 02:00:00,45.7,86.5,0.0,7.0
2025-11-10 03:00:00,44.0,86.8,0.0,5.2
2025-11-10 04:00:00,45.5,85.3,0.0,8.7
2025-11-10 05:00:00,47.7,87.4,0.0,6.4
2025-11-10 06:00:00,49.2,87.5,0.0,2.6
2025-11-10 07:00:00,48.2,87.0,0.0,0.0
2025-11-10 08:00:00,53.6,77.1,0.0,11.5
2025-11-10 09:00:00,56.6,76.4,0.0,5.3
2025-11-10 10:00:00,65.0,78.8,0.0,4.2
2025-11-10 11:00:00,65.9,83.6,0.0,4.4
2025-11-10 12:00:00,61.2,79.6,0.0,10.4
2025-11-10 13:00:00,64.2,75.1,0.0,4.5
2025-11-10 14:00:00,62.3,79.4,0.0,7.9
2025-11-10 15:00:00,64.8,71.2,0.0,5.0
2025-11-10 16:00:00,66.7,82.3,0.0,2.2
2025-11-10 17:00:00,67.9,76.1,0.0,8.7
2025-11-10 18:00:00,61.5,75.3,0.0,9.3
2025-11-10 19:00:00,59.5,78.9,0.0,4.0
2025-11-10 20:00:00,53.3,80.5,0.0,5.9
2025-11-10 21:00:00,55.6,88.5,0.0,6.3
2025-11-10 22:00:00,50.7,83.6,0.0,7.3
2025-11-10 23:00:00,49.6,86.0,0.0,11.9
2025-11-11 00:00:00,46.4,89.9,0.0,5.0
2025-11-11 01:00:00,46.7,83.1,0.0,5.0
2025-11-11 02:00:00,41.5,90.6,0.0,5.5
2025-11-11 03:00:00,41.9,90.8,0.0,3.2
2025-11-11 04:00:00,51.3,76.5,0.0,0.8
2025-11-11 05:00:00,43.7,89.7,0.0,6.4
2025-11-11 06:00:00,45.8,87.1,0.0,7.6
2025-11-11 07:00:00,55.3,82.7,0.0,6.0
2025-11-11 08:00:00,60.4,79.5,0.0,5.8
2025-11-11 09:00:00,52.9,84.7,0.0,3.3
2025-11-11 10:00:00,57.5,87.6,0.0,6.8
2025-11-11 11:00:00,61.7,72.6,0.0,6.5
2025-11-11 12:00:00,67.3,73.8,0.0,7.4
2025-11-11 13:00:00,62.2,81.6,0.0,7.0
2025-11-11 14:00:00,65.0,79.1,0.0,7.2
2025-11-11 15:00:00,67.9,77.4,0.0,10.0
2025-11-11 16:00:00,66.7,89.6,0.0,7.7
2025-11-11 17:00:00,63.7,80.5,0.0,7.4
2025-11-11 18:00:00,62.7,83.7,0.0,0.8
2025-11-11 19:00:00,57.5,79.4,0.0,9.2
2025-11-11 20:00:00,57.8,75.7,0.0,5.1
2025-11-11 21:00:00,55.1,80.6,0.0,6.2
2025-11-11 22:00:00,53.7,86.5,0.0,2.2
2025-11-11 23:00:00,49.3,87.4,0.0,12.3
2025-11-12 00:00:00,49.6,87.2,0.0,0.0
2025-11-12 01:00:00,49.3,84.3,0.0,10.5
2025-11-12 02:00:00,46.2,85.2,0.0,7.3
2025-11-12 03:00:00,46.3,86.1,0.0,0.3
2025-11-12 04:00:00,45.9,90.9,0.0,12.1
2025-11-12 05:00:00,46.8,91.0,0.0,7.5
2025-11-12 06:00:00,46.6,81.8,0.0,0.0
2025-11-12 07:00:00,51.3,88.1,0.0,4.7
2025-11-12 08:00:00,52.7,80.3,0.0,7.6
2025-11-12 09:00:00,60.8,81.4,0.0,11.1
2025-11-12 10:00:00,62.1,77.4,0.0,4.8
2025-11-12 11:00:00,61.6,86.5,0.0,0.0
2025-11-12 12:00:00,60.8,77.0,0.0,10.4
2025-11-12 13:00:00,61.5,79.5,0.0,7.5
2025-11-12 14:00:00,68.3,78.0,0.0,0.0
2025-11-12 15:00:00,66.3,71.6,0.0,7.0
2025-11-12 16:00:00,66.5,75.5,0.0,7.3
2025-11-12 17:00:00,60.0,78.2,0.0,5.0
2025-11-12 18:00:00,65.0,74.2,0.0,3.5
2025-11-12 19:00:00,61.8,76.3,0.0,4.2
2025-11-12 20:00:00,55.4,87.6,0.0,5.0
2025-11-12 21:00:00,54.4,79.6,0.0,7.1
2025-11-12 22:00:00,53.6,85.9,0.0,8.4
2025-11-12 23:00:00,50.6,86.2,0.0,0.0
2025-11-13 00:00:00,47.5,79.4,0.0,6.8
2025-11-13 01:00:00,46.4,89.6,0.0,7.5
2025-11-13 02:00:00,45.0,80.7,0.0,6.5
2025-11-13 03:00:00,45.7,90.5,0.0,4.8
2025-11-13 04:00:00,49.3,82.8,0.0,10.3
2025-11-13 05:00:00,40.2,90.4,0.0,10.0
2025-11-13 06:00:00,47.6,79.8,0.0,4.9
2025-11-13 07:00:00,50.7,85.2,0.0,5.8
2025-11-13 08:00:00,53.5,87.7,0.0,8.3
2025-11-13 09:00:00,54.4,78.5,0.0,9.8
2025-11-13 10:00:00,53.5,80.0,0.0,3.6
2025-11-13 11:00:00,61.2,81.1,0.0,2.9
2025-11-13 12:00:00,66.7,78.2,0.0,6.8
2025-11-13 13:00:00,60.2,67.2,0.0,2.6
2025-11-13 14:00:00,67.2,85.6,0.0,0.2
2025-11-13 15:00:00,64.5,79.6,0.0,3.5
2025-11-13 16:00:00,64.9,80.3,0.0,7.3
2025-11-13 17:00:00,61.4,78.0,0.0,10.7
2025-11-13 18:00:00,61.6,69.3,0.0,3.9
2025-11-13 19:00:00,63.6,80.9,0.0,5.6
2025-11-13 20:00:00,59.4,77.0,0.0,6.5
2025-11-13 21:00:00,59.7,82.4,0.0,4.1
2025-11-13 22:00:00,55.7,80.8,0.0,3.8
2025-11-13 23:00:00,51.4,85.4,0.0,7.0
2025-11-14 00:00:00,52.4,79.8,0.0,2.4
2025-11-14 01:00:00,47.6,90.7,0.0,3.7
2025-11-14 02:00:00,47.5,80.4,0.0,5.4
2025-11-14 03:00:00,44.4,99.3,0.0,7.0
2025-11-14 04:00:00,45.6,98.6,0.0,1.5
2025-11-14 05:00:00,44.7,96.1,0.0,5.6
2025-11-14 06:00:00,50.5,91.1,0.0,2.1
2025-11-14 07:00:00,47.2,86.1,0.0,3.9
2025-11-14 08:00:00,54.5,88.4,0.0,8.4
2025-11-14 09:00:00,54.6,82.0,0.0,5.8
2025-11-14 10:00:00,60.6,71.4,0.0,11.0
2025-11-14 11:00:00,62.0,85.9,0.0,5.8
2025-11-14 12:00:00,66.7,81.5,0.0,8.9
2025-11-14 13:00:00,65.6,76.3,0.0,8.4
2025-11-14 14:00:00,60.8,72.9,0.0,6.0
2025-11-14 15:00:00,64.9,73.9,0.0,2.1
2025-11-14 16:00:00,61.8,69.4,0.0,5.7
2025-11-14 17:00:00,62.4,82.9,0.0,4.4
2025-11-14 18:00:00,65.9,68.2,0.0,4.3
2025-11-14 19:00:00,61.7,80.0,0.0,6.5
2025-11-14 20:00:00,55.9,77.5,0.0,1.7
2025-11-14 21:00:00,52.6,76.5,0.0,3.4
2025-11-14 22:00:00,52.6,84.8,0.0,3.0
2025-11-14 23:00:00,47.1,84.9,0.0,5.2
2025-11-15 00:00:00,46.2,91.3,0.0,3.7
2025-11-15 01:00:00,47.1,80.3,0.0,3.9
2025-11-15 02:00:00,48.2,82.2,0.0,6.4
2025-11-15 03:00:00,46.5,75.0,0.0,4.7
2025-11-15 04:00:00,39.6,79.8,0.0,6.0
2025-11-15 05:00:00,47.1,95.6,0.0,2.7
2025-11-15 06:00:00,48.1,96.5,0.0,3.5
2025-11-15 07:00:00,51.0,84.9,0.0,12.1
2025-11-15 08:00:00,56.4,77.4,0.0,3.9
2025-11-15 09:00:00,49.7,83.7,0.0,0.0
2025-11-15 10:00:00,56.0,86.1,0.0,7.0
2025-11-15 11:00:00,61.3,76.2,0.0,3.9
2025-11-15 12:00:00,57.9,81.8,0.0,6.7
2025-11-15 13:00:00,67.1,75.5,0.0,5.7
2025-11-15 14:00:00,65.3,73.7,0.0,7.6
2025-11-15 15:00:00,66.9,73.1,0.0,5.7
2025-11-15 16:00:00,63.0,79.3,0.0,5.3
2025-11-15 17:00:00,65.5,71.6,0.0,9.4
2025-11-15 18:00:00,64.5,79.3,0.0,0.0
2025-11-15 19:00:00,60.4,76.9,0.0,2.0
2025-11-15 20:00:00,58.0,81.2,0.014,3.5
2025-11-15 21:00:00,55.5,88.9,0.0,0.9
2025-11-15 22:00:00,50.2,84.1,0.0,4.6
2025-11-15 23:00:00,49.6,89.8,0.0,4.3
2025-11-16 00:00:00,47.3,77.5,0.0,8.9
2025-11-16 01:00:00,47.1,84.2,0.0,5.7
2025-11-16 02:00:00,47.7,86.4,0.0,5.4
2025-11-16 03:00:00,42.2,98.9,0.0,4.9
2025-11-16 04:00:00,44.9,78.0,0.0,2.8
2025-11-16 05:00:00,49.9,84.6,0.0,8.7
2025-11-16 06:00:00,45.8,94.6,0.0,9.6
2025-11-16 07:00:00,47.7,82.3,0.0,2.4
2025-11-16 08:00:00,52.6,82.5,0.0,10.9
2025-11-16 09:00:00,56.8,82.9,0.0,4.0
2025-11-16 10:00:00,57.2,82.0,0.0,3.7
2025-11-16 11:00:00,62.9,85.7,0.0,7.4
2025-11-16 12:00:00,63.7,79.7,0.0,7.7
2025-11-16 13:00:00,65.2,83.3,0.0,5.8
2025-11-16 14:00:00,65.5,74.7,0.0,5.0
2025-11-16 15:00:00,70.3,70.1,0.0,9.5
2025-11-16 16:00:00,63.6,76.4,0.0,4.1
2025-11-16 17:00:00,58.1,74.7,0.0,5.8
2025-11-16 18:00:00,65.6,78.8,0.0,11.1
2025-11-16 19:00:00,58.4,78.4,0.0,2.0
2025-11-16 20:00:00,57.5,77.5,0.0,4.6
2025-11-16 21:00:00,57.9,83.1,0.0,9.1
2025-11-16 22:00:00,48.1,80.3,0.0,7.6
2025-11-16 23:00:00,46.6,90.7,0.0,8.7
2025-11-17 00:00:00,43.5,86.2,0.0,2.0
2025-11-17 01:00:00,44.0,94.1,0.0,7.0
2025-11-17 02:00:00,46.1,85.2,0.0,5.1
2025-11-17 03:00:00,46.0,90.4,0.0,12.8
2025-11-17 04:00:00,45.7,88.3,0.0,8.4
2025-11-17 05:00:00,42.5,92.9,0.0,5.9
2025-11-17 06:00:00,41.8,90.1,0.0,6.9
2025-11-17 07:00:00,49.7,76.9,0.0,6.2
2025-11-17 08:00:00,50.7,89.6,0.0,8.1
2025-11-17 09:00:00,55.6,81.5,0.0,3.4
2025-11-17 10:00:00,58.7,84.2,0.0,10.1
2025-11-17 11:00:00,59.6,83.2,0.0,2.0
2025-11-17 12:00:00,63.2,73.9,0.0,6.6
2025-11-17 13:00:00,63.4,73.0,0.0,3.5
2025-11-17 14:00:00,65.1,79.9,0.033,6.1
2025-11-17 15:00:00,62.4,76.7,0.0,9.0
2025-11-17 16:00:00,63.4,82.3,0.0,0.9
2025-11-17 17:00:00,63.3,76.8,0.0,5.5
2025-11-17 18:00:00,63.4,82.8,0.0,1.7
2025-11-17 19:00:00,58.3,82.6,0.0,5.2
2025-11-17 20:00:00,58.2,81.9,0.0,1.7
2025-11-17 21:00:00,53.8,81.1,0.0,6.5
2025-11-17 22:00:00,51.6,85.3,0.0,4.7
2025-11-17 23:00:00,51.6,90.1,0.0,8.2
2025-11-18 00:00:00,42.4,88.9,0.0,9.7
2025-11-18 01:00:00,42.6,91.7,0.0,6.0
2025-11-18 02:00:00,41.2,90.1,0.0,8.7
2025-11-18 03:00:00,38.7,91.8,0.0,10.1
2025-11-18 04:00:00,43.2,97.4,0.0,3.2
2025-11-18 05:00:00,47.7,92.3,0.0,10.3
2025-11-18 06:00:00,46.7,87.2,0.0,5.9
2025-11-18 07:00:00,49.9,86.1,0.0,3.1
2025-11-18 08:00:00,54.4,79.1,0.0,6.9
2025-11-18 09:00:00,57.5,80.0,0.0,5.8
2025-11-18 10:00:00,56.5,83.0,0.0,1.8
2025-11-18 11:00:00,62.4,82.4,0.0,2.7
2025-11-18 12:00:00,61.3,82.6,0.0,10.9
2025-11-18 13:00:00,60.5,73.7,0.0,6.8
2025-11-18 14:00:00,62.0,83.3,0.0,10.4
2025-11-18 15:00:00,60.2,79.0,0.0,4.8
2025-11-18 16:00:00,61.3,73.8,0.0,3.6
2025-11-18 17:00:00,61.7,85.3,0.0,1.0
2025-11-18 18:00:00,63.0,85.1,0.0,8.9
2025-11-18 19:00:00,63.3,79.0,0.0,7.2
2025-11-18 20:00:00,53.2,86.8,0.0,4.8
2025-11-18 21:00:00,55.2,86.0,0.0,3.6
2025-11-18 22:00:00,49.1,92.5,0.0,9.4
2025-11-18 23:00:00,50.6,88.3,0.0,5.5
2025-11-19 00:00:00,46.9,80.1,0.0,5.5
2025-11-19 01:00:00,41.1,99.9,0.0,4.2
2025-11-19 02:00:00,47.0,92.0,0.0,4.8
2025-11-19 03:00:00,42.9,86.4,0.0,7.7
2025-11-19 04:00:00,43.4,83.5,0.0,1.8
2025-11-19 05:00:00,43.0,91.4,0.0,6.2
2025-11-19 06:00:00,45.6,86.0,0.0,8.9
2025-11-19 07:00:00,50.3,86.5,0.0,5.7
2025-11-19 08:00:00,51.0,88.2,0.0,9.2
2025-11-19 09:00:00,54.8,79.5,0.0,10.0
2025-11-19 10:00:00,57.4,75.4,0.0,8.7
2025-11-19 11:00:00,62.1,80.3,0.0,4.4
2025-11-19 12:00:00,59.9,76.9,0.0,5.9
2025-11-19 13:00:00,58.6,81.0,0.0,7.0
2025-11-19 14:00:00,65.9,69.5,0.0,4.6
2025-11-19 15:00:00,62.7,76.7,0.0,4.5
2025-11-19 16:00:00,66.0,79.8,0.0,4.3
2025-11-19 17:00:00,63.2,80.8,0.0,13.6
2025-11-19 18:00:00,60.4,75.3,0.0,5.2
2025-11-19 19:00:00,59.6,73.9,0.0,9.2
2025-11-19 20:00:00,61.3,78.8,0.0,3.4
2025-11-19 21:00:00,59.2,82.8,0.0,11.1
2025-11-19 22:00:00,51.7,86.1,0.0,4.9
2025-11-19 23:00:00,49.6,82.7,0.0,6.2
2025-11-20 00:00:00,49.7,86.6,0.0,0.5
2025-11-20 01:00:00,43.4,96.1,0.0,9.3
2025-11-20 02:00:00,45.4,88.5,0.0,10.0
2025-11-20 03:00:00,44.2,80.0,0.0,2.4
2025-11-20 04:00:00,45.4,88.6,0.0,9.5
2025-11-20 05:00:00,43.4,98.8,0.0,2.0
2025-11-20 06:00:00,43.1,82.4,0.0,7.9
2025-11-20 07:00:00,43.8,88.5,0.0,5.1
2025-11-20 08:00:00,48.5,84.7,0.0,10.0
2025-11-20 09:00:00,52.6,84.0,0.0,6.7
2025-11-20 10:00:00,55.5,83.0,0.0,8.8
2025-11-20 11:00:00,63.4,83.4,0.0,9.7
2025-11-20 12:00:00,63.2,78.1,0.0,5.1
2025-11-20 13:00:00,59.6,86.1,0.0,5.9
2025-11-20 14:00:00,63.8,76.8,0.0,2.7
2025-11-20 15:00:00,62.3,76.5,0.0,5.1
2025-11-20 16:00:00,62.2,74.9,0.0,11.8
2025-11-20 17:00:00,62.5,69.1,0.0,8.3
2025-11-20 18:00:00,62.0,79.8,0.0,2.9
2025-11-20 19:00:00,57.7,91.1,0.0,10.9
2025-11-20 20:00:00,58.9,82.4,0.0,7.2
2025-11-20 21:00:00,50.9,87.9,0.0,8.5
2025-11-20 22:00:00,51.3,82.2,0.0,7.5
2025-11-20 23:00:00,55.5,80.8,0.0,7.3
2025-11-21 00:00:00,47.4,91.3,0.0,0.0
2025-11-21 01:00:00,49.0,95.6,0.0,9.3
2025-11-21 02:00:00,44.7,95.4,0.0,0.0
2025-11-21 03:00:00,45.6,91.5,0.0,9.0
2025-11-21 04:00:00,44.3,88.3,0.0,6.3
2025-11-21 05:00:00,45.0,88.8,0.0,8.5
2025-11-21 06:00:00,44.9,84.0,0.0,6.5
2025-11-21 07:00:00,49.9,77.8,0.0,9.1
2025-11-21 08:00:00,49.0,79.9,0.0,6.0
2025-11-21 09:00:00,55.2,82.4,0.0,6.8
2025-11-21 10:00:00,58.7,78.8,0.0,7.2
2025-11-21 11:00:00,59.2,72.6,0.0,11.6
2025-11-21 12:00:00,59.5,79.6,0.077,7.8
2025-11-21 13:00:00,62.9,76.3,0.0,2.0
2025-11-21 14:00:00,61.9,72.6,0.0,4.3
2025-11-21 15:00:00,65.3,74.7,0.0,7.8
2025-11-21 16:00:00,58.1,79.0,0.0,9.8
2025-11-21 17:00:00,60.9,75.9,0.0,3.8
2025-11-21 18:00:00,55.2,86.8,0.0,12.7
2025-11-21 19:00:00,54.5,73.0,0.0,6.5
2025-11-21 20:00:00,59.4,69.9,0.0,7.3
2025-11-21 21:00:00,55.8,81.8,0.0,2.2
2025-11-21 22:00:00,49.3,85.9,0.0,9.3
2025-11-21 23:00:00,45.1,89.7,0.0,4.7
2025-11-22 00:00:00,39.3,88.2,0.0,3.8
2025-11-22 01:00:00,43.9,83.8,0.0,5.0
2025-11-22 02:00:00,50.3,84.8,0.0,10.1
2025-11-22 03:00:00,45.1,85.5,0.0,7.4
2025-11-22 04:00:00,42.9,96.7,0.0,3.3
2025-11-22 05:00:00,46.4,85.4,0.0,4.4
2025-11-22 06:00:00,42.8,88.7,0.0,10.2
2025-11-22 07:00:00,47.9,98.5,0.0,5.3
2025-11-22 08:00:00,51.2,83.4,0.0,7.7
2025-11-22 09:00:00,53.1,86.1,0.0,8.4
2025-11-22 10:00:00,57.7,84.0,0.0,0.0
2025-11-22 11:00:00,58.9,83.8,0.0,9.8
2025-11-22 12:00:00,61.6,80.1,0.0,3.4
2025-11-22 13:00:00,59.7,80.6,0.0,4.9
2025-11-22 14:00:00,64.6,77.5,0.0,10.6
2025-11-22 15:00:00,66.8,72.9,0.0,10.3
2025-11-22 16:00:00,59.9,81.2,0.0,7.5
2025-11-22 17:00:00,59.2,90.1,0.0,8.2
2025-11-22 18:00:00,63.3,83.7,0.0,8.9
2025-11-22 19:00:00,57.5,82.4,0.0,10.3
2025-11-22 20:00:00,59.3,84.2,0.0,10.7
2025-11-22 21:00:00,52.2,79.4,0.0,6.3
2025-11-22 22:00:00,54.6,81.2,0.0,3.8
2025-11-22 23:00:00,49.0,90.3,0.0,5.2
2025-11-23 00:00:00,47.2,94.0,0.0,6.4
2025-11-23 01:00:00,49.0,81.7,0.0,5.8
2025-11-23 02:00:00,43.3,86.3,0.0,3.0
2025-11-23 03:00:00,41.5,100.0,0.0,7.3
2025-11-23 04:00:00,43.0,89.3,0.0,1.3
2025-11-23 05:00:00,46.2,96.2,0.0,6.3
2025-11-23 06:00:00,42.6,90.1,0.0,6.4
2025-11-23 07:00:00,50.1,86.2,0.0,6.3
2025-11-23 08:00:00,49.4,83.8,0.0,8.6
2025-11-23 09:00:00,56.0,86.4,0.0,8.2
2025-11-23 10:00:00,49.5,92.0,0.0,12.7
2025-11-23 11:00:00,55.8,76.6,0.0,4.4
2025-11-23 12:00:00,55.5,80.2,0.0,6.8
2025-11-23 13:00:00,59.1,84.6,0.0,6.6
2025-11-23 14:00:00,62.7,77.4,0.0,6.5
2025-11-23 15:00:00,62.0,76.0,0.0,2.2
2025-11-23 16:00:00,61.5,83.7,0.0,2.4
2025-11-23 17:00:00,60.8,84.6,0.0,6.0
2025-11-23 18:00:00,60.2,77.1,0.0,1.3
2025-11-23 19:00:00,55.2,83.2,0.0,5.0
2025-11-23 20:00:00,57.3,74.9,0.0,4.1
2025-11-23 21:00:00,54.8,77.9,0.0,5.1
2025-11-23 22:00:00,51.7,84.7,0.0,9.4
2025-11-23 23:00:00,49.9,85.2,0.0,2.8
2025-11-24 00:00:00,47.1,81.7,0.0,8.6
2025-11-24 01:00:00,50.0,81.4,0.0,4.3
2025-11-24 02:00:00,43.8,83.1,0.0,4.7
2025-11-24 03:00:00,42.9,91.2,0.0,7.4
2025-11-24 04:00:00,42.1,79.5,0.0,5.2
2025-11-24 05:00:00,42.4,84.1,0.0,3.3
2025-11-24 06:00:00,43.3,79.4,0.0,4.9
2025-11-24 07:00:00,46.1,89.2,0.0,0.7
2025-11-24 08:00:00,50.4,75.8,0.0,7.1
2025-11-24 09:00:00,53.8,83.1,0.0,0.0
2025-11-24 10:00:00,55.4,90.2,0.0,8.7
2025-11-24 11:00:00,55.6,90.3,0.0,7.8
2025-11-24 12:00:00,61.7,69.5,0.0,10.8
2025-11-24 13:00:00,62.7,79.5,0.0,12.5
2025-11-24 14:00:00,61.4,73.8,0.0,8.8
2025-11-24 15:00:00,60.5,73.3,0.0,4.1
2025-11-24 16:00:00,63.2,77.2,0.0,12.5
2025-11-24 17:00:00,61.4,84.9,0.0,2.4
2025-11-24 18:00:00,55.8,84.8,0.0,0.3
2025-11-24 19:00:00,57.4,77.4,0.0,11.6
2025-11-24 20:00:00,56.0,85.2,0.0,7.8
2025-11-24 21:00:00,50.7,73.4,0.0,0.4
2025-11-24 22:00:00,51.0,80.7,0.0,1.9
2025-11-24 23:00:00,44.7,83.8,0.0,7.7
2025-11-25 00:00:00,49.6,85.6,0.0,3.4
2025-11-25 01:00:00,47.9,85.1,0.0,3.8
2025-11-25 02:00:00,43.2,88.0,0.0,11.9
2025-11-25 03:00:00,44.5,87.2,0.0,12.4
2025-11-25 04:00:00,37.9,91.8,0.0,6.4
2025-11-25 05:00:00,41.9,92.2,0.0,5.5
2025-11-25 06:00:00,45.5,88.2,0.0,8.7
2025-11-25 07:00:00,45.5,86.1,0.0,4.3
2025-11-25 08:00:00,52.1,85.8,0.0,0.0
2025-11-25 09:00:00,57.7,84.9,0.0,0.0
2025-11-25 10:00:00,52.1,81.0,0.0,5.8
2025-11-25 11:00:00,55.2,81.8,0.0,8.6
2025-11-25 12:00:00,59.8,85.4,0.0,6.0
2025-11-25 13:00:00,64.7,71.4,0.0,8.4
2025-11-25 14:00:00,58.5,89.4,0.0,8.7
2025-11-25 15:00:00,62.5,71.4,0.0,10.2
2025-11-25 16:00:00,66.1,74.4,0.0,6.6
2025-11-25 17:00:00,56.5,76.7,0.0,6.8
2025-11-25 18:00:00,56.0,92.7,0.0,5.9
2025-11-25 19:00:00,56.2,79.1,0.0,5.2
2025-11-25 20:00:00,53.8,80.4,0.0,1.3
2025-11-25 21:00:00,54.7,80.5,0.0,9.5
2025-11-25 22:00:00,50.9,85.0,0.0,4.8
2025-11-25 23:00:00,43.7,86.8,0.0,4.7
2025-11-26 00:00:00,47.4,85.8,0.0,4.4
2025-11-26 01:00:00,43.2,71.1,0.0,2.0
2025-11-26 02:00:00,46.9,87.0,0.0,5.7
2025-11-26 03:00:00,41.9,89.6,0.0,7.5
2025-11-26 04:00:00,42.2,94.5,0.0,3.9
2025-11-26 05:00:00,46.0,93.7,0.0,9.1
2025-11-26 06:00:00,48.0,85.2,0.0,4.9
2025-11-26 07:00:00,49.1,89.6,0.0,1.4
2025-11-26 08:00:00,45.9,81.7,0.0,10.1
2025-11-26 09:00:00,53.9,86.7,0.0,6.6
2025-11-26 10:00:00,52.3,80.9,0.0,8.6
2025-11-26 11:00:00,57.6,74.9,0.0,8.7
2025-11-26 12:00:00,55.4,81.1,0.0,3.2
2025-11-26 13:00:00,61.5,85.7,0.0,4.4
2025-11-26 14:00:00,59.3,80.8,0.0,9.1
2025-11-26 15:00:00,58.4,87.9,0.0,11.5
2025-11-26 16:00:00,63.1,74.1,0.0,6.2
2025-11-26 17:00:00,61.0,84.2,0.0,4.1
2025-11-26 18:00:00,57.4,77.7,0.0,11.0
2025-11-26 19:00:00,60.7,80.3,0.0,4.1
2025-11-26 20:00:00,53.8,84.0,0.0,7.0
2025-11-26 21:00:00,52.6,86.9,0.0,4.7
2025-11-26 22:00:00,50.8,85.8,0.0,6.8
2025-11-26 23:00:00,46.4,83.3,0.0,3.2
2025-11-27 00:00:00,47.1,91.0,0.0,4.9
2025-11-27 01:00:00,43.2,97.4,0.0,4.1
2025-11-27 02:00:00,42.6,86.2,0.0,8.0
2025-11-27 03:00:00,46.7,77.6,0.0,6.5
2025-11-27 04:00:00,41.0,92.4,0.0,8.6
2025-11-27 05:00:00,38.5,89.7,0.0,3.5
2025-11-27 06:00:00,50.0,84.4,0.0,5.4
2025-11-27 07:00:00,54.2,85.5,0.0,7.9
2025-11-27 08:00:00,49.0,83.3,0.0,8.6
2025-11-27 09:00:00,47.5,85.1,0.0,1.7
2025-11-27 10:00:00,53.9,82.4,0.0,7.0
2025-11-27 11:00:00,56.1,89.0,0.0,3.6
2025-11-27 12:00:00,58.2,80.6,0.0,8.7
2025-11-27 13:00:00,57.3,74.8,0.0,11.6
2025-11-27 14:00:00,62.5,72.2,0.0,0.0
2025-11-27 15:00:00,62.6,78.8,0.0,4.0
2025-11-27 16:00:00,57.3,75.4,0.0,6.8
2025-11-27 17:00:00,61.9,70.7,0.0,6.0
2025-11-27 18:00:00,63.8,80.6,0.0,8.8
2025-11-27 19:00:00,57.2,84.4,0.0,6.2
2025-11-27 20:00:00,53.8,81.1,0.0,4.4
2025-11-27 21:00:00,52.0,85.4,0.0,2.9
2025-11-27 22:00:00,51.5,85.1,0.0,2.4
2025-11-27 23:00:00,43.5,91.6,0.0,3.8
2025-11-28 00:00:00,46.2,90.1,0.0,4.3
2025-11-28 01:00:00,43.4,75.6,0.0,7.2
2025-11-28 02:00:00,48.1,84.8,0.0,5.5
2025-11-28 03:00:00,42.7,91.6,0.0,4.0
2025-11-28 04:00:00,47.6,84.2,0.0,3.0
2025-11-28 05:00:00,41.6,89.8,0.0,3.9
2025-11-28 06:00:00,47.3,90.3,0.0,4.3
2025-11-28 07:00:00,48.4,86.3,0.0,3.8
2025-11-28 08:00:00,47.6,93.8,0.0,8.0
2025-11-28 09:00:00,52.6,89.2,0.0,10.1
2025-11-28 10:00:00,57.5,80.3,0.0,2.5
2025-11-28 11:00:00,55.8,80.8,0.0,9.4
2025-11-28 12:00:00,54.2,68.4,0.0,8.1
2025-11-28 13:00:00,59.8,78.0,0.0,6.5
2025-11-28 14:00:00,58.5,73.6,0.0,10.6
2025-11-28 15:00:00,60.2,80.5,0.0,5.5
2025-11-28 16:00:00,60.5,80.0,0.0,7.2
2025-11-28 17:00:00,55.6,85.4,0.0,6.4
2025-11-28 18:00:00,54.4,89.6,0.0,6.1
2025-11-28 19:00:00,57.8,80.6,0.0,7.4
2025-11-28 20:00:00,53.1,94.7,0.0,6.1
2025-11-28 21:00:00,45.7,88.5,0.0,7.4
2025-11-28 22:00:00,51.8,77.5,0.0,4.0
2025-11-28 23:00:00,48.3,83.1,0.0,4.1
2025-11-29 00:00:00,43.9,86.5,0.0,4.0
2025-11-29 01:00:00,40.9,92.9,0.0,4.9
2025-11-29 02:00:00,45.4,82.8,0.0,9.0
2025-11-29 03:00:00,43.9,86.9,0.0,4.6
2025-11-29 04:00:00,49.3,84.6,0.0,8.0
2025-11-29 05:00:00,45.3,85.4,0.0,6.8
2025-11-29 06:00:00,46.6,90.9,0.0,4.7
2025-11-29 07:00:00,47.1,89.8,0.0,9.9
2025-11-29 08:00:00,51.7,89.9,0.0,8.2
2025-11-29 09:00:00,53.5,81.4,0.105,6.0
2025-11-29 10:00:00,57.3,87.0,0.0,5.8
2025-11-29 11:00:00,55.0,75.4,0.0,6.3
2025-11-29 12:00:00,57.1,74.2,0.0,1.4
2025-11-29 13:00:00,58.4,74.3,0.0,3.5
2025-11-29 14:00:00,62.5,78.2,0.0,7.4
2025-11-29 15:00:00,64.5,83.0,0.0,1.3
2025-11-29 16:00:00,59.3,76.9,0.0,3.8
2025-11-29 17:00:00,58.5,77.9,0.0,4.8
2025-11-29 18:00:00,59.0,79.0,0.0,14.7
2025-11-29 19:00:00,55.7,84.7,0.0,8.0
2025-11-29 20:00:00,56.6,79.0,0.0,9.3
2025-11-29 21:00:00,46.3,84.4,0.0,3.6
2025-11-29 22:00:00,47.6,79.6,0.0,7.1
2025-11-29 23:00:00,45.5,84.6,0.0,0.7
2025-11-30 00:00:00,39.7,96.6,0.0,5.0
2025-11-30 01:00:00,41.7,90.0,0.0,7.5
2025-11-30 02:00:00,40.9,86.3,0.0,1.7
2025-11-30 03:00:00,42.4,95.4,0.0,7.2
2025-11-30 04:00:00,46.0,84.3,0.0,7.4
2025-11-30 05:00:00,43.5,95.7,0.0,4.2
2025-11-30 06:00:00,42.9,95.9,0.0,3.5
2025-11-30 07:00:00,47.2,86.8,0.0,3.9
2025-11-30 08:00:00,52.1,76.4,0.0,5.0
2025-11-30 09:00:00,49.3,96.8,0.0,5.0
2025-11-30 10:00:00,51.7,86.0,0.0,7.5
2025-11-30 11:00:00,57.5,79.2,0.0,4.4
2025-11-30 12:00:00,57.4,85.7,0.0,10.8
2025-11-30 13:00:00,61.0,82.5,0.0,10.8
2025-11-30 14:00:00,60.2,86.0,0.0,6.7
2025-11-30 15:00:00,62.3,74.9,0.0,5.0
2025-11-30 16:00:00,57.6,82.4,0.0,4.4
2025-11-30 17:00:00,59.3,74.0,0.0,7.0
2025-11-30 18:00:00,57.4,84.3,0.0,7.5
2025-11-30 19:00:00,53.1,83.2,0.0,5.4
2025-11-30 20:00:00,50.1,86.4,0.0,4.8
2025-11-30 21:00:00,53.4,82.4,0.0,7.1
2025-11-30 22:00:00,48.6,84.5,0.0,6.2
2025-11-30 23:00:00,44.8,83.5,0.0,4.3
2025-12-01 00:00:00,45.1,91.6,0.0,6.3
2025-12-01 01:00:00,46.8,94.2,0.0,4.2
2025-12-01 02:00:00,37.4,89.2,0.0,3.7
2025-12-01 03:00:00,39.1,93.8,0.0,6.0
2025-12-01 04:00:00,40.8,92.2,0.0,4.3
2025-12-01 05:00:00,47.6,86.4,0.0,3.8
2025-12-01 06:00:00,46.1,79.5,0.0,9.1
2025-12-01 07:00:00,49.1,79.0,0.0,4.8
2025-12-01 08:00:00,46.4,83.1,0.0,11.5
2025-12-01 09:00:00,48.7,75.0,0.0,7.9
2025-12-01 10:00:00,54.9,89.3,0.0,3.5
2025-12-01 11:00:00,56.0,83.5,0.0,9.5
2025-12-01 12:00:00,59.1,79.9,0.0,3.9
2025-12-01 13:00:00,58.6,69.3,0.0,11.9
2025-12-01 14:00:00,60.7,70.0,0.0,6.7
2025-12-01 15:00:00,60.7,79.1,0.0,7.6
2025-12-01 16:00:00,61.9,88.3,0.0,6.1
2025-12-01 17:00:00,61.1,75.4,0.0,6.8
2025-12-01 18:00:00,53.7,87.3,0.0,5.3
2025-12-01 19:00:00,50.3,82.4,0.0,3.2
2025-12-01 20:00:00,56.3,81.8,0.0,7.0
2025-12-01 21:00:00,54.5,88.6,0.0,9.1
2025-12-01 22:00:00,46.7,85.1,0.0,2.4
2025-12-01 23:00:00,42.5,85.7,0.0,10.6
2025-12-02 00:00:00,45.5,94.6,0.0,7.8
2025-12-02 01:00:00,46.2,87.3,0.0,4.7
2025-12-02 02:00:00,47.5,91.9,0.0,4.6
2025-12-02 03:00:00,44.0,84.9,0.0,11.6
2025-12-02 04:00:00,42.0,96.4,0.0,8.8
2025-12-02 05:00:00,41.6,91.0,0.0,9.4
2025-12-02 06:00:00,45.2,89.8,0.0,5.2
2025-12-02 07:00:00,46.3,87.7,0.0,7.7
2025-12-02 08:00:00,46.6,84.4,0.0,7.0
2025-12-02 09:00:00,56.5,81.4,0.0,5.5
2025-12-02 10:00:00,58.0,78.4,0.0,6.3
2025-12-02 11:00:00,58.5,85.1,0.0,9.3
2025-12-02 12:00:00,55.2,81.1,0.0,10.8
2025-12-02 13:00:00,61.0,71.5,0.0,5.2
2025-12-02 14:00:00,61.3,70.4,0.0,2.1
2025-12-02 15:00:00,61.1,70.3,0.0,10.9
2025-12-02 16:00:00,62.8,81.0,0.0,11.0
2025-12-02 17:00:00,60.4,73.5,0.0,7.2
2025-12-02 18:00:00,59.3,81.4,0.0,11.4
2025-12-02 19:00:00,57.3,81.7,0.0,7.0
2025-12-02 20:00:00,54.4,82.2,0.0,3.3
2025-12-02 21:00:00,46.9,88.9,0.0,2.1
2025-12-02 22:00:00,49.3,86.2,0.0,2.0
2025-12-02 23:00:00,45.6,73.9,0.0,6.0
2025-12-03 00:00:00,41.9,87.9,0.0,4.6
2025-12-03 01:00:00,47.9,88.3,0.0,4.3
2025-12-03 02:00:00,47.2,94.8,0.0,5.7
2025-12-03 03:00:00,45.9,95.7,0.0,8.6
2025-12-03 04:00:00,43.5,81.8,0.0,4.4
2025-12-03 05:00:00,47.1,84.9,0.0,3.9
2025-12-03 06:00:00,45.1,79.9,0.0,4.6
2025-12-03 07:00:00,47.4,94.1,0.0,8.8
2025-12-03 08:00:00,46.2,92.2,0.0,5.8
2025-12-03 09:00:00,52.1,85.6,0.0,6.8
2025-12-03 10:00:00,53.5,83.9,0.0,10.7
2025-12-03 11:00:00,52.2,90.7,0.0,14.5
2025-12-03 12:00:00,57.1,87.1,0.0,7.9
2025-12-03 13:00:00,58.4,86.2,0.0,7.6
2025-12-03 14:00:00,64.0,79.6,0.0,2.4
2025-12-03 15:00:00,62.0,76.7,0.0,7.1
2025-12-03 16:00:00,59.5,83.6,0.0,6.2
2025-12-03 17:00:00,59.2,84.0,0.0,8.7
2025-12-03 18:00:00,57.4,80.0,0.0,4.8
2025-12-03 19:00:00,55.0,80.5,0.0,6.6
2025-12-03 20:00:00,50.7,90.3,0.0,7.8
2025-12-03 21:00:00,50.8,92.9,0.0,11.7
2025-12-03 22:00:00,47.1,82.9,0.0,10.7
2025-12-03 23:00:00,43.7,87.1,0.0,9.8
2025-12-04 00:00:00,46.2,88.8,0.0,8.2
2025-12-04 01:00:00,44.6,90.4,0.0,4.7
2025-12-04 02:00:00,38.3,88.8,0.0,8.2
2025-12-04 03:00:00,42.1,98.7,0.0,3.7
2025-12-04 04:00:00,45.2,89.7,0.0,5.4
2025-12-04 05:00:00,46.2,89.7,0.0,11.3
2025-12-04 06:00:00,47.5,95.2,0.0,7.6
2025-12-04 07:00:00,46.8,84.5,0.0,6.7
2025-12-04 08:00:00,46.7,86.4,0.0,7.1
2025-12-04 09:00:00,48.3,79.7,0.0,5.7
2025-12-04 10:00:00,54.0,81.9,0.0,0.0
2025-12-04 11:00:00,56.2,74.1,0.0,2.2
2025-12-04 12:00:00,60.2,83.1,0.0,7.9
2025-12-04 13:00:00,61.1,81.0,0.0,3.2
2025-12-04 14:00:00,58.9,78.7,0.0,5.7
2025-12-04 15:00:00,56.4,81.0,0.0,2.3
2025-12-04 16:00:00,58.4,84.2,0.0,3.8
2025-12-04 17:00:00,58.9,74.4,0.0,6.0
2025-12-04 18:00:00,56.5,82.4,0.0,8.8
2025-12-04 19:00:00,53.8,86.4,0.0,9.4
2025-12-04 20:00:00,53.8,74.0,0.0,3.8
2025-12-04 21:00:00,49.7,88.6,0.0,6.9
2025-12-04 22:00:00,47.2,78.2,0.0,1.7
2025-12-04 23:00:00,47.5,85.8,0.0,6.2
2025-12-05 00:00:00,43.8,82.6,0.0,8.9
2025-12-05 01:00:00,44.1,95.4,0.0,5.8
2025-12-05 02:00:00,43.3,82.9,0.0,9.9
2025-12-05 03:00:00,39.5,82.5,0.0,8.5
2025-12-05 04:00:00,41.4,90.4,0.0,6.7
2025-12-05 05:00:00,47.0,84.6,0.0,5.3
2025-12-05 06:00:00,41.9,81.9,0.0,4.4
2025-12-05 07:00:00,41.3,92.4,0.0,1.6
2025-12-05 08:00:00,43.9,78.4,0.0,2.1
2025-12-05 09:00:00,50.9,79.3,0.0,9.0
2025-12-05 10:00:00,53.1,80.4,0.0,10.5
2025-12-05 11:00:00,54.7,86.4,0.0,2.8
2025-12-05 12:00:00,59.8,86.1,0.0,6.2
2025-12-05 13:00:00,51.5,89.7,0.0,1.3
2025-12-05 14:00:00,60.0,78.7,0.0,3.1
2025-12-05 15:00:00,63.2,65.6,0.0,6.8
2025-12-05 16:00:00,56.2,83.6,0.0,4.4
2025-12-05 17:00:00,57.2,88.4,0.0,0.3
2025-12-05 18:00:00,54.9,88.5,0.0,11.2
2025-12-05 19:00:00,52.8,85.8,0.0,5.9
2025-12-05 20:00:00,52.2,77.9,0.0,2.7
2025-12-05 21:00:00,54.4,80.0,0.0,6.4
2025-12-05 22:00:00,53.2,92.9,0.0,5.8
2025-12-05 23:00:00,45.7,80.3,0.0,7.3
2025-12-06 00:00:00,49.4,79.6,0.072,5.0
2025-12-06 01:00:00,43.4,93.3,0.0,6.9
2025-12-06 02:00:00,46.9,84.6,0.0,8.8
2025-12-06 03:00:00,42.0,83.5,0.0,2.0
2025-12-06 04:00:00,42.8,96.6,0.0,3.9
2025-12-06 05:00:00,44.2,90.5,0.0,8.5
2025-12-06 06:00:00,52.6,81.7,0.0,4.3
2025-12-06 07:00:00,48.5,80.1,0.0,5.8
2025-12-06 08:00:00,46.7,97.1,0.0,4.6
2025-12-06 09:00:00,53.0,83.2,0.0,4.8
2025-12-06 10:00:00,51.9,90.9,0.0,4.5
2025-12-06 11:00:00,53.6,87.5,0.0,2.2
2025-12-06 12:00:00,58.8,77.5,0.0,7.4
2025-12-06 13:00:00,58.0,78.0,0.0,9.2
2025-12-06 14:00:00,59.5,87.0,0.0,5.5
2025-12-06 15:00:00,59.1,87.3,0.0,8.8
2025-12-06 16:00:00,59.6,70.3,0.0,4.5
2025-12-06 17:00:00,59.0,82.8,0.088,4.3
2025-12-06 18:00:00,51.7,83.4,0.0,7.2
2025-12-06 19:00:00,56.5,76.3,0.0,7.3
2025-12-06 20:00:00,50.3,86.1,0.0,5.7
2025-12-06 21:00:00,47.0,79.9,0.0,8.0
2025-12-06 22:00:00,48.3,83.6,0.0,2.1
2025-12-06 23:00:00,46.6,82.9,0.0,5.1
2025-12-07 00:00:00,42.8,86.5,0.0,8.9
2025-12-07 01:00:00,45.3,87.2,0.0,8.9
2025-12-07 02:00:00,39.0,86.0,0.0,8.5
2025-12-07 03:00:00,41.1,97.8,0.0,9.1
2025-12-07 04:00:00,40.9,92.5,0.0,4.9
2025-12-07 05:00:00,43.1,97.8,0.0,0.9
2025-12-07 06:00:00,45.2,86.8,0.0,5.2
2025-12-07 07:00:00,43.7,85.7,0.0,7.9
2025-12-07 08:00:00,50.1,93.7,0.0,8.4
2025-12-07 09:00:00,50.6,81.8,0.0,4.4
2025-12-07 10:00:00,47.9,85.3,0.0,3.1
2025-12-07 11:00:00,49.7,88.7,0.0,3.4
2025-12-07 12:00:00,56.3,75.3,0.0,4.4
2025-12-07 13:00:00,57.1,84.6,0.0,0.3
2025-12-07 14:00:00,58.3,83.4,0.0,4.4
2025-12-07 15:00:00,58.7,86.5,0.0,6.1
2025-12-07 16:00:00,59.1,84.5,0.0,5.7
2025-12-07 17:00:00,60.1,86.0,0.0,5.0
2025-12-07 18:00:00,53.6,82.5,0.0,3.9
2025-12-07 19:00:00,51.7,79.8,0.0,4.3
2025-12-07 20:00:00,49.9,95.6,0.0,4.3
2025-12-07 21:00:00,51.2,76.7,0.0,8.1
2025-12-07 22:00:00,51.4,77.1,0.0,6.0
2025-12-07 23:00:00,45.2,90.5,0.0,15.5
2025-12-08 00:00:00,38.2,99.6,0.0,5.0
2025-12-08 01:00:00,38.8,92.1,0.0,7.3
2025-12-08 02:00:00,40.2,95.4,0.0,5.1
2025-12-08 03:00:00,40.6,80.2,0.0,5.0
2025-12-08 04:00:00,41.2,87.3,0.0,10.7
2025-12-08 05:00:00,43.2,79.4,0.0,9.0
2025-12-08 06:00:00,43.6,92.4,0.0,0.7
2025-12-08 07:00:00,48.8,78.0,0.0,2.9
2025-12-08 08:00:00,46.4,80.6,0.0,5.6
2025-12-08 09:00:00,48.1,88.6,0.0,4.4
2025-12-08 10:00:00,53.6,88.3,0.0,1.5
2025-12-08 11:00:00,50.6,83.9,0.0,6.3
2025-12-08 12:00:00,57.1,83.9,0.0,0.4
2025-12-08 13:00:00,57.7,83.4,0.0,6.4
2025-12-08 14:00:00,57.9,79.6,0.0,8.2
2025-12-08 15:00:00,62.6,72.6,0.0,8.6
2025-12-08 16:00:00,56.7,84.1,0.0,5.6
2025-12-08 17:00:00,62.6,81.1,0.0,10.5
2025-12-08 18:00:00,55.6,86.4,0.0,7.0
2025-12-08 19:00:00,51.2,85.9,0.0,8.5
2025-12-08 20:00:00,52.6,77.7,0.0,3.8
2025-12-08 21:00:00,47.6,89.8,0.0,10.6
2025-12-08 22:00:00,46.3,87.1,0.0,6.0
2025-12-08 23:00:00,47.1,84.2,0.0,10.7
2025-12-09 00:00:00,45.7,85.9,0.0,10.1
2025-12-09 01:00:00,41.4,86.3,0.0,6.8
2025-12-09 02:00:00,44.6,92.4,0.0,7.2
2025-12-09 03:00:00,44.8,80.8,0.0,5.5
2025-12-09 04:00:00,45.7,82.4,0.0,3.5
2025-12-09 05:00:00,44.3,86.5,0.0,7.8
2025-12-09 06:00:00,47.7,94.3,0.037,7.6
2025-12-09 07:00:00,41.3,95.1,0.0,1.1
2025-12-09 08:00:00,47.2,78.3,0.0,5.8
2025-12-09 09:00:00,47.9,92.9,0.0,8.6
2025-12-09 10:00:00,52.5,90.3,0.0,10.4
2025-12-09 11:00:00,52.8,77.6,0.028,8.2
2025-12-09 12:00:00,55.5,69.4,0.0,1.4
2025-12-09 13:00:00,62.0,78.1,0.0,2.8
2025-12-09 14:00:00,57.7,86.4,0.0,5.0
2025-12-09 15:00:00,59.4,87.8,0.0,10.2
2025-12-09 16:00:00,57.5,76.5,0.0,4.2
2025-12-09 17:00:00,57.4,89.7,0.0,9.2
2025-12-09 18:00:00,56.0,70.6,0.0,4.1
2025-12-09 19:00:00,55.4,80.2,0.0,7.6
2025-12-09 20:00:00,55.2,80.1,0.0,3.2
2025-12-09 21:00:00,54.2,88.4,0.0,5.4
2025-12-09 22:00:00,48.8,92.2,0.0,2.6
2025-12-09 23:00:00,47.5,91.2,0.0,10.3
2025-12-10 00:00:00,41.3,83.0,0.0,3.9
2025-12-10 01:00:00,42.6,93.4,0.0,1.4
2025-12-10 02:00:00,44.4,90.6,0.0,1.1
2025-12-10 03:00:00,43.9,80.0,0.0,5.7
2025-12-10 04:00:00,42.6,78.8,0.0,4.6
2025-12-10 05:00:00,45.1,92.9,0.0,7.9
2025-12-10 06:00:00,45.4,86.6,0.0,5.3
2025-12-10 07:00:00,48.9,79.2,0.0,9.5
2025-12-10 08:00:00,48.6,84.8,0.0,4.8
2025-12-10 09:00:00,49.1,87.3,0.0,9.1
2025-12-10 10:00:00,52.9,83.0,0.0,3.1
2025-12-10 11:00:00,46.7,79.0,0.0,1.5
2025-12-10 12:00:00,56.7,90.7,0.0,3.5
2025-12-10 13:00:00,47.9,91.2,0.0,2.6
2025-12-10 14:00:00,53.6,81.4,0.0,2.3
2025-12-10 15:00:00,59.3,78.4,0.0,7.2
2025-12-10 16:00:00,59.1,81.8,0.0,5.2
2025-12-10 17:00:00,54.1,77.1,0.0,6.4
2025-12-10 18:00:00,54.0,84.4,0.0,7.6
2025-12-10 19:00:00,57.5,74.2,0.0,0.9
2025-12-10 20:00:00,50.9,84.2,0.0,7.7
2025-12-10 21:00:00,55.6,76.1,0.0,2.4
2025-12-10 22:00:00,47.8,80.6,0.0,4.3
2025-12-10 23:00:00,46.9,94.9,0.0,0.3
2025-12-11 00:00:00,48.1,86.4,0.0,8.0
2025-12-11 01:00:00,43.1,89.8,0.0,0.9
2025-12-11 02:00:00,39.4,80.8,0.0,2.4
2025-12-11 03:00:00,41.4,86.8,0.0,2.6
2025-12-11 04:00:00,41.8,91.8,0.0,5.6
2025-12-11 05:00:00,39.3,91.8,0.0,5.5
2025-12-11 06:00:00,43.4,77.9,0.0,8.4
2025-12-11 07:00:00,43.9,89.4,0.0,5.7
2025-12-11 08:00:00,50.0,86.8,0.0,8.9
2025-12-11 09:00:00,49.9,91.5,0.0,7.1
2025-12-11 10:00:00,51.2,81.1,0.001,3.2
2025-12-11 11:00:00,53.6,71.8,0.0,4.0
2025-12-11 12:00:00,56.1,76.7,0.0,10.5
2025-12-11 13:00:00,58.4,74.9,0.0,9.7
2025-12-11 14:00:00,55.1,85.9,0.0,8.5
2025-12-11 15:00:00,55.3,68.5,0.0,8.9
2025-12-11 16:00:00,60.4,77.0,0.0,7.4
2025-12-11 17:00:00,55.8,88.9,0.0,7.0
2025-12-11 18:00:00,52.0,83.9,0.0,6.1
2025-12-11 19:00:00,55.0,86.8,0.0,11.1
2025-12-11 20:00:00,53.1,75.1,0.0,4.6
2025-12-11 21:00:00,46.0,79.2,0.0,6.7
2025-12-11 22:00:00,48.3,93.1,0.0,0.9
2025-12-11 23:00:00,47.6,86.8,0.0,1.7
2025-12-12 00:00:00,44.9,88.3,0.0,11.4
2025-12-12 01:00:00,44.2,82.6,0.0,7.9
2025-12-12 02:00:00,38.3,91.9,0.127,5.4
2025-12-12 03:00:00,42.4,83.5,0.0,6.2
2025-12-12 04:00:00,41.1,95.8,0.0,1.9
2025-12-12 05:00:00,41.4,100.0,0.0,4.7
2025-12-12 06:00:00,46.1,89.6,0.0,1.6
2025-12-12 07:00:00,49.3,82.2,0.0,5.1
2025-12-12 08:00:00,52.0,71.2,0.0,8.0
2025-12-12 09:00:00,52.9,75.0,0.0,7.4
2025-12-12 10:00:00,51.4,92.0,0.0,10.8
2025-12-12 11:00:00,54.6,77.3,0.0,6.9
2025-12-12 12:00:00,57.3,79.2,0.0,0.0
2025-12-12 13:00:00,56.9,84.5,0.0,11.9
2025-12-12 14:00:00,57.8,88.1,0.0,3.5
2025-12-12 15:00:00,59.8,78.6,0.0,6.5
2025-12-12 16:00:00,57.3,79.0,0.0,6.3
2025-12-12 17:00:00,54.8,82.7,0.0,6.7
2025-12-12 18:00:00,54.3,79.5,0.0,6.1
2025-12-12 19:00:00,55.3,79.2,0.0,6.2
2025-12-12 20:00:00,51.7,86.1,0.0,2.0
2025-12-12 21:00:00,50.5,85.7,0.0,13.8
2025-12-12 22:00:00,49.2,96.1,0.0,8.0
2025-12-12 23:00:00,44.7,90.1,0.0,6.2
2025-12-13 00:00:00,45.7,93.1,0.0,11.5
2025-12-13 01:00:00,43.5,83.2,0.0,2.8
2025-12-13 02:00:00,38.6,93.9,0.0,8.6
2025-12-13 03:00:00,45.1,84.1,0.0,4.3
2025-12-13 04:00:00,40.5,92.2,0.0,7.2
2025-12-13 05:00:00,38.4,94.8,0.0,7.3
2025-12-13 06:00:00,41.2,90.1,0.0,0.0
2025-12-13 07:00:00,42.9,100.0,0.0,1.7
2025-12-13 08:00:00,47.5,93.5,0.0,10.8
2025-12-13 09:00:00,48.8,91.5,0.0,5.2
2025-12-13 10:00:00,50.7,88.4,0.0,12.0
2025-12-13 11:00:00,55.0,91.0,0.0,9.9
2025-12-13 12:00:00,56.0,74.5,0.0,5.3
2025-12-13 13:00:00,57.2,87.9,0.0,5.1
2025-12-13 14:00:00,58.3,75.5,0.0,10.9
2025-12-13 15:00:00,59.0,77.2,0.0,12.3
2025-12-13 16:00:00,52.0,86.7,0.0,5.1
2025-12-13 17:00:00,55.5,88.1,0.0,10.6
2025-12-13 18:00:00,49.7,79.4,0.0,9.1
2025-12-13 19:00:00,53.6,80.5,0.0,9.6
2025-12-13 20:00:00,51.5,84.6,0.0,6.3
2025-12-13 21:00:00,52.1,82.9,0.0,4.0
2025-12-13 22:00:00,50.4,89.1,0.0,2.8
2025-12-13 23:00:00,46.0,100.0,0.0,2.1
2025-12-14 00:00:00,42.4,91.3,0.0,11.7
2025-12-14 01:00:00,43.6,84.8,0.0,6.0
2025-12-14 02:00:00,40.3,83.8,0.0,2.6
2025-12-14 03:00:00,41.4,88.1,0.0,9.0
2025-12-14 04:00:00,44.1,83.5,0.0,4.6
2025-12-14 05:00:00,41.0,92.3,0.0,4.0
2025-12-14 06:00:00,45.7,89.6,0.0,12.2
2025-12-14 07:00:00,47.0,84.3,0.0,2.0
2025-12-14 08:00:00,44.9,97.7,0.0,6.7
2025-12-14 09:00:00,51.8,80.4,0.0,4.2
2025-12-14 10:00:00,53.1,82.7,0.0,3.7
2025-12-14 11:00:00,53.6,86.2,0.0,1.6
2025-12-14 12:00:00,53.1,87.8,0.0,6.2
2025-12-14 13:00:00,54.1,89.1,0.0,3.4
2025-12-14 14:00:00,55.7,84.0,0.0,7.8
2025-12-14 15:00:00,58.7,85.5,0.0,5.9
2025-12-14 16:00:00,54.6,79.1,0.0,5.1
2025-12-14 17:00:00,57.3,85.6,0.0,3.4
2025-12-14 18:00:00,51.9,88.5,0.0,10.3
2025-12-14 19:00:00,52.8,91.0,0.0,8.2
2025-12-14 20:00:00,51.7,75.7,0.0,4.0
2025-12-14 21:00:00,55.4,77.5,0.0,1.9
2025-12-14 22:00:00,43.8,92.5,0.0,0.3
2025-12-14 23:00:00,49.0,72.3,0.0,9.4
2025-12-15 00:00:00,44.0,90.8,0.0,8.7
2025-12-15 01:00:00,43.3,94.0,0.0,9.1
2025-12-15 02:00:00,41.8,86.6,0.0,5.6
2025-12-15 03:00:00,42.4,87.0,0.0,8.4
2025-12-15 04:00:00,41.1,84.5,0.0,9.1
2025-12-15 05:00:00,46.0,84.6,0.0,5.8
2025-12-15 06:00:00,42.4,86.7,0.0,4.9
2025-12-15 07:00:00,48.1,82.7,0.0,3.1
2025-12-15 08:00:00,45.5,83.8,0.0,7.3
2025-12-15 09:00:00,49.0,84.2,0.0,7.7
2025-12-15 10:00:00,48.6,84.4,0.0,4.8
2025-12-15 11:00:00,54.3,92.0,0.0,5.1
2025-12-15 12:00:00,58.4,78.4,0.0,5.3
2025-12-15 13:00:00,55.9,83.5,0.0,8.4
2025-12-15 14:00:00,56.3,78.6,0.0,1.9
2025-12-15 15:00:00,54.3,79.7,0.0,2.7
2025-12-15 16:00:00,56.3,73.0,0.0,2.7
2025-12-15 17:00:00,52.1,76.0,0.0,5.6
2025-12-15 18:00:00,52.5,77.6,0.0,6.9
2025-12-15 19:00:00,53.7,83.9,0.0,2.8
2025-12-15 20:00:00,54.5,87.9,0.0,8.7
2025-12-15 21:00:00,56.2,72.7,0.0,10.4
2025-12-15 22:00:00,45.7,84.6,0.0,7.2
2025-12-15 23:00:00,48.8,78.8,0.0,9.4
2025-12-16 00:00:00,44.1,86.9,0.0,3.3
2025-12-16 01:00:00,41.8,94.9,0.0,3.3
2025-12-16 02:00:00,42.5,86.9,0.0,7.5
2025-12-16 03:00:00,41.3,89.5,0.0,5.9
2025-12-16 04:00:00,41.7,96.8,0.0,3.3
2025-12-16 05:00:00,41.2,92.1,0.0,10.3
2025-12-16 06:00:00,40.0,86.7,0.0,6.9
2025-12-16 07:00:00,41.2,90.6,0.0,8.1
2025-12-16 08:00:00,48.6,81.6,0.0,4.0
2025-12-16 09:00:00,48.3,88.0,0.0,11.0
2025-12-16 10:00:00,49.6,87.8,0.0,5.5
2025-12-16 11:00:00,53.0,76.5,0.0,9.1
2025-12-16 12:00:00,56.6,82.2,0.0,4.3
2025-12-16 13:00:00,56.3,80.9,0.0,6.5
2025-12-16 14:00:00,55.0,85.0,0.0,7.7
2025-12-16 15:00:00,60.0,83.7,0.0,12.0
2025-12-16 16:00:00,60.6,81.6,0.0,4.7
2025-12-16 17:00:00,57.1,79.6,0.0,6.6
2025-12-16 18:00:00,57.0,85.8,0.0,7.8
2025-12-16 19:00:00,56.1,77.3,0.0,1.8
2025-12-16 20:00:00,53.9,76.2,0.0,0.0
2025-12-16 21:00:00,50.6,68.7,0.0,3.0
2025-12-16 22:00:00,48.5,85.5,0.0,8.9
2025-12-16 23:00:00,46.4,82.9,0.0,11.1
2025-12-17 00:00:00,40.6,92.1,0.0,3.2
2025-12-17 01:00:00,43.9,78.5,0.0,2.3
2025-12-17 02:00:00,38.0,88.4,0.0,10.6
2025-12-17 03:00:00,39.1,93.4,0.0,4.3
2025-12-17 04:00:00,44.6,82.8,0.0,4.9
2025-12-17 05:00:00,44.2,90.2,0.0,10.4
2025-12-17 06:00:00,47.1,83.8,0.0,9.9
2025-12-17 07:00:00,44.3,88.0,0.0,8.8
2025-12-17 08:00:00,44.0,91.3,0.0,0.9
2025-12-17 09:00:00,48.3,90.7,0.0,2.2
2025-12-17 10:00:00,51.2,84.8,0.0,9.4
2025-12-17 11:00:00,53.0,79.3,0.0,7.0
2025-12-17 12:00:00,57.3,78.7,0.0,3.7
2025-12-17 13:00:00,54.8,85.6,0.0,5.0
2025-12-17 14:00:00,57.3,75.9,0.0,9.3
2025-12-17 15:00:00,54.3,81.8,0.0,10.6
2025-12-17 16:00:00,57.6,78.9,0.0,6.0
2025-12-17 17:00:00,55.7,81.4,0.0,3.9
2025-12-17 18:00:00,52.6,78.5,0.0,5.2
2025-12-17 19:00:00,52.2,74.5,0.0,10.0
2025-12-17 20:00:00,50.5,87.3,0.0,10.0
2025-12-17 21:00:00,48.2,90.8,0.0,6.6
2025-12-17 22:00:00,51.3,75.3,0.0,4.4
2025-12-17 23:00:00,44.7,89.7,0.0,9.2
2025-12-18 00:00:00,42.7,94.5,0.0,10.9
2025-12-18 01:00:00,36.8,95.2,0.0,1.6
2025-12-18 02:00:00,39.0,89.0,0.0,5.3
2025-12-18 03:00:00,40.3,85.6,0.0,9.5
2025-12-18 04:00:00,39.5,91.2,0.069,6.2
2025-12-18 05:00:00,45.5,88.7,0.0,4.5
2025-12-18 06:00:00,42.9,89.4,0.0,6.6
2025-12-18 07:00:00,48.1,85.1,0.0,7.1
2025-12-18 08:00:00,46.9,81.3,0.0,2.6
2025-12-18 09:00:00,48.9,87.7,0.0,6.3
2025-12-18 10:00:00,50.6,87.0,0.0,7.1
2025-12-18 11:00:00,52.7,84.5,0.0,4.5
2025-12-18 12:00:00,58.6,80.8,0.0,3.7
2025-12-18 13:00:00,49.7,93.6,0.0,4.4
2025-12-18 14:00:00,51.3,81.2,0.0,3.1
2025-12-18 15:00:00,55.2,88.6,0.0,8.6
2025-12-18 16:00:00,56.3,77.9,0.0,3.0
2025-12-18 17:00:00,57.2,86.6,0.0,6.6
2025-12-18 18:00:00,55.5,88.2,0.0,4.9
2025-12-18 19:00:00,51.7,82.6,0.0,3.9
2025-12-18 20:00:00,53.3,91.5,0.0,10.1
2025-12-18 21:00:00,51.3,86.6,0.0,5.6
2025-12-18 22:00:00,47.2,82.1,0.0,4.0
2025-12-18 23:00:00,47.3,84.6,0.0,3.7
2025-12-19 00:00:00,43.8,94.0,0.0,7.0
2025-12-19 01:00:00,40.5,94.8,0.0,8.5
2025-12-19 02:00:00,42.9,83.6,0.0,9.8
2025-12-19 03:00:00,41.2,89.2,0.0,5.5
2025-12-19 04:00:00,41.2,90.9,0.0,5.3
2025-12-19 05:00:00,45.6,84.9,0.0,6.4
2025-12-19 06:00:00,37.0,100.0,0.0,6.5
2025-12-19 07:00:00,41.2,91.0,0.0,3.7
2025-12-19 08:00:00,43.7,88.2,0.0,10.4
2025-12-19 09:00:00,47.7,92.2,0.0,6.1
2025-12-19 10:00:00,50.0,83.2,0.0,7.6
2025-12-19 11:00:00,48.7,90.7,0.0,7.3
2025-12-19 12:00:00,51.6,75.8,0.0,7.2
2025-12-19 13:00:00,53.2,81.0,0.0,3.0
2025-12-19 14:00:00,62.2,83.5,0.0,6.0
2025-12-19 15:00:00,60.9,86.9,0.0,12.8
2025-12-19 16:00:00,55.1,78.3,0.0,10.8
2025-12-19 17:00:00,54.4,78.1,0.0,6.5
2025-12-19 18:00:00,51.2,87.2,0.0,4.9
2025-12-19 19:00:00,47.7,83.1,0.0,0.0
2025-12-19 20:00:00,50.3,83.5,0.0,4.5
2025-12-19 21:00:00,46.1,91.5,0.0,5.8
2025-12-19 22:00:00,46.4,84.2,0.0,5.0
2025-12-19 23:00:00,40.8,80.3,0.0,5.3
2025-12-20 00:00:00,41.2,83.4,0.0,7.9
2025-12-20 01:00:00,42.2,89.3,0.0,3.0
2025-12-20 02:00:00,42.0,80.1,0.0,6.8
2025-12-20 03:00:00,41.9,88.0,0.0,5.7
2025-12-20 04:00:00,37.8,84.8,0.0,3.4
2025-12-20 05:00:00,44.0,96.5,0.0,11.0
2025-12-20 06:00:00,41.1,100.0,0.0,8.2
2025-12-20 07:00:00,46.2,81.8,0.0,3.6
2025-12-20 08:00:00,46.5,88.2,0.0,7.6
2025-12-20 09:00:00,45.1,82.9,0.0,1.8
2025-12-20 10:00:00,49.7,83.6,0.0,4.0
2025-12-20 11:00:00,53.3,92.2,0.0,10.0
2025-12-20 12:00:00,55.5,79.7,0.0,7.1
2025-12-20 13:00:00,54.8,80.9,0.0,6.8
2025-12-20 14:00:00,59.8,74.9,0.0,9.0
2025-12-20 15:00:00,58.7,85.9,0.0,7.8
2025-12-20 16:00:00,55.3,65.8,0.0,5.2
2025-12-20 17:00:00,57.0,78.9,0.0,8.8
2025-12-20 18:00:00,58.8,79.9,0.0,0.9
2025-12-20 19:00:00,57.3,77.7,0.0,4.0
2025-12-20 20:00:00,47.4,90.7,0.0,5.7
2025-12-20 21:00:00,46.2,93.1,0.0,7.6
2025-12-20 22:00:00,50.2,77.8,0.0,5.0
2025-12-20 23:00:00,42.0,99.9,0.0,0.6
2025-12-21 00:00:00,39.7,83.6,0.0,0.2
2025-12-21 01:00:00,40.5,96.6,0.0,5.8
2025-12-21 02:00:00,42.0,90.1,0.0,4.6
2025-12-21 03:00:00,40.5,87.7,0.0,3.3
2025-12-21 04:00:00,39.4,88.8,0.0,2.8
2025-12-21 05:00:00,40.1,90.3,0.0,6.4
2025-12-21 06:00:00,41.2,90.9,0.0,9.9
2025-12-21 07:00:00,42.4,84.6,0.0,6.4
2025-12-21 08:00:00,52.1,82.7,0.0,9.9
2025-12-21 09:00:00,49.1,81.6,0.0,4.9
2025-12-21 10:00:00,52.6,77.5,0.0,7.3
2025-12-21 11:00:00,51.0,80.4,0.0,10.1
2025-12-21 12:00:00,53.3,77.4,0.0,5.5
2025-12-21 13:00:00,53.2,81.1,0.0,6.1
2025-12-21 14:00:00,49.1,87.6,0.0,4.9
2025-12-21 15:00:00,52.6,84.2,0.0,7.8
2025-12-21 16:00:00,51.2,94.2,0.0,8.7
2025-12-21 17:00:00,49.4,74.3,0.0,7.1
2025-12-21 18:00:00,50.8,86.9,0.0,5.3
2025-12-21 19:00:00,55.5,82.0,0.0,1.5
2025-12-21 20:00:00,50.2,88.9,0.0,5.9
2025-12-21 21:00:00,51.6,87.7,0.0,5.4
2025-12-21 22:00:00,47.4,85.6,0.0,6.7
2025-12-21 23:00:00,46.5,87.8,0.0,6.4
2025-12-22 00:00:00,40.6,86.4,0.0,10.7
2025-12-22 01:00:00,43.0,91.9,0.0,3.9
2025-12-22 02:00:00,42.7,79.6,0.0,1.3
2025-12-22 03:00:00,39.2,94.8,0.0,2.6
2025-12-22 04:00:00,42.3,89.1,0.0,4.1
2025-12-22 05:00:00,43.1,86.4,0.0,9.2
2025-12-22 06:00:00,41.5,88.5,0.0,2.1
2025-12-22 07:00:00,41.6,88.8,0.0,2.5
2025-12-22 08:00:00,43.3,95.2,0.0,7.2
2025-12-22 09:00:00,48.5,100.0,0.0,8.5
2025-12-22 10:00:00,51.0,90.5,0.0,1.4
2025-12-22 11:00:00,50.1,82.1,0.0,0.7
2025-12-22 12:00:00,53.7,86.1,0.0,3.6
2025-12-22 13:00:00,56.3,84.9,0.0,8.0
2025-12-22 14:00:00,57.2,76.4,0.0,6.4
2025-12-22 15:00:00,59.7,73.3,0.0,3.8
2025-12-22 16:00:00,58.8,79.8,0.0,8.2
2025-12-22 17:00:00,52.3,87.7,0.0,6.4
2025-12-22 18:00:00,57.8,72.6,0.0,5.7
2025-12-22 19:00:00,50.7,81.0,0.0,1.2
2025-12-22 20:00:00,52.8,86.3,0.0,3.7
2025-12-22 21:00:00,48.4,86.1,0.0,11.9
2025-12-22 22:00:00,45.3,94.7,0.0,5.0
2025-12-22 23:00:00,39.9,83.5,0.0,3.1
2025-12-23 00:00:00,42.4,100.0,0.0,4.9
2025-12-23 01:00:00,37.7,84.1,0.0,6.4
2025-12-23 02:00:00,43.3,78.6,0.0,8.7
2025-12-23 03:00:00,44.4,87.8,0.0,7.9
2025-12-23 04:00:00,38.8,85.5,0.0,4.0
2025-12-23 05:00:00,42.3,89.0,0.0,9.8
2025-12-23 06:00:00,41.0,89.6,0.0,8.4
2025-12-23 07:00:00,42.8,88.0,0.0,4.7
2025-12-23 08:00:00,48.1,81.8,0.0,5.6
2025-12-23 09:00:00,48.0,88.2,0.0,7.8
2025-12-23 10:00:00,54.4,81.0,0.0,9.2
2025-12-23 11:00:00,50.7,90.1,0.0,1.4
2025-12-23 12:00:00,56.0,80.8,0.0,6.2
2025-12-23 13:00:00,54.9,77.5,0.0,5.9
2025-12-23 14:00:00,57.4,72.5,0.0,4.3
2025-12-23 15:00:00,54.6,81.6,0.0,4.3
2025-12-23 16:00:00,55.3,75.7,0.009,9.2
2025-12-23 17:00:00,54.4,75.8,0.0,7.6
2025-12-23 18:00:00,51.4,86.9,0.0,12.3
2025-12-23 19:00:00,53.6,74.1,0.0,4.3
2025-12-23 20:00:00,51.7,91.1,0.0,6.4
2025-12-23 21:00:00,49.6,86.0,0.0,6.9
2025-12-23 22:00:00,50.0,84.8,0.0,8.7
2025-12-23 23:00:00,48.0,80.9,0.0,10.1
2025-12-24 00:00:00,41.8,93.3,0.0,6.3
2025-12-24 01:00:00,42.4,89.1,0.0,2.7
2025-12-24 02:00:00,39.2,87.5,0.0,3.9
2025-12-24 03:00:00,40.6,91.2,0.0,6.4
2025-12-24 04:00:00,39.3,82.5,0.0,9.4
2025-12-24 05:00:00,45.6,79.3,0.0,1.7
2025-12-24 06:00:00,43.6,82.9,0.0,2.5
2025-12-24 07:00:00,43.7,90.2,0.0,8.3
2025-12-24 08:00:00,49.1,85.5,0.0,2.1
2025-12-24 09:00:00,42.6,94.3,0.0,2.6
2025-12-24 10:00:00,44.9,83.2,0.0,9.4
2025-12-24 11:00:00,53.8,85.8,0.0,5.3
2025-12-24 12:00:00,53.5,82.5,0.0,5.1
2025-12-24 13:00:00,55.2,77.4,0.0,10.1
2025-12-24 14:00:00,52.0,85.8,0.0,2.8
2025-12-24 15:00:00,55.5,81.6,0.0,2.2
2025-12-24 16:00:00,60.3,76.2,0.0,10.9
2025-12-24 17:00:00,56.6,81.6,0.0,6.7
2025-12-24 18:00:00,53.8,82.3,0.0,8.0
2025-12-24 19:00:00,50.7,83.8,0.0,5.1
2025-12-24 20:00:00,49.0,83.5,0.0,5.7
2025-12-24 21:00:00,42.7,82.5,0.0,3.9
2025-12-24 22:00:00,46.7,87.2,0.0,7.0
2025-12-24 23:00:00,46.4,83.0,0.0,8.5
2025-12-25 00:00:00,38.7,86.1,0.0,6.6
2025-12-25 01:00:00,39.8,89.4,0.0,9.2
2025-12-25 02:00:00,37.8,95.4,0.0,8.0
2025-12-25 03:00:00,38.0,92.5,0.0,2.9
2025-12-25 04:00:00,40.8,87.4,0.0,5.6
2025-12-25 05:00:00,36.2,89.7,0.0,4.7
2025-12-25 06:00:00,44.2,91.4,0.0,8.3
2025-12-25 07:00:00,46.1,75.2,0.0,7.4
2025-12-25 08:00:00,45.4,91.5,0.0,6.4
2025-12-25 09:00:00,41.7,80.2,0.0,9.0
2025-12-25 10:00:00,47.4,79.4,0.0,0.4
2025-12-25 11:00:00,54.7,79.8,0.0,4.2
2025-12-25 12:00:00,46.3,97.9,0.0,4.4
2025-12-25 13:00:00,53.5,91.4,0.0,6.8
2025-12-25 14:00:00,52.2,87.3,0.0,7.7
2025-12-25 15:00:00,57.4,82.7,0.0,6.0
2025-12-25 16:00:00,53.5,73.8,0.0,2.1
2025-12-25 17:00:00,55.4,82.8,0.0,7.2
2025-12-25 18:00:00,54.6,79.7,0.0,6.4
2025-12-25 19:00:00,56.3,77.5,0.0,1.6
2025-12-25 20:00:00,49.4,86.1,0.0,5.1
2025-12-25 21:00:00,48.9,83.3,0.0,7.1
2025-12-25 22:00:00,42.3,93.6,0.0,11.0
2025-12-25 23:00:00,47.2,76.9,0.0,2.7
2025-12-26 00:00:00,40.6,90.5,0.0,8.4
2025-12-26 01:00:00,40.0,86.1,0.0,2.8
2025-12-26 02:00:00,40.6,88.1,0.0,2.2
2025-12-26 03:00:00,36.5,94.0,0.0,2.4
2025-12-26 04:00:00,41.2,84.3,0.0,7.8
2025-12-26 05:00:00,43.8,89.2,0.0,6.4
2025-12-26 06:00:00,43.3,87.6,0.0,5.1
2025-12-26 07:00:00,40.1,87.1,0.0,7.4
2025-12-26 08:00:00,45.6,85.1,0.0,6.1
2025-12-26 09:00:00,49.7,84.4,0.0,6.3
2025-12-26 10:00:00,45.0,83.9,0.0,5.1
2025-12-26 11:00:00,48.9,85.7,0.0,2.9
2025-12-26 12:00:00,55.3,80.7,0.0,11.1
2025-12-26 13:00:00,54.9,79.2,0.0,10.2
2025-12-26 14:00:00,56.0,89.6,0.0,10.8
2025-12-26 15:00:00,59.9,81.6,0.0,4.4
2025-12-26 16:00:00,56.2,79.7,0.0,4.0
2025-12-26 17:00:00,55.9,82.5,0.0,4.8
2025-12-26 18:00:00,59.9,74.4,0.0,9.2
2025-12-26 19:00:00,51.0,82.3,0.0,6.0
2025-12-26 20:00:00,47.7,84.6,0.0,4.4
2025-12-26 21:00:00,48.9,79.4,0.0,7.1
2025-12-26 22:00:00,47.0,88.6,0.0,3.8
2025-12-26 23:00:00,42.8,86.4,0.0,1.9
2025-12-27 00:00:00,39.9,88.8,0.0,6.4
2025-12-27 01:00:00,47.1,83.8,0.0,4.5
2025-12-27 02:00:00,41.4,100.0,0.0,6.0
2025-12-27 03:00:00,38.5,88.0,0.0,0.0
2025-12-27 04:00:00,42.8,78.6,0.0,3.3
2025-12-27 05:00:00,41.0,81.9,0.0,5.9
2025-12-27 06:00:00,41.8,93.3,0.0,1.5
2025-12-27 07:00:00,45.4,94.2,0.0,1.6
2025-12-27 08:00:00,42.6,85.7,0.0,6.1
2025-12-27 09:00:00,48.6,92.2,0.0,8.1
2025-12-27 10:00:00,54.4,86.3,0.0,3.3
2025-12-27 11:00:00,52.6,82.6,0.0,5.2
2025-12-27 12:00:00,52.0,82.6,0.0,5.3
2025-12-27 13:00:00,52.9,84.3,0.0,1.3
2025-12-27 14:00:00,53.9,87.3,0.0,9.6
2025-12-27 15:00:00,54.5,84.5,0.0,5.5
2025-12-27 16:00:00,53.9,79.5,0.0,5.5
2025-12-27 17:00:00,56.4,80.6,0.0,7.1
2025-12-27 18:00:00,48.6,95.7,0.0,1.3
2025-12-27 19:00:00,53.6,84.3,0.0,8.8
2025-12-27 20:00:00,48.7,90.1,0.0,9.2
2025-12-27 21:00:00,48.7,88.4,0.0,6.4
2025-12-27 22:00:00,43.0,90.2,0.0,7.4
2025-12-27 23:00:00,47.3,87.0,0.0,5.0
2025-12-28 00:00:00,45.5,92.0,0.0,8.6
2025-12-28 01:00:00,43.6,92.1,0.0,3.5
2025-12-28 02:00:00,36.7,93.6,0.0,5.9
2025-12-28 03:00:00,42.3,85.8,0.0,6.1
2025-12-28 04:00:00,41.5,91.6,0.0,5.9
2025-12-28 05:00:00,37.2,91.7,0.0,9.2
2025-12-28 06:00:00,42.3,87.7,0.0,12.6
2025-12-28 07:00:00,44.8,100.0,0.0,5.7
2025-12-28 08:00:00,47.1,78.9,0.0,7.4
2025-12-28 09:00:00,48.1,90.9,0.0,3.6
2025-12-28 10:00:00,50.3,80.5,0.0,9.1
2025-12-28 11:00:00,55.0,82.9,0.0,4.4
2025-12-28 12:00:00,55.9,94.6,0.0,15.4
2025-12-28 13:00:00,46.8,81.9,0.0,1.0
2025-12-28 14:00:00,54.0,79.2,0.0,12.4
2025-12-28 15:00:00,54.6,82.4,0.0,9.0
2025-12-28 16:00:00,50.4,80.6,0.0,2.6
2025-12-28 17:00:00,54.2,87.1,0.0,13.0
2025-12-28 18:00:00,56.0,79.1,0.0,3.2
2025-12-28 19:00:00,48.6,89.0,0.0,5.1
2025-12-28 20:00:00,50.4,78.2,0.0,2.1
2025-12-28 21:00:00,45.3,78.5,0.0,5.6
2025-12-28 22:00:00,44.0,87.1,0.0,5.8
2025-12-28 23:00:00,47.6,78.5,0.0,8.5
2025-12-29 00:00:00,41.0,97.6,0.0,13.3
2025-12-29 01:00:00,42.3,81.6,0.0,4.5
2025-12-29 02:00:00,35.7,87.7,0.0,0.0
2025-12-29 03:00:00,44.8,89.9,0.0,7.9
2025-12-29 04:00:00,41.9,86.5,0.0,4.3
2025-12-29 05:00:00,40.7,82.5,0.0,11.5
2025-12-29 06:00:00,43.8,98.6,0.0,5.9
2025-12-29 07:00:00,40.3,85.3,0.0,3.7
2025-12-29 08:00:00,48.6,84.8,0.0,3.0
2025-12-29 09:00:00,46.7,85.8,0.0,7.9
2025-12-29 10:00:00,48.9,89.1,0.0,5.2
2025-12-29 11:00:00,50.0,87.3,0.0,10.4
2025-12-29 12:00:00,51.3,80.2,0.0,5.4
2025-12-29 13:00:00,55.6,80.3,0.0,10.2
2025-12-29 14:00:00,55.3,81.0,0.0,1.9
2025-12-29 15:00:00,56.5,85.2,0.0,0.8
2025-12-29 16:00:00,54.6,76.6,0.0,8.5
2025-12-29 17:00:00,55.2,92.2,0.0,4.6
2025-12-29 18:00:00,51.7,80.3,0.0,5.2
2025-12-29 19:00:00,56.8,81.2,0.0,3.0
2025-12-29 20:00:00,45.5,81.7,0.0,2.7
2025-12-29 21:00:00,50.7,78.1,0.0,7.9
2025-12-29 22:00:00,49.0,81.2,0.0,5.9
2025-12-29 23:00:00,41.7,84.7,0.0,2.8
2025-12-30 00:00:00,47.8,84.1,0.0,8.4
2025-12-30 01:00:00,43.6,83.6,0.0,9.5
2025-12-30 02:00:00,42.8,92.4,0.0,5.7
2025-12-30 03:00:00,40.2,86.5,0.0,9.0
2025-12-30 04:00:00,39.8,86.1,0.0,3.0
2025-12-30 05:00:00,40.6,88.2,0.0,7.7
2025-12-30 06:00:00,43.2,93.7,0.0,6.5
2025-12-30 07:00:00,47.3,87.6,0.0,3.6
2025-12-30 08:00:00,46.0,86.7,0.0,12.2
2025-12-30 09:00:00,45.2,80.5,0.0,6.7
2025-12-30 10:00:00,51.4,78.5,0.0,4.2
2025-12-30 11:00:00,53.4,76.7,0.0,6.1
2025-12-30 12:00:00,54.2,89.2,0.0,3.4
2025-12-30 13:00:00,55.6,84.6,0.0,2.5
2025-12-30 14:00:00,53.8,78.6,0.0,4.7
2025-12-30 15:00:00,52.4,80.8,0.0,4.9
2025-12-30 16:00:00,52.3,79.6,0.0,3.6
2025-12-30 17:00:00,49.7,80.7,0.0,9.8
2025-12-30 18:00:00,53.2,85.5,0.0,3.7
2025-12-30 19:00:00,50.9,83.1,0.0,3.2
2025-12-30 20:00:00,48.2,96.4,0.0,2.4
2025-12-30 21:00:00,40.0,96.7,0.0,2.2
2025-12-30 22:00:00,42.4,95.7,0.0,9.1
2025-12-30 23:00:00,46.6,90.2,0.0,6.8
2025-12-31 00:00:00,40.5,88.1,0.0,8.1
2025-12-31 01:00:00,41.9,92.4,0.0,9.1
2025-12-31 02:00:00,36.8,90.5,0.0,5.0
2025-12-31 03:00:00,43.7,96.6,0.0,10.4
2025-12-31 04:00:00,39.9,92.6,0.0,4.1
2025-12-31 05:00:00,41.8,90.8,0.0,2.7
2025-12-31 06:00:00,48.0,86.7,0.0,7.1
2025-12-31 07:00:00,47.5,95.1,0.0,6.4
2025-12-31 08:00:00,44.7,80.8,0.0,6.4
2025-12-31 09:00:00,45.9,96.5,0.0,9.0
2025-12-31 10:00:00,48.4,84.9,0.0,6.3
2025-12-31 11:00:00,52.3,76.7,0.0,6.9
2025-12-31 12:00:00,52.2,80.0,0.0,10.1
2025-12-31 13:00:00,52.7,75.3,0.0,6.8
2025-12-31 14:00:00,58.1,83.8,0.0,7.5
2025-12-31 15:00:00,54.4,77.4,0.0,1.7
2025-12-31 16:00:00,60.1,80.3,0.0,17.2
2025-12-31 17:00:00,53.9,88.5,0.053,1.2
2025-12-31 18:00:00,57.0,77.8,0.0,4.4
2025-12-31 19:00:00,51.9,82.6,0.0,4.3
2025-12-31 20:00:00,51.6,77.6,0.0,12.3
2025-12-31 21:00:00,45.5,85.5,0.0,4.2
2025-12-31 22:00:00,43.3,100.0,0.0,7.3
2025-12-31 23:00:00,44.8,91.7,0.0,4.3
2026-01-01 00:00:00,44.6,86.7,0.0,2.9
2026-01-01 01:00:00,41.1,86.9,0.0,7.7
2026-01-01 02:00:00,37.0,91.9,0.0,3.8
2026-01-01 03:00:00,36.6,93.0,0.0,6.6
2026-01-01 04:00:00,36.7,90.2,0.0,7.9
2026-01-01 05:00:00,36.5,95.1,0.0,11.7
2026-01-01 06:00:00,42.4,84.4,0.0,2.2
2026-01-01 07:00:00,46.4,82.2,0.0,5.5
2026-01-01 08:00:00,45.3,89.4,0.0,5.7
2026-01-01 09:00:00,41.6,83.8,0.0,6.0
2026-01-01 10:00:00,48.6,89.4,0.0,13.7
2026-01-01 11:00:00,50.5,84.7,0.0,5.5
2026-01-01 12:00:00,57.6,71.7,0.0,0.0
2026-01-01 13:00:00,49.9,85.6,0.0,5.4
2026-01-01 14:00:00,53.3,74.8,0.0,5.6
2026-01-01 15:00:00,58.8,83.6,0.073,5.3
2026-01-01 16:00:00,55.4,80.8,0.0,3.8
2026-01-01 17:00:00,54.9,91.5,0.0,2.0
2026-01-01 18:00:00,52.7,88.9,0.0,12.5
2026-01-01 19:00:00,51.7,78.8,0.0,7.0
2026-01-01 20:00:00,51.1,74.3,0.0,5.4
2026-01-01 21:00:00,45.2,83.9,0.0,12.4
2026-01-01 22:00:00,47.6,80.2,0.0,3.4
2026-01-01 23:00:00,40.2,99.5,0.0,7.8
2026-01-02 00:00:00,42.9,88.9,0.0,2.3
2026-01-02 01:00:00,41.4,94.4,0.0,8.3
2026-01-02 02:00:00,38.6,89.8,0.0,2.6
2026-01-02 03:00:00,39.9,89.7,0.0,7.4
2026-01-02 04:00:00,38.6,91.1,0.0,11.9
2026-01-02 05:00:00,38.2,97.0,0.0,6.3
2026-01-02 06:00:00,41.2,91.4,0.0,0.0
2026-01-02 07:00:00,40.8,84.8,0.0,6.1
2026-01-02 08:00:00,46.1,95.3,0.0,7.4
2026-01-02 09:00:00,44.3,86.7,0.0,8.7
2026-01-02 10:00:00,50.8,82.3,0.0,10.4
2026-01-02 11:00:00,47.8,72.0,0.0,10.6
2026-01-02 12:00:00,50.9,87.7,0.0,5.6
2026-01-02 13:00:00,51.9,84.5,0.0,4.0
2026-01-02 14:00:00,57.5,81.4,0.0,2.6
2026-01-02 15:00:00,55.2,80.1,0.0,4.4
2026-01-02 16:00:00,53.6,80.1,0.0,7.4
2026-01-02 17:00:00,54.7,80.6,0.0,2.0
2026-01-02 18:00:00,47.0,89.0,0.0,3.2
2026-01-02 19:00:00,50.7,87.8,0.0,7.7
2026-01-02 20:00:00,54.0,81.6,0.0,4.1
2026-01-02 21:00:00,47.5,91.1,0.0,7.1
2026-01-02 22:00:00,45.5,87.1,0.0,3.6
2026-01-02 23:00:00,44.9,85.3,0.0,6.9
2026-01-03 00:00:00,44.2,89.2,0.0,3.7
2026-01-03 01:00:00,35.9,86.0,0.0,0.3
2026-01-03 02:00:00,35.9,93.9,0.0,8.9
2026-01-03 03:00:00,40.4,82.6,0.0,3.9
2026-01-03 04:00:00,38.3,86.3,0.0,5.3
2026-01-03 05:00:00,44.1,78.1,0.0,3.9
2026-01-03 06:00:00,41.2,89.0,0.0,7.6
2026-01-03 07:00:00,38.7,99.3,0.0,7.0
2026-01-03 08:00:00,42.1,88.8,0.0,7.6
2026-01-03 09:00:00,40.2,93.6,0.0,4.4
2026-01-03 10:00:00,48.4,97.7,0.0,5.9
2026-01-03 11:00:00,50.2,86.9,0.0,7.3
2026-01-03 12:00:00,51.1,80.6,0.0,10.6
2026-01-03 13:00:00,56.0,78.5,0.0,6.9
2026-01-03 14:00:00,57.0,81.1,0.0,3.0
2026-01-03 15:00:00,53.9,79.7,0.0,6.8
2026-01-03 16:00:00,48.7,82.9,0.0,5.5
2026-01-03 17:00:00,54.9,87.2,0.0,0.0
2026-01-03 18:00:00,53.6,88.2,0.0,0.5
2026-01-03 19:00:00,51.5,76.0,0.0,5.8
2026-01-03 20:00:00,51.4,80.1,0.0,6.1
2026-01-03 21:00:00,44.2,85.9,0.0,5.1
2026-01-03 22:00:00,50.3,87.9,0.0,8.7
2026-01-03 23:00:00,41.1,95.6,0.0,3.2
2026-01-04 00:00:00,43.8,100.0,0.0,1.8
2026-01-04 01:00:00,36.6,90.0,0.0,3.5
2026-01-04 02:00:00,37.8,89.7,0.0,4.2
2026-01-04 03:00:00,43.6,91.4,0.0,5.8
2026-01-04 04:00:00,39.4,87.4,0.0,3.6
2026-01-04 05:00:00,42.9,88.2,0.0,0.0
2026-01-04 06:00:00,42.5,87.0,0.0,0.0
2026-01-04 07:00:00,43.2,75.6,0.0,6.4
2026-01-04 08:00:00,48.6,86.4,0.0,2.6
2026-01-04 09:00:00,46.4,86.0,0.0,0.0
2026-01-04 10:00:00,44.4,94.4,0.0,7.9
2026-01-04 11:00:00,48.6,85.8,0.0,10.6
2026-01-04 12:00:00,53.5,76.8,0.0,5.7
2026-01-04 13:00:00,54.2,81.4,0.0,6.8
2026-01-04 14:00:00,50.0,74.5,0.0,6.8
2026-01-04 15:00:00,52.4,77.6,0.0,0.0
2026-01-04 16:00:00,52.5,86.8,0.0,8.7
2026-01-04 17:00:00,52.3,82.5,0.0,9.7
2026-01-04 18:00:00,48.7,90.3,0.0,11.5
2026-01-04 19:00:00,49.0,75.7,0.0,4.7
2026-01-04 20:00:00,47.1,85.4,0.0,2.6
2026-01-04 21:00:00,49.0,83.2,0.0,10.1
2026-01-04 22:00:00,47.2,91.3,0.0,7.5
2026-01-04 23:00:00,43.1,92.2,0.0,8.6
2026-01-05 00:00:00,40.9,93.2,0.0,4.1
2026-01-05 01:00:00,41.1,97.6,0.0,6.8
2026-01-05 02:00:00,38.0,89.8,0.0,2.8
2026-01-05 03:00:00,36.9,98.9,0.0,6.0
2026-01-05 04:00:00,37.7,86.5,0.028,5.0
2026-01-05 05:00:00,39.2,85.6,0.0,13.0
2026-01-05 06:00:00,39.0,94.8,0.0,7.6
2026-01-05 07:00:00,43.8,80.9,0.0,0.0
2026-01-05 08:00:00,46.9,89.6,0.0,6.0
2026-01-05 09:00:00,43.0,89.4,0.0,7.1
2026-01-05 10:00:00,48.9,91.0,0.0,4.6
2026-01-05 11:00:00,50.0,84.7,0.0,2.7
2026-01-05 12:00:00,52.9,83.7,0.0,8.0
2026-01-05 13:00:00,53.1,85.8,0.0,3.1
2026-01-05 14:00:00,50.2,81.6,0.0,7.7
2026-01-05 15:00:00,51.0,80.9,0.0,2.9
2026-01-05 16:00:00,53.9,85.2,0.0,4.4
2026-01-05 17:00:00,55.7,81.7,0.0,8.9
2026-01-05 18:00:00,46.5,84.9,0.0,7.5
2026-01-05 19:00:00,51.4,83.8,0.0,6.1
2026-01-05 20:00:00,51.8,92.0,0.0,5.9
2026-01-05 21:00:00,46.6,84.7,0.0,6.3
2026-01-05 22:00:00,46.5,84.6,0.0,3.6
2026-01-05 23:00:00,41.6,81.1,0.0,1.4
2026-01-06 00:00:00,41.6,89.4,0.0,7.7
2026-01-06 01:00:00,36.7,95.6,0.0,10.6
2026-01-06 02:00:00,34.1,97.9,0.0,7.8
2026-01-06 03:00:00,42.1,89.9,0.0,6.8
2026-01-06 04:00:00,37.5,96.6,0.0,2.4
2026-01-06 05:00:00,39.6,94.4,0.0,8.6
2026-01-06 06:00:00,38.4,97.0,0.0,7.4
2026-01-06 07:00:00,39.8,95.5,0.0,8.3
2026-01-06 08:00:00,44.6,95.8,0.0,9.1
2026-01-06 09:00:00,45.1,86.9,0.0,10.8
2026-01-06 10:00:00,49.7,78.5,0.0,2.7
2026-01-06 11:00:00,51.6,87.4,0.0,2.1
2026-01-06 12:00:00,52.7,87.4,0.0,6.4
2026-01-06 13:00:00,53.7,90.8,0.0,3.2
2026-01-06 14:00:00,57.7,87.1,0.0,2.7
2026-01-06 15:00:00,51.4,94.0,0.0,9.7
2026-01-06 16:00:00,53.7,86.1,0.0,3.0
2026-01-06 17:00:00,55.9,82.9,0.0,6.0
2026-01-06 18:00:00,55.1,75.3,0.0,1.1
2026-01-06 19:00:00,46.9,88.2,0.0,6.2
2026-01-06 20:00:00,48.0,83.4,0.0,9.5
2026-01-06 21:00:00,50.3,85.9,0.0,9.6
2026-01-06 22:00:00,46.3,87.3,0.0,9.1
2026-01-06 23:00:00,43.8,90.8,0.0,5.8
2026-01-07 00:00:00,41.3,89.3,0.0,9.3
2026-01-07 01:00:00,39.7,95.3,0.004,7.3
2026-01-07 02:00:00,40.7,76.5,0.0,4.7
2026-01-07 03:00:00,39.1,91.9,0.0,7.1
2026-01-07 04:00:00,39.9,96.6,0.0,8.7
2026-01-07 05:00:00,40.9,99.4,0.0,2.0
2026-01-07 06:00:00,40.1,94.1,0.0,2.8
2026-01-07 07:00:00,44.6,96.4,0.0,5.6
2026-01-07 08:00:00,52.3,84.6,0.0,2.3
2026-01-07 09:00:00,42.4,89.2,0.0,2.3
2026-01-07 10:00:00,49.5,87.9,0.0,4.7
2026-01-07 11:00:00,48.5,85.8,0.0,9.0
2026-01-07 12:00:00,53.3,79.3,0.0,8.9
2026-01-07 13:00:00,53.1,80.7,0.0,7.0
2026-01-07 14:00:00,55.6,76.3,0.0,6.5
2026-01-07 15:00:00,56.9,83.8,0.0,12.3
2026-01-07 16:00:00,54.2,82.7,0.0,4.4
2026-01-07 17:00:00,55.8,80.0,0.0,6.7
2026-01-07 18:00:00,46.0,84.4,0.0,4.2
2026-01-07 19:00:00,54.4,85.1,0.0,2.1
2026-01-07 20:00:00,49.6,89.1,0.0,9.6
2026-01-07 21:00:00,49.5,79.6,0.0,5.1
2026-01-07 22:00:00,42.0,83.0,0.0,8.1
2026-01-07 23:00:00,41.2,94.6,0.0,5.3
2026-01-08 00:00:00,42.1,82.4,0.0,9.7
2026-01-08 01:00:00,40.6,92.9,0.0,3.0
2026-01-08 02:00:00,40.6,98.2,0.0,9.5
2026-01-08 03:00:00,42.4,97.3,0.041,8.7
2026-01-08 04:00:00,35.5,96.7,0.0,0.6
2026-01-08 05:00:00,43.1,92.4,0.0,4.4
2026-01-08 06:00:00,41.8,100.0,0.0,9.1
2026-01-08 07:00:00,42.7,77.3,0.0,10.9
2026-01-08 08:00:00,41.3,87.5,0.0,8.1
2026-01-08 09:00:00,48.0,90.3,0.0,4.8
2026-01-08 10:00:00,42.6,87.4,0.0,3.1
2026-01-08 11:00:00,52.0,90.1,0.0,7.7
2026-01-08 12:00:00,48.1,85.9,0.0,4.7
2026-01-08 13:00:00,53.1,84.0,0.0,4.8
2026-01-08 14:00:00,53.4,81.8,0.0,5.3
2026-01-08 15:00:00,56.8,78.6,0.0,8.6
2026-01-08 16:00:00,53.2,80.5,0.0,11.4
2026-01-08 17:00:00,51.2,85.7,0.0,9.1
2026-01-08 18:00:00,50.5,80.8,0.0,6.0
2026-01-08 19:00:00,53.5,87.8,0.0,3.3
2026-01-08 20:00:00,50.0,88.3,0.0,8.0
2026-01-08 21:00:00,45.8,92.8,0.0,11.0
2026-01-08 22:00:00,44.4,82.5,0.0,9.0
2026-01-08 23:00:00,39.3,82.4,0.0,6.6
2026-01-09 00:00:00,42.7,89.0,0.0,4.5
2026-01-09 01:00:00,36.2,100.0,0.0,7.0
2026-01-09 02:00:00,41.8,95.9,0.0,9.5
2026-01-09 03:00:00,40.0,87.7,0.0,6.7
2026-01-09 04:00:00,45.9,89.4,0.0,5.7
2026-01-09 05:00:00,37.9,95.3,0.0,3.9
2026-01-09 06:00:00,41.5,82.8,0.0,13.8
2026-01-09 07:00:00,47.7,93.1,0.0,3.3
2026-01-09 08:00:00,47.9,85.3,0.0,3.0
2026-01-09 09:00:00,45.0,87.3,0.0,6.5
2026-01-09 10:00:00,49.1,85.6,0.0,5.4
2026-01-09 11:00:00,50.3,90.6,0.0,9.1
2026-01-09 12:00:00,52.5,79.9,0.0,9.2
2026-01-09 13:00:00,51.1,75.8,0.0,2.4
2026-01-09 14:00:00,53.4,84.8,0.0,3.7
2026-01-09 15:00:00,49.8,74.9,0.0,3.4
2026-01-09 16:00:00,53.9,81.3,0.0,8.4
2026-01-09 17:00:00,54.0,88.7,0.0,7.3
2026-01-09 18:00:00,51.2,87.2,0.0,4.9
2026-01-09 19:00:00,46.2,92.3,0.0,6.6
2026-01-09 20:00:00,51.0,87.5,0.0,2.6
2026-01-09 21:00:00,47.7,98.3,0.0,3.8
2026-01-09 22:00:00,43.1,85.9,0.0,2.1
2026-01-09 23:00:00,42.5,91.1,0.0,6.4
2026-01-10 00:00:00,38.0,89.4,0.0,6.4
2026-01-10 01:00:00,38.0,96.4,0.0,3.0
2026-01-10 02:00:00,38.5,91.0,0.0,7.3
2026-01-10 03:00:00,42.7,97.6,0.0,9.2
2026-01-10 04:00:00,38.3,88.8,0.0,2.9
2026-01-10 05:00:00,42.2,96.3,0.0,5.0
2026-01-10 06:00:00,40.4,93.3,0.0,7.5
2026-01-10 07:00:00,43.8,88.3,0.0,6.0
2026-01-10 08:00:00,44.5,90.7,0.0,1.9
2026-01-10 09:00:00,48.9,86.9,0.0,4.7
2026-01-10 10:00:00,47.2,88.3,0.0,4.6
2026-01-10 11:00:00,46.3,86.0,0.0,5.5
2026-01-10 12:00:00,48.2,82.5,0.0,5.6
2026-01-10 13:00:00,51.5,82.5,0.0,10.7
2026-01-10 14:00:00,50.4,76.4,0.0,5.4
2026-01-10 15:00:00,54.8,86.6,0.0,0.8
2026-01-10 16:00:00,52.4,77.5,0.0,6.3
2026-01-10 17:00:00,58.8,79.1,0.0,11.2
2026-01-10 18:00:00,47.4,89.7,0.0,5.5
2026-01-10 19:00:00,50.7,88.8,0.0,4.7
2026-01-10 20:00:00,45.7,78.5,0.0,5.1
2026-01-10 21:00:00,45.5,87.0,0.0,7.8
2026-01-10 22:00:00,45.2,89.9,0.0,5.1
2026-01-10 23:00:00,37.4,92.2,0.0,1.5
2026-01-11 00:00:00,42.3,96.0,0.0,4.0
2026-01-11 01:00:00,45.3,83.5,0.0,5.8
2026-01-11 02:00:00,38.7,81.0,0.0,7.6
2026-01-11 03:00:00,40.3,94.4,0.0,4.3
2026-01-11 04:00:00,42.4,86.5,0.0,5.1
2026-01-11 05:00:00,40.1,81.6,0.0,6.1
2026-01-11 06:00:00,40.2,89.6,0.0,3.7
2026-01-11 07:00:00,37.4,98.1,0.0,5.7
2026-01-11 08:00:00,46.4,80.6,0.0,7.4
2026-01-11 09:00:00,46.4,98.7,0.0,2.4
2026-01-11 10:00:00,46.0,83.0,0.0,6.9
2026-01-11 11:00:00,50.5,85.2,0.0,2.7
2026-01-11 12:00:00,50.2,78.8,0.0,2.8
2026-01-11 13:00:00,51.5,84.4,0.0,4.0
2026-01-11 14:00:00,55.0,81.6,0.0,10.1
2026-01-11 15:00:00,50.4,77.3,0.0,0.9
2026-01-11 16:00:00,56.1,95.8,0.0,4.6
2026-01-11 17:00:00,49.3,82.9,0.0,5.9
2026-01-11 18:00:00,50.0,82.5,0.0,9.5
2026-01-11 19:00:00,55.0,87.1,0.0,11.8
2026-01-11 20:00:00,51.3,93.4,0.0,4.7
2026-01-11 21:00:00,46.9,92.3,0.0,7.6
2026-01-11 22:00:00,42.5,83.1,0.0,5.7
2026-01-11 23:00:00,41.8,90.6,0.0,5.7
2026-01-12 00:00:00,41.8,80.1,0.0,6.8
2026-01-12 01:00:00,40.6,94.7,0.0,1.2
2026-01-12 02:00:00,39.6,82.5,0.0,5.9
2026-01-12 03:00:00,39.5,86.8,0.0,7.4
2026-01-12 04:00:00,39.3,90.9,0.0,3.4
2026-01-12 05:00:00,36.9,94.4,0.0,7.4
2026-01-12 06:00:00,40.4,89.0,0.0,0.8
2026-01-12 07:00:00,45.4,95.1,0.0,6.3
2026-01-12 08:00:00,41.4,93.4,0.0,10.0
2026-01-12 09:00:00,46.2,90.3,0.0,5.3
2026-01-12 10:00:00,46.4,80.8,0.0,3.1
2026-01-12 11:00:00,50.4,93.3,0.0,1.7
2026-01-12 12:00:00,50.6,80.6,0.0,7.2
2026-01-12 13:00:00,56.4,90.2,0.0,8.8
2026-01-12 14:00:00,54.7,92.5,0.0,5.8
2026-01-12 15:00:00,50.4,87.3,0.0,4.6
2026-01-12 16:00:00,55.1,87.4,0.0,0.2
2026-01-12 17:00:00,50.8,69.2,0.0,6.4
2026-01-12 18:00:00,50.2,83.9,0.0,3.9
2026-01-12 19:00:00,50.9,90.0,0.0,4.1
2026-01-12 20:00:00,47.2,91.2,0.0,10.8
2026-01-12 21:00:00,48.9,79.5,0.0,0.6
2026-01-12 22:00:00,42.9,87.5,0.0,1.0
2026-01-12 23:00:00,41.6,77.0,0.0,6.7
2026-01-13 00:00:00,40.0,92.6,0.0,4.8
2026-01-13 01:00:00,39.1,81.6,0.0,4.4
2026-01-13 02:00:00,42.6,94.7,0.0,6.8
2026-01-13 03:00:00,41.1,95.8,0.0,6.8
2026-01-13 04:00:00,44.1,85.9,0.0,3.1
2026-01-13 05:00:00,46.2,89.7,0.0,4.2
2026-01-13 06:00:00,39.0,89.9,0.0,6.1
2026-01-13 07:00:00,43.3,89.9,0.0,6.5
2026-01-13 08:00:00,41.8,83.8,0.0,7.4
2026-01-13 09:00:00,44.7,91.1,0.0,4.3
2026-01-13 10:00:00,46.8,78.5,0.0,7.0
2026-01-13 11:00:00,47.5,77.2,0.0,8.9
2026-01-13 12:00:00,48.9,85.0,0.0,6.1
2026-01-13 13:00:00,52.3,82.7,0.0,5.7
2026-01-13 14:00:00,50.3,86.2,0.0,5.3
2026-01-13 15:00:00,55.7,78.6,0.0,4.1
2026-01-13 16:00:00,51.1,93.8,0.0,3.2
2026-01-13 17:00:00,59.7,80.5,0.0,5.1
2026-01-13 18:00:00,50.4,85.9,0.0,7.4
2026-01-13 19:00:00,50.3,85.8,0.0,3.3
2026-01-13 20:00:00,45.2,92.7,0.0,5.8
2026-01-13 21:00:00,50.9,87.4,0.0,5.4
2026-01-13 22:00:00,47.6,88.5,0.0,11.3
2026-01-13 23:00:00,43.8,92.1,0.0,8.2
2026-01-14 00:00:00,38.2,82.3,0.0,8.1
2026-01-14 01:00:00,41.0,81.0,0.0,8.8
2026-01-14 02:00:00,37.0,91.8,0.0,4.4
2026-01-14 03:00:00,43.2,87.8,0.0,10.1
2026-01-14 04:00:00,41.8,92.4,0.0,6.5
2026-01-14 05:00:00,40.7,90.2,0.0,5.9
2026-01-14 06:00:00,35.5,95.9,0.0,2.4
2026-01-14 07:00:00,40.6,83.9,0.0,4.8
2026-01-14 08:00:00,46.5,86.9,0.0,0.7
2026-01-14 09:00:00,49.6,78.5,0.0,5.3
2026-01-14 10:00:00,51.2,86.3,0.0,4.3
2026-01-14 11:00:00,46.1,77.8,0.0,4.8
2026-01-14 12:00:00,52.3,85.5,0.0,1.8
2026-01-14 13:00:00,55.2,74.8,0.0,8.1
2026-01-14 14:00:00,49.2,83.5,0.0,7.8
2026-01-14 15:00:00,53.6,87.5,0.0,11.1
2026-01-14 16:00:00,54.0,83.9,0.0,11.0
2026-01-14 17:00:00,51.9,75.7,0.0,6.5
2026-01-14 18:00:00,46.9,83.3,0.0,9.1
2026-01-14 19:00:00,49.3,77.9,0.0,6.8
2026-01-14 20:00:00,47.6,77.9,0.0,4.7
2026-01-14 21:00:00,46.2,87.7,0.0,5.2
2026-01-14 22:00:00,43.3,91.5,0.0,7.9
2026-01-14 23:00:00,41.9,91.6,0.0,18.3
2026-01-15 00:00:00,41.5,92.7,0.0,9.5
2026-01-15 01:00:00,41.6,89.6,0.0,6.7
2026-01-15 02:00:00,39.0,89.7,0.0,7.5
2026-01-15 03:00:00,38.5,86.0,0.0,7.4
2026-01-15 04:00:00,40.0,88.3,0.0,5.7
2026-01-15 05:00:00,35.7,86.3,0.0,8.3
2026-01-15 06:00:00,42.8,84.7,0.0,5.5
2026-01-15 07:00:00,43.0,89.3,0.0,3.0
2026-01-15 08:00:00,44.8,87.3,0.0,7.4
2026-01-15 09:00:00,48.9,100.0,0.0,7.8
2026-01-15 10:00:00,43.5,81.9,0.0,5.6
2026-01-15 11:00:00,45.1,87.1,0.0,6.9
2026-01-15 12:00:00,52.2,76.7,0.0,8.9
2026-01-15 13:00:00,52.6,81.6,0.0,5.8
2026-01-15 14:00:00,53.7,81.2,0.0,4.7
2026-01-15 15:00:00,52.4,87.9,0.0,3.9
2026-01-15 16:00:00,55.0,80.0,0.0,5.2
2026-01-15 17:00:00,55.0,81.3,0.0,10.6
2026-01-15 18:00:00,52.7,81.4,0.0,5.4
2026-01-15 19:00:00,49.4,78.3,0.0,7.1
2026-01-15 20:00:00,43.1,85.5,0.0,5.0
2026-01-15 21:00:00,48.5,83.9,0.0,4.8
2026-01-15 22:00:00,47.8,86.6,0.0,3.4
2026-01-15 23:00:00,44.7,90.7,0.0,6.3
2026-01-16 00:00:00,39.4,89.7,0.0,4.4
2026-01-16 01:00:00,42.1,88.1,0.0,9.8
2026-01-16 02:00:00,41.9,80.8,0.0,5.7
2026-01-16 03:00:00,43.4,91.3,0.0,5.9
2026-01-16 04:00:00,37.6,88.4,0.0,5.5
2026-01-16 05:00:00,39.9,94.3,0.0,7.1
2026-01-16 06:00:00,43.4,95.2,0.0,10.5
2026-01-16 07:00:00,43.2,87.8,0.0,2.9
2026-01-16 08:00:00,41.9,84.3,0.0,6.8
2026-01-16 09:00:00,47.6,86.3,0.0,1.3
2026-01-16 10:00:00,49.8,86.9,0.0,9.7
2026-01-16 11:00:00,50.3,83.3,0.0,5.7
2026-01-16 12:00:00,52.0,81.1,0.0,1.5
2026-01-16 13:00:00,52.0,86.7,0.0,2.2
2026-01-16 14:00:00,57.0,83.6,0.0,8.4
2026-01-16 15:00:00,51.3,82.6,0.0,1.0
2026-01-16 16:00:00,51.8,75.7,0.0,6.8
2026-01-16 17:00:00,52.6,85.8,0.0,4.7
2026-01-16 18:00:00,53.7,79.1,0.0,5.4
2026-01-16 19:00:00,46.3,88.1,0.0,4.0
2026-01-16 20:00:00,45.1,88.5,0.0,3.1
2026-01-16 21:00:00,41.4,80.3,0.0,4.5
2026-01-16 22:00:00,44.8,88.3,0.0,7.7
2026-01-16 23:00:00,40.2,92.9,0.0,5.1
2026-01-17 00:00:00,40.6,93.4,0.0,7.3
2026-01-17 01:00:00,42.1,89.9,0.0,5.3
2026-01-17 02:00:00,38.1,81.6,0.0,7.8
2026-01-17 03:00:00,40.1,96.8,0.0,7.2
2026-01-17 04:00:00,39.0,93.1,0.0,4.4
2026-01-17 05:00:00,42.1,83.3,0.0,3.1
2026-01-17 06:00:00,42.7,85.0,0.0,8.9
2026-01-17 07:00:00,41.3,91.0,0.0,3.6
2026-01-17 08:00:00,44.3,91.5,0.0,7.5
2026-01-17 09:00:00,49.1,83.0,0.0,6.1
2026-01-17 10:00:00,49.3,89.5,0.0,4.6
2026-01-17 11:00:00,46.5,77.9,0.0,7.3
2026-01-17 12:00:00,53.1,78.1,0.0,10.1
2026-01-17 13:00:00,49.9,74.7,0.0,7.9
2026-01-17 14:00:00,56.8,76.8,0.0,6.4
2026-01-17 15:00:00,56.1,89.2,0.0,10.9
2026-01-17 16:00:00,54.0,93.1,0.0,1.0
2026-01-17 17:00:00,53.0,84.5,0.0,2.7
2026-01-17 18:00:00,50.9,81.3,0.0,4.6
2026-01-17 19:00:00,51.7,82.9,0.0,10.3
2026-01-17 20:00:00,47.4,88.8,0.0,8.8
2026-01-17 21:00:00,47.1,78.8,0.0,0.9
2026-01-17 22:00:00,46.9,83.9,0.0,4.7
2026-01-17 23:00:00,41.6,96.8,0.0,2.0
2026-01-18 00:00:00,40.0,85.3,0.0,5.9
2026-01-18 01:00:00,37.5,88.2,0.0,8.7
2026-01-18 02:00:00,37.1,92.2,0.0,8.9
2026-01-18 03:00:00,34.9,94.7,0.0,6.8
2026-01-18 04:00:00,41.6,86.5,0.0,4.7
2026-01-18 05:00:00,45.0,88.2,0.0,5.7
2026-01-18 06:00:00,45.1,90.7,0.0,8.0
2026-01-18 07:00:00,38.9,100.0,0.0,13.0
2026-01-18 08:00:00,46.5,86.3,0.0,2.4
2026-01-18 09:00:00,50.1,84.8,0.0,10.8
2026-01-18 10:00:00,47.2,94.2,0.0,6.7
2026-01-18 11:00:00,50.3,82.1,0.0,8.5
2026-01-18 12:00:00,46.4,80.3,0.0,6.6
2026-01-18 13:00:00,53.2,84.5,0.0,10.2
2026-01-18 14:00:00,50.6,90.0,0.0,7.0
2026-01-18 15:00:00,54.0,84.6,0.0,4.1
2026-01-18 16:00:00,49.4,84.9,0.0,7.4
2026-01-18 17:00:00,53.9,75.6,0.0,9.4
2026-01-18 18:00:00,54.0,82.5,0.0,6.0
2026-01-18 19:00:00,48.0,92.2,0.0,0.0
2026-01-18 20:00:00,45.5,81.3,0.0,5.7
2026-01-18 21:00:00,41.1,88.7,0.061,6.3
2026-01-18 22:00:00,44.0,86.3,0.0,5.9
2026-01-18 23:00:00,41.6,86.2,0.0,4.5
2026-01-19 00:00:00,37.7,93.0,0.0,10.0
2026-01-19 01:00:00,41.6,91.9,0.0,0.0
2026-01-19 02:00:00,38.6,93.4,0.0,6.3
2026-01-19 03:00:00,36.8,87.4,0.0,6.3
2026-01-19 04:00:00,38.4,83.2,0.0,12.3
2026-01-19 05:00:00,43.1,90.1,0.0,6.0
2026-01-19 06:00:00,43.1,86.3,0.0,7.3
2026-01-19 07:00:00,42.7,98.2,0.0,6.4
2026-01-19 08:00:00,46.2,96.5,0.0,6.3
2026-01-19 09:00:00,43.6,98.5,0.0,11.3
2026-01-19 10:00:00,48.4,81.2,0.0,2.7
2026-01-19 11:00:00,50.4,87.6,0.0,4.0
2026-01-19 12:00:00,50.3,89.2,0.0,8.3
2026-01-19 13:00:00,53.7,86.8,0.0,6.8
2026-01-19 14:00:00,51.3,82.5,0.0,5.2
2026-01-19 15:00:00,54.8,88.8,0.0,5.8
2026-01-19 16:00:00,54.6,82.4,0.0,8.7
2026-01-19 17:00:00,45.3,88.2,0.0,7.5
2026-01-19 18:00:00,54.4,74.9,0.0,3.9
2026-01-19 19:00:00,42.4,92.4,0.0,6.7
2026-01-19 20:00:00,46.8,85.5,0.0,5.9
2026-01-19 21:00:00,49.1,87.8,0.0,7.4
2026-01-19 22:00:00,43.9,89.5,0.0,5.0
2026-01-19 23:00:00,39.3,91.8,0.0,2.4
2026-01-20 00:00:00,38.8,90.9,0.0,8.0
2026-01-20 01:00:00,43.0,92.8,0.0,7.6
2026-01-20 02:00:00,34.9,92.3,0.0,10.2
2026-01-20 03:00:00,42.3,81.9,0.0,2.1
2026-01-20 04:00:00,39.6,93.6,0.0,5.8
2026-01-20 05:00:00,37.5,87.9,0.0,5.3
2026-01-20 06:00:00,40.1,83.8,0.0,4.8
2026-01-20 07:00:00,40.5,85.1,0.0,1.4
2026-01-20 08:00:00,46.9,88.1,0.0,2.8
2026-01-20 09:00:00,48.3,85.4,0.003,6.8
2026-01-20 10:00:00,44.0,77.6,0.0,4.5
2026-01-20 11:00:00,49.0,83.6,0.0,3.5
2026-01-20 12:00:00,49.3,91.2,0.0,10.3
2026-01-20 13:00:00,55.8,79.6,0.0,13.1
2026-01-20 14:00:00,49.9,84.2,0.0,5.8
2026-01-20 15:00:00,57.5,86.1,0.0,1.5
2026-01-20 16:00:00,53.2,87.2,0.0,7.2
2026-01-20 17:00:00,49.7,90.3,0.0,0.0
2026-01-20 18:00:00,49.8,71.3,0.0,1.9
2026-01-20 19:00:00,48.0,94.8,0.0,7.2
2026-01-20 20:00:00,45.1,90.9,0.0,1.8
2026-01-20 21:00:00,46.7,99.1,0.0,5.1
2026-01-20 22:00:00,41.6,85.7,0.0,1.5
2026-01-20 23:00:00,37.5,83.0,0.0,6.2
2026-01-21 00:00:00,40.6,90.2,0.0,9.4
2026-01-21 01:00:00,35.9,91.4,0.0,4.2
2026-01-21 02:00:00,37.9,94.9,0.0,5.9
2026-01-21 03:00:00,37.2,97.4,0.0,3.6
2026-01-21 04:00:00,37.6,91.4,0.0,3.8
2026-01-21 05:00:00,45.4,86.3,0.0,3.5
2026-01-21 06:00:00,41.7,92.2,0.0,8.4
2026-01-21 07:00:00,43.6,87.2,0.0,1.8
2026-01-21 08:00:00,40.3,88.7,0.0,5.0
2026-01-21 09:00:00,44.9,93.0,0.0,7.2
2026-01-21 10:00:00,48.9,91.9,0.0,8.7
2026-01-21 11:00:00,47.4,91.8,0.0,7.3
2026-01-21 12:00:00,53.7,82.1,0.0,5.8
2026-01-21 13:00:00,49.6,74.5,0.0,4.3
2026-01-21 14:00:00,52.6,82.9,0.0,8.8
2026-01-21 15:00:00,52.0,80.1,0.0,3.4
2026-01-21 16:00:00,53.7,82.3,0.0,3.4
2026-01-21 17:00:00,51.0,81.1,0.0,10.1
2026-01-21 18:00:00,50.8,84.5,0.0,7.1
2026-01-21 19:00:00,49.4,80.1,0.0,7.2
2026-01-21 20:00:00,46.5,80.5,0.0,7.8
2026-01-21 21:00:00,47.7,92.4,0.0,5.7
2026-01-21 22:00:00,45.3,82.7,0.0,1.7
2026-01-21 23:00:00,42.8,89.0,0.0,6.8
2026-01-22 00:00:00,40.5,95.0,0.0,5.9
2026-01-22 01:00:00,42.4,93.7,0.0,3.4
2026-01-22 02:00:00,39.2,94.9,0.0,2.7
2026-01-22 03:00:00,38.7,92.7,0.0,5.9
2026-01-22 04:00:00,40.0,94.1,0.0,1.9
2026-01-22 05:00:00,44.7,94.8,0.0,5.6
2026-01-22 06:00:00,38.2,93.6,0.0,5.2
2026-01-22 07:00:00,44.9,78.6,0.0,5.6
2026-01-22 08:00:00,40.0,87.9,0.0,7.2
2026-01-22 09:00:00,47.1,90.1,0.0,7.9
2026-01-22 10:00:00,52.3,80.6,0.0,3.9
2026-01-22 11:00:00,51.2,92.4,0.0,8.6
2026-01-22 12:00:00,51.9,83.6,0.0,5.3
2026-01-22 13:00:00,51.2,84.8,0.0,11.3
2026-01-22 14:00:00,53.4,88.8,0.0,4.2
2026-01-22 15:00:00,52.9,82.5,0.0,1.2
2026-01-22 16:00:00,51.3,85.2,0.0,8.5
2026-01-22 17:00:00,51.9,88.5,0.0,7.3
2026-01-22 18:00:00,52.0,76.6,0.0,9.6
2026-01-22 19:00:00,48.1,84.6,0.0,6.9
2026-01-22 20:00:00,46.3,91.2,0.0,13.0
2026-01-22 21:00:00,43.1,89.1,0.0,5.4
2026-01-22 22:00:00,45.7,94.7,0.0,9.1
2026-01-22 23:00:00,44.4,80.2,0.0,4.4
2026-01-23 00:00:00,42.1,80.9,0.0,7.5
2026-01-23 01:00:00,42.9,92.8,0.0,8.0
2026-01-23 02:00:00,40.0,94.8,0.0,8.5
2026-01-23 03:00:00,40.5,89.3,0.0,8.3
2026-01-23 04:00:00,40.5,92.2,0.0,0.0
2026-01-23 05:00:00,40.2,94.1,0.0,5.8
2026-01-23 06:00:00,40.2,86.3,0.0,4.3
2026-01-23 07:00:00,48.6,82.3,0.0,4.9
2026-01-23 08:00:00,43.6,89.5,0.0,5.1
2026-01-23 09:00:00,44.9,92.3,0.0,8.9
2026-01-23 10:00:00,49.4,79.5,0.0,6.6
2026-01-23 11:00:00,50.7,83.6,0.0,4.5
2026-01-23 12:00:00,48.0,84.9,0.0,1.6
2026-01-23 13:00:00,55.4,84.1,0.0,10.6
2026-01-23 14:00:00,53.1,83.3,0.0,4.1
2026-01-23 15:00:00,50.8,81.9,0.0,5.6
2026-01-23 16:00:00,56.3,87.8,0.0,12.4
2026-01-23 17:00:00,54.2,80.0,0.0,4.1
2026-01-23 18:00:00,48.3,84.5,0.0,5.2
2026-01-23 19:00:00,54.5,74.6,0.0,6.7
2026-01-23 20:00:00,50.0,81.4,0.0,1.2
2026-01-23 21:00:00,46.5,89.5,0.0,0.8
2026-01-23 22:00:00,48.7,87.3,0.0,4.6
2026-01-23 23:00:00,43.4,91.6,0.0,4.7
2026-01-24 00:00:00,41.5,92.4,0.0,6.4
2026-01-24 01:00:00,38.8,100.0,0.0,3.1
2026-01-24 02:00:00,41.2,86.1,0.0,7.3
2026-01-24 03:00:00,40.7,82.0,0.0,0.0
2026-01-24 04:00:00,39.8,85.4,0.0,5.8
2026-01-24 05:00:00,38.5,87.8,0.0,7.1
2026-01-24 06:00:00,41.9,84.6,0.0,7.0
2026-01-24 07:00:00,42.9,89.4,0.0,5.5
2026-01-24 08:00:00,41.4,96.0,0.0,4.0
2026-01-24 09:00:00,42.9,96.6,0.0,5.4
2026-01-24 10:00:00,49.8,87.6,0.0,9.7
2026-01-24 11:00:00,43.5,99.3,0.0,4.2
2026-01-24 12:00:00,52.0,82.1,0.0,8.9
2026-01-24 13:00:00,51.4,76.1,0.0,9.4
2026-01-24 14:00:00,56.6,86.6,0.0,0.8
2026-01-24 15:00:00,52.3,74.5,0.0,5.6
2026-01-24 16:00:00,55.0,78.5,0.0,3.1
2026-01-24 17:00:00,51.6,86.7,0.0,1.5
2026-01-24 18:00:00,51.8,83.5,0.0,8.4
2026-01-24 19:00:00,51.9,83.0,0.0,7.4
2026-01-24 20:00:00,47.2,80.6,0.0,6.8
2026-01-24 21:00:00,49.0,85.5,0.0,2.7
2026-01-24 22:00:00,42.2,94.3,0.0,6.6
2026-01-24 23:00:00,43.8,88.5,0.0,2.1
2026-01-25 00:00:00,43.9,84.2,0.0,6.2
2026-01-25 01:00:00,42.1,83.1,0.0,4.0
2026-01-25 02:00:00,44.6,83.9,0.0,9.2
2026-01-25 03:00:00,37.6,93.8,0.0,4.9
2026-01-25 04:00:00,36.3,94.2,0.0,6.7
2026-01-25 05:00:00,38.0,87.6,0.0,6.7
2026-01-25 06:00:00,43.2,77.7,0.0,5.8
2026-01-25 07:00:00,44.3,90.2,0.0,6.3
2026-01-25 08:00:00,45.0,83.3,0.0,6.9
2026-01-25 09:00:00,43.8,91.9,0.0,3.3
2026-01-25 10:00:00,50.3,81.1,0.0,7.2
2026-01-25 11:00:00,47.0,81.7,0.0,8.6
2026-01-25 12:00:00,54.4,83.3,0.0,7.2
2026-01-25 13:00:00,59.8,91.4,0.0,4.9
2026-01-25 14:00:00,54.3,86.4,0.0,6.5
2026-01-25 15:00:00,55.0,82.9,0.0,4.9
2026-01-25 16:00:00,52.1,85.6,0.0,5.6
2026-01-25 17:00:00,48.1,77.3,0.0,2.4
2026-01-25 18:00:00,50.0,79.4,0.0,10.1
2026-01-25 19:00:00,47.3,73.9,0.0,11.8
2026-01-25 20:00:00,44.8,96.5,0.0,3.9
2026-01-25 21:00:00,50.9,92.2,0.0,8.4
2026-01-25 22:00:00,45.4,89.5,0.0,10.4
2026-01-25 23:00:00,44.0,89.0,0.0,3.1
2026-01-26 00:00:00,40.8,82.3,0.0,0.0
2026-01-26 01:00:00,40.1,89.4,0.0,10.6
2026-01-26 02:00:00,42.2,98.2,0.0,6.0
2026-01-26 03:00:00,39.5,91.4,0.0,4.4
2026-01-26 04:00:00,41.1,87.1,0.0,6.1
2026-01-26 05:00:00,40.0,81.7,0.0,4.9
2026-01-26 06:00:00,40.8,97.0,0.0,14.9
2026-01-26 07:00:00,39.6,90.4,0.0,4.4
2026-01-26 08:00:00,39.8,81.8,0.0,7.0
2026-01-26 09:00:00,45.9,82.6,0.0,9.9
2026-01-26 10:00:00,48.5,79.4,0.0,9.9
2026-01-26 11:00:00,46.9,86.1,0.0,9.3
2026-01-26 12:00:00,51.5,85.2,0.0,4.7
2026-01-26 13:00:00,52.8,80.9,0.0,5.5
2026-01-26 14:00:00,48.0,90.0,0.0,0.0
2026-01-26 15:00:00,51.3,84.7,0.0,5.8
2026-01-26 16:00:00,54.4,87.9,0.0,6.1
2026-01-26 17:00:00,53.6,81.2,0.0,8.2
2026-01-26 18:00:00,48.7,100.0,0.0,11.4
2026-01-26 19:00:00,50.5,81.9,0.0,8.1
2026-01-26 20:00:00,51.0,80.0,0.0,9.2
2026-01-26 21:00:00,48.5,80.7,0.0,5.9
2026-01-26 22:00:00,44.5,87.0,0.0,9.9
2026-01-26 23:00:00,41.9,80.9,0.0,6.0
2026-01-27 00:00:00,40.1,91.9,0.0,9.4
2026-01-27 01:00:00,41.7,80.0,0.0,8.4
2026-01-27 02:00:00,40.3,91.1,0.0,7.2
2026-01-27 03:00:00,41.1,83.1,0.0,1.4
2026-01-27 04:00:00,40.1,88.5,0.0,9.3
2026-01-27 05:00:00,42.6,92.1,0.0,7.1
2026-01-27 06:00:00,41.9,100.0,0.0,8.1
2026-01-27 07:00:00,45.1,82.3,0.0,6.9
2026-01-27 08:00:00,47.0,85.9,0.0,7.5
2026-01-27 09:00:00,44.6,84.3,0.0,9.9
2026-01-27 10:00:00,43.9,84.0,0.0,4.6
2026-01-27 11:00:00,54.0,79.2,0.0,7.4
2026-01-27 12:00:00,52.2,87.9,0.0,3.7
2026-01-27 13:00:00,48.4,83.4,0.0,7.7
2026-01-27 14:00:00,51.6,95.4,0.0,6.8
2026-01-27 15:00:00,55.6,84.0,0.0,4.1
2026-01-27 16:00:00,52.7,78.5,0.0,6.3
2026-01-27 17:00:00,51.4,82.4,0.0,4.3
2026-01-27 18:00:00,55.1,78.2,0.0,4.9
2026-01-27 19:00:00,47.5,90.4,0.0,7.1
2026-01-27 20:00:00,46.4,78.8,0.0,6.8
2026-01-27 21:00:00,47.1,79.9,0.0,0.2
2026-01-27 22:00:00,45.8,84.4,0.0,7.1
2026-01-27 23:00:00,44.3,91.5,0.0,5.1
2026-01-28 00:00:00,43.9,94.5,0.0,4.8
2026-01-28 01:00:00,41.0,96.8,0.0,2.6
2026-01-28 02:00:00,41.1,92.6,0.0,5.9
2026-01-28 03:00:00,38.9,90.7,0.0,4.4
2026-01-28 04:00:00,40.0,94.5,0.0,9.8
2026-01-28 05:00:00,40.8,84.3,0.0,0.8
2026-01-28 06:00:00,42.2,80.1,0.0,3.1
2026-01-28 07:00:00,45.1,89.9,0.0,2.9
2026-01-28 08:00:00,46.2,82.1,0.0,6.8
2026-01-28 09:00:00,46.8,86.5,0.0,9.5
2026-01-28 10:00:00,46.5,87.6,0.0,7.5
2026-01-28 11:00:00,50.3,86.1,0.0,2.7
2026-01-28 12:00:00,51.6,88.8,0.0,4.7
2026-01-28 13:00:00,53.2,87.4,0.0,3.6
2026-01-28 14:00:00,59.0,81.0,0.0,7.5
2026-01-28 15:00:00,52.4,81.5,0.0,4.7
2026-01-28 16:00:00,54.5,83.1,0.0,1.8
2026-01-28 17:00:00,55.4,79.0,0.0,7.8
2026-01-28 18:00:00,51.9,83.0,0.0,9.8
2026-01-28 19:00:00,56.0,94.8,0.0,5.5
2026-01-28 20:00:00,47.5,87.3,0.0,6.4
2026-01-28 21:00:00,47.5,88.6,0.0,1.5
2026-01-28 22:00:00,42.8,85.4,0.0,0.0
2026-01-28 23:00:00,42.2,94.4,0.0,0.5
2026-01-29 00:00:00,42.3,93.0,0.0,5.9
2026-01-29 01:00:00,42.7,92.9,0.106,5.1
2026-01-29 02:00:00,40.7,91.2,0.0,7.6
2026-01-29 03:00:00,42.8,94.1,0.0,5.4
2026-01-29 04:00:00,39.6,97.1,0.0,9.0
2026-01-29 05:00:00,39.7,92.1,0.0,8.6
2026-01-29 06:00:00,48.5,85.3,0.0,5.0
2026-01-29 07:00:00,44.1,92.7,0.0,3.0
2026-01-29 08:00:00,43.1,84.3,0.0,0.3
2026-01-29 09:00:00,45.0,84.2,0.0,10.3
2026-01-29 10:00:00,46.2,86.8,0.0,3.2
2026-01-29 11:00:00,52.6,74.9,0.0,1.5
2026-01-29 12:00:00,50.8,88.7,0.0,6.4
2026-01-29 13:00:00,53.1,78.5,0.0,1.5
2026-01-29 14:00:00,53.4,80.8,0.0,6.4
2026-01-29 15:00:00,55.6,80.9,0.0,5.0
2026-01-29 16:00:00,51.4,84.4,0.0,8.8
2026-01-29 17:00:00,50.1,83.2,0.0,8.5
2026-01-29 18:00:00,52.2,83.4,0.0,9.3
2026-01-29 19:00:00,51.7,83.8,0.0,6.6
2026-01-29 20:00:00,49.3,83.1,0.0,3.4
2026-01-29 21:00:00,44.7,84.1,0.0,2.9
2026-01-29 22:00:00,46.6,92.3,0.0,4.4
2026-01-29 23:00:00,41.3,79.3,0.0,12.0
2026-01-30 00:00:00,40.4,89.2,0.0,5.3
2026-01-30 01:00:00,38.2,89.1,0.0,6.5
2026-01-30 02:00:00,43.1,90.9,0.0,10.6
2026-01-30 03:00:00,41.2,82.6,0.019,6.8
2026-01-30 04:00:00,41.4,87.2,0.0,3.8
2026-01-30 05:00:00,43.7,87.9,0.0,8.2
2026-01-30 06:00:00,48.8,91.0,0.0,4.7
2026-01-30 07:00:00,38.9,92.8,0.0,6.9
2026-01-30 08:00:00,43.0,82.9,0.0,7.5
2026-01-30 09:00:00,45.2,85.2,0.0,4.5
2026-01-30 10:00:00,46.4,91.4,0.0,6.6
2026-01-30 11:00:00,47.6,80.3,0.0,10.8
2026-01-30 12:00:00,51.0,84.1,0.0,4.1
2026-01-30 13:00:00,49.8,85.1,0.0,10.0
2026-01-30 14:00:00,54.4,80.6,0.0,4.2
2026-01-30 15:00:00,53.9,96.3,0.0,11.4
2026-01-30 16:00:00,54.8,80.3,0.0,3.4
2026-01-30 17:00:00,54.1,85.0,0.0,4.8
2026-01-30 18:00:00,53.2,79.4,0.0,10.5
2026-01-30 19:00:00,49.3,88.0,0.0,10.7
2026-01-30 20:00:00,53.9,87.2,0.0,8.5
2026-01-30 21:00:00,47.3,83.5,0.0,2.8
2026-01-30 22:00:00,40.2,90.1,0.0,6.2
2026-01-30 23:00:00,40.7,85.6,0.0,6.0
2026-01-31 00:00:00,37.4,86.2,0.0,3.4
2026-01-31 01:00:00,40.7,95.3,0.0,8.1
2026-01-31 02:00:00,39.6,87.9,0.0,3.7
2026-01-31 03:00:00,38.5,79.3,0.0,2.1
2026-01-31 04:00:00,44.9,96.6,0.0,1.1
2026-01-31 05:00:00,42.0,85.4,0.0,11.1
2026-01-31 06:00:00,43.6,87.3,0.0,4.5
2026-01-31 07:00:00,40.9,98.2,0.0,4.5
2026-01-31 08:00:00,42.4,88.4,0.0,2.9
2026-01-31 09:00:00,46.9,85.9,0.0,10.1
2026-01-31 10:00:00,49.0,79.4,0.0,1.9
2026-01-31 11:00:00,45.7,79.2,0.0,2.4
2026-01-31 12:00:00,51.3,83.4,0.0,5.0
2026-01-31 13:00:00,53.0,85.2,0.0,5.9
2026-01-31 14:00:00,53.1,84.8,0.0,8.0
2026-01-31 15:00:00,51.8,81.6,0.0,4.0
2026-01-31 16:00:00,52.3,83.8,0.0,10.6
2026-01-31 17:00:00,52.5,74.5,0.0,4.0
2026-01-31 18:00:00,52.0,86.2,0.0,3.0
2026-01-31 19:00:00,51.8,84.8,0.0,2.7
2026-01-31 20:00:00,51.3,94.1,0.0,3.7
2026-01-31 21:00:00,46.0,87.2,0.0,2.5
2026-01-31 22:00:00,43.8,83.7,0.0,8.3
2026-01-31 23:00:00,44.3,87.9,0.0,3.0
2026-02-01 00:00:00,43.3,87.0,0.0,5.6
2026-02-01 01:00:00,39.6,92.9,0.0,2.9
2026-02-01 02:00:00,41.9,89.6,0.0,2.5
2026-02-01 03:00:00,42.2,83.0,0.0,9.3
2026-02-01 04:00:00,43.2,80.6,0.0,10.8
2026-02-01 05:00:00,45.1,89.0,0.0,9.8
2026-02-01 06:00:00,39.6,97.6,0.0,1.6
2026-02-01 07:00:00,43.3,89.1,0.0,2.0
2026-02-01 08:00:00,45.0,91.8,0.0,11.9
2026-02-01 09:00:00,46.6,91.9,0.0,5.2
2026-02-01 10:00:00,47.0,88.0,0.0,1.9
2026-02-01 11:00:00,46.7,82.8,0.0,9.2
2026-02-01 12:00:00,52.1,84.8,0.0,6.2
2026-02-01 13:00:00,51.1,90.5,0.0,7.7
2026-02-01 14:00:00,53.9,85.5,0.0,0.0
2026-02-01 15:00:00,52.0,87.7,0.0,5.0
2026-02-01 16:00:00,50.9,82.2,0.0,8.8
2026-02-01 17:00:00,53.6,82.0,0.0,4.1
2026-02-01 18:00:00,52.2,83.2,0.0,9.7
2026-02-01 19:00:00,51.8,83.7,0.0,2.0
2026-02-01 20:00:00,54.1,88.6,0.0,5.7
2026-02-01 21:00:00,47.5,74.6,0.0,10.9
2026-02-01 22:00:00,46.2,87.2,0.0,2.5
2026-02-01 23:00:00,40.6,89.8,0.0,6.8
2026-02-02 00:00:00,38.6,84.4,0.0,7.8
2026-02-02 01:00:00,44.7,91.3,0.0,6.3
2026-02-02 02:00:00,37.7,88.2,0.0,5.2
2026-02-02 03:00:00,37.1,90.3,0.0,3.4
2026-02-02 04:00:00,39.9,99.8,0.0,6.6
2026-02-02 05:00:00,40.5,95.3,0.0,5.7
2026-02-02 06:00:00,39.6,93.6,0.0,1.7
2026-02-02 07:00:00,42.6,91.0,0.0,9.3
2026-02-02 08:00:00,48.1,85.2,0.0,3.3
2026-02-02 09:00:00,44.9,97.8,0.0,1.8
2026-02-02 10:00:00,45.2,91.6,0.0,4.2
2026-02-02 11:00:00,52.8,79.7,0.0,3.3
2026-02-02 12:00:00,53.2,76.3,0.0,5.2
2026-02-02 13:00:00,51.5,87.0,0.0,2.3
2026-02-02 14:00:00,49.8,84.8,0.0,7.3
2026-02-02 15:00:00,52.1,76.7,0.0,10.1
2026-02-02 16:00:00,53.6,85.1,0.0,6.3
2026-02-02 17:00:00,56.0,80.4,0.0,1.7
2026-02-02 18:00:00,49.3,88.0,0.0,3.3
2026-02-02 19:00:00,50.2,87.1,0.0,6.7
2026-02-02 20:00:00,50.4,81.7,0.0,0.1
2026-02-02 21:00:00,40.9,93.2,0.0,2.3
2026-02-02 22:00:00,47.6,83.8,0.0,1.1
2026-02-02 23:00:00,40.4,88.1,0.0,6.3
2026-02-03 00:00:00,42.7,86.3,0.0,12.5
2026-02-03 01:00:00,41.4,95.4,0.0,2.2
2026-02-03 02:00:00,42.7,87.6,0.0,8.4
2026-02-03 03:00:00,41.2,96.7,0.0,4.3
2026-02-03 04:00:00,34.1,100.0,0.0,2.0
2026-02-03 05:00:00,38.8,87.5,0.0,10.7
2026-02-03 06:00:00,42.2,74.7,0.0,12.5
2026-02-03 07:00:00,42.9,94.1,0.0,7.2
2026-02-03 08:00:00,46.3,85.3,0.0,7.1
2026-02-03 09:00:00,48.9,81.3,0.0,6.2
2026-02-03 10:00:00,50.3,81.9,0.0,5.6
2026-02-03 11:00:00,50.0,82.9,0.0,7.0
2026-02-03 12:00:00,47.4,92.9,0.0,8.0
2026-02-03 13:00:00,52.0,84.7,0.0,11.0
2026-02-03 14:00:00,54.9,88.7,0.0,4.4
2026-02-03 15:00:00,51.4,86.7,0.0,6.4
2026-02-03 16:00:00,55.4,80.5,0.0,5.7
2026-02-03 17:00:00,55.4,80.1,0.0,9.1
2026-02-03 18:00:00,52.3,86.5,0.0,13.2
2026-02-03 19:00:00,42.9,93.0,0.0,9.2
2026-02-03 20:00:00,45.6,92.4,0.0,8.4
2026-02-03 21:00:00,51.7,82.8,0.0,8.7
2026-02-03 22:00:00,43.7,89.3,0.0,9.8
2026-02-03 23:00:00,38.4,94.3,0.0,13.2
2026-02-04 00:00:00,45.0,85.8,0.0,0.9
2026-02-04 01:00:00,40.8,84.4,0.0,7.8
2026-02-04 02:00:00,42.8,84.9,0.0,0.0
2026-02-04 03:00:00,40.5,89.0,0.0,8.9
2026-02-04 04:00:00,41.2,93.1,0.0,7.7
2026-02-04 05:00:00,41.7,95.9,0.0,4.4
2026-02-04 06:00:00,43.7,81.7,0.0,0.0
2026-02-04 07:00:00,49.1,82.5,0.0,6.0
2026-02-04 08:00:00,47.6,84.5,0.0,6.7
2026-02-04 09:00:00,43.0,92.8,0.0,5.8
2026-02-04 10:00:00,50.0,82.4,0.0,4.1
2026-02-04 11:00:00,53.4,81.0,0.0,3.3
2026-02-04 12:00:00,55.1,75.1,0.0,5.8
2026-02-04 13:00:00,52.1,86.2,0.0,3.6
2026-02-04 14:00:00,56.8,80.4,0.0,8.4
2026-02-04 15:00:00,56.5,78.2,0.0,5.8
2026-02-04 16:00:00,60.4,78.0,0.0,0.8
2026-02-04 17:00:00,51.3,89.9,0.0,6.5
2026-02-04 18:00:00,50.8,79.5,0.0,7.2
2026-02-04 19:00:00,49.8,80.9,0.0,10.9
2026-02-04 20:00:00,47.6,92.6,0.0,8.8
2026-02-04 21:00:00,44.8,88.3,0.0,3.3
2026-02-04 22:00:00,38.2,94.8,0.0,10.3
2026-02-04 23:00:00,42.3,91.2,0.0,1.8
2026-02-05 00:00:00,42.9,88.7,0.0,6.1
2026-02-05 01:00:00,39.6,89.0,0.0,8.3
2026-02-05 02:00:00,45.0,91.9,0.0,10.4
2026-02-05 03:00:00,39.9,96.4,0.0,11.7
2026-02-05 04:00:00,43.3,94.1,0.0,9.8
2026-02-05 05:00:00,41.5,83.8,0.016,5.6
2026-02-05 06:00:00,44.0,94.8,0.0,7.7
2026-02-05 07:00:00,44.2,86.4,0.0,6.7
2026-02-05 08:00:00,48.6,82.0,0.0,3.9
2026-02-05 09:00:00,47.2,85.7,0.0,5.7
2026-02-05 10:00:00,50.2,89.1,0.0,11.4
2026-02-05 11:00:00,51.6,86.8,0.0,7.9
2026-02-05 12:00:00,51.4,82.9,0.0,12.2
2026-02-05 13:00:00,54.3,86.8,0.0,2.8
2026-02-05 14:00:00,59.6,80.4,0.0,4.9
2026-02-05 15:00:00,53.6,80.2,0.0,7.2
2026-02-05 16:00:00,55.1,78.7,0.0,8.2
2026-02-05 17:00:00,56.4,83.5,0.0,5.6
2026-02-05 18:00:00,55.0,81.8,0.0,8.4
2026-02-05 19:00:00,50.7,77.7,0.0,8.4
2026-02-05 20:00:00,43.0,93.1,0.0,1.8
2026-02-05 21:00:00,48.4,83.5,0.0,8.3
2026-02-05 22:00:00,39.7,98.6,0.0,9.2
2026-02-05 23:00:00,47.1,79.6,0.0,6.9
2026-02-06 00:00:00,42.5,88.2,0.0,0.5
2026-02-06 01:00:00,43.4,85.1,0.0,5.2
2026-02-06 02:00:00,37.9,86.8,0.0,7.3
2026-02-06 03:00:00,36.0,90.2,0.0,3.4
2026-02-06 04:00:00,40.8,98.9,0.0,8.8
2026-02-06 05:00:00,40.8,90.8,0.0,8.2
2026-02-06 06:00:00,40.8,86.1,0.0,6.4
2026-02-06 07:00:00,43.7,79.3,0.0,6.1
2026-02-06 08:00:00,52.2,75.2,0.0,6.6
2026-02-06 09:00:00,49.2,82.7,0.0,6.0
2026-02-06 10:00:00,51.6,80.9,0.0,2.1
2026-02-06 11:00:00,52.9,82.3,0.0,4.7
2026-02-06 12:00:00,55.9,70.4,0.0,6.2
2026-02-06 13:00:00,52.9,82.9,0.0,10.3
2026-02-06 14:00:00,49.0,90.7,0.0,8.1
2026-02-06 15:00:00,53.9,91.0,0.0,10.4
2026-02-06 16:00:00,56.1,72.1,0.0,1.8
2026-02-06 17:00:00,51.0,80.5,0.0,4.9
2026-02-06 18:00:00,51.8,79.7,0.0,12.2
2026-02-06 19:00:00,49.0,86.3,0.0,3.8
2026-02-06 20:00:00,52.8,77.4,0.0,3.7
2026-02-06 21:00:00,49.0,94.0,0.0,5.2
2026-02-06 22:00:00,46.9,86.9,0.0,12.1
2026-02-06 23:00:00,45.1,87.1,0.0,4.0
2026-02-07 00:00:00,42.0,97.4,0.0,7.7
2026-02-07 01:00:00,41.4,89.6,0.0,7.2
2026-02-07 02:00:00,37.3,94.0,0.0,0.2
2026-02-07 03:00:00,34.5,89.8,0.0,6.0
2026-02-07 04:00:00,40.6,83.3,0.0,4.3
2026-02-07 05:00:00,41.7,86.5,0.0,8.0
2026-02-07 06:00:00,45.1,98.6,0.0,11.2
2026-02-07 07:00:00,47.5,89.5,0.0,5.0
2026-02-07 08:00:00,49.3,86.8,0.0,5.0
2026-02-07 09:00:00,44.7,83.0,0.048,13.6
2026-02-07 10:00:00,48.2,90.5,0.0,3.9
2026-02-07 11:00:00,52.0,77.1,0.0,2.0
2026-02-07 12:00:00,58.7,72.4,0.0,10.1
2026-02-07 13:00:00,57.2,78.3,0.0,5.8
2026-02-07 14:00:00,57.0,90.9,0.0,6.8
2026-02-07 15:00:00,53.5,92.6,0.0,12.7
2026-02-07 16:00:00,52.0,81.6,0.0,1.8
2026-02-07 17:00:00,55.5,78.6,0.0,5.4
2026-02-07 18:00:00,49.6,77.0,0.0,2.3
2026-02-07 19:00:00,50.2,85.3,0.0,7.0
2026-02-07 20:00:00,48.8,86.5,0.0,4.3
2026-02-07 21:00:00,51.2,88.3,0.0,2.5
2026-02-07 22:00:00,44.5,92.6,0.0,8.2
2026-02-07 23:00:00,37.5,90.9,0.0,6.0
2026-02-08 00:00:00,43.4,91.4,0.0,2.2
2026-02-08 01:00:00,39.2,87.4,0.0,2.4
2026-02-08 02:00:00,40.4,93.0,0.0,6.6
2026-02-08 03:00:00,39.8,88.1,0.0,1.0
2026-02-08 04:00:00,39.6,93.0,0.0,6.7
2026-02-08 05:00:00,43.0,90.8,0.0,10.0
2026-02-08 06:00:00,38.3,91.8,0.0,8.0
2026-02-08 07:00:00,42.4,93.2,0.0,4.1
2026-02-08 08:00:00,47.1,78.7,0.0,6.8
2026-02-08 09:00:00,45.8,82.0,0.0,2.2
2026-02-08 10:00:00,45.2,86.3,0.0,6.4
2026-02-08 11:00:00,52.6,76.4,0.0,5.0
2026-02-08 12:00:00,55.2,80.1,0.0,2.9
2026-02-08 13:00:00,53.5,81.2,0.0,7.9
2026-02-08 14:00:00,49.4,91.9,0.0,0.1
2026-02-08 15:00:00,56.3,82.2,0.0,2.4
2026-02-08 16:00:00,50.2,90.1,0.0,2.8
2026-02-08 17:00:00,54.4,84.1,0.0,4.5
2026-02-08 18:00:00,50.2,82.2,0.0,9.9
2026-02-08 19:00:00,48.0,86.8,0.0,8.3
2026-02-08 20:00:00,48.1,89.7,0.0,6.3
2026-02-08 21:00:00,46.8,92.7,0.0,6.2
2026-02-08 22:00:00,43.8,87.7,0.0,6.0
2026-02-08 23:00:00,45.1,79.4,0.0,10.1
2026-02-09 00:00:00,41.1,81.3,0.0,0.6
2026-02-09 01:00:00,43.5,86.9,0.0,8.3
2026-02-09 02:00:00,41.0,78.2,0.0,4.5
2026-02-09 03:00:00,38.3,100.0,0.0,7.5
2026-02-09 04:00:00,38.2,94.5,0.0,7.5
2026-02-09 05:00:00,36.9,89.0,0.0,8.2
2026-02-09 06:00:00,42.9,83.3,0.0,10.8
2026-02-09 07:00:00,42.8,94.1,0.0,1.9
2026-02-09 08:00:00,39.6,85.2,0.0,9.0
2026-02-09 09:00:00,46.0,82.1,0.0,5.8
2026-02-09 10:00:00,47.0,82.8,0.0,4.6
2026-02-09 11:00:00,55.0,82.8,0.0,12.1
2026-02-09 12:00:00,48.3,89.0,0.0,8.1
2026-02-09 13:00:00,50.1,90.9,0.0,4.7
2026-02-09 14:00:00,57.2,86.3,0.0,8.9
2026-02-09 15:00:00,58.1,80.6,0.0,5.9
2026-02-09 16:00:00,52.6,88.7,0.0,4.7
2026-02-09 17:00:00,52.1,80.5,0.0,4.2
2026-02-09 18:00:00,54.1,73.7,0.0,6.9
2026-02-09 19:00:00,45.2,84.3,0.0,4.2
2026-02-09 20:00:00,44.6,83.9,0.0,6.5
2026-02-09 21:00:00,46.7,83.7,0.0,8.7
2026-02-09 22:00:00,49.4,80.6,0.0,6.3
2026-02-09 23:00:00,42.6,86.7,0.0,11.9
2026-02-10 00:00:00,42.5,92.2,0.0,6.0
2026-02-10 01:00:00,43.9,96.9,0.0,10.0
2026-02-10 02:00:00,45.6,78.8,0.0,8.9
2026-02-10 03:00:00,38.7,84.8,0.0,10.6
2026-02-10 04:00:00,40.3,86.4,0.0,11.9
2026-02-10 05:00:00,45.7,91.2,0.0,0.7
2026-02-10 06:00:00,38.5,90.3,0.0,6.8
2026-02-10 07:00:00,46.4,83.4,0.0,5.7
2026-02-10 08:00:00,43.0,92.4,0.0,6.3
2026-02-10 09:00:00,47.7,91.0,0.0,4.8
2026-02-10 10:00:00,48.8,85.6,0.0,4.4
2026-02-10 11:00:00,48.7,81.6,0.0,2.7
2026-02-10 12:00:00,50.2,86.2,0.0,6.3
2026-02-10 13:00:00,54.5,81.4,0.0,8.8
2026-02-10 14:00:00,57.0,79.9,0.0,4.5
2026-02-10 15:00:00,54.5,80.0,0.0,5.0
2026-02-10 16:00:00,54.7,87.0,0.0,3.9
2026-02-10 17:00:00,55.2,83.4,0.0,3.0
2026-02-10 18:00:00,50.2,90.1,0.0,5.3
2026-02-10 19:00:00,53.0,90.0,0.0,7.0
2026-02-10 20:00:00,51.4,86.5,0.0,9.8
2026-02-10 21:00:00,54.0,80.3,0.057,2.4
2026-02-10 22:00:00,44.6,93.2,0.0,5.9
2026-02-10 23:00:00,42.7,91.4,0.0,9.5
2026-02-11 00:00:00,44.3,100.0,0.0,2.5
2026-02-11 01:00:00,43.2,90.3,0.0,9.8
2026-02-11 02:00:00,39.1,94.5,0.0,4.7
2026-02-11 03:00:00,39.2,92.4,0.0,8.1
2026-02-11 04:00:00,41.8,89.0,0.0,5.3
2026-02-11 05:00:00,39.1,89.7,0.0,7.4
2026-02-11 06:00:00,41.3,91.2,0.0,10.8
2026-02-11 07:00:00,44.1,90.9,0.0,5.6
2026-02-11 08:00:00,48.1,91.8,0.0,9.0
2026-02-11 09:00:00,46.0,88.7,0.0,6.8
2026-02-11 10:00:00,44.9,85.5,0.0,3.6
2026-02-11 11:00:00,46.4,85.3,0.0,5.6
2026-02-11 12:00:00,49.6,78.6,0.0,5.4
2026-02-11 13:00:00,50.6,92.9,0.0,1.8
2026-02-11 14:00:00,54.3,79.9,0.0,7.4
2026-02-11 15:00:00,51.9,88.8,0.0,8.0
2026-02-11 16:00:00,52.9,84.8,0.0,8.4
2026-02-11 17:00:00,52.0,85.4,0.0,10.3
2026-02-11 18:00:00,51.7,83.5,0.0,8.9
2026-02-11 19:00:00,54.5,78.6,0.0,4.2
2026-02-11 20:00:00,51.1,79.5,0.0,4.8
2026-02-11 21:00:00,47.6,95.0,0.0,8.5
2026-02-11 22:00:00,44.5,88.6,0.0,7.2
2026-02-11 23:00:00,42.8,94.6,0.0,5.9
2026-02-12 00:00:00,43.2,95.6,0.0,3.4
2026-02-12 01:00:00,42.7,87.0,0.0,4.4
2026-02-12 02:00:00,38.2,93.6,0.0,7.7
2026-02-12 03:00:00,40.3,90.5,0.0,0.1
2026-02-12 04:00:00,35.4,87.2,0.0,0.0
2026-02-12 05:00:00,41.8,88.6,0.0,8.1
2026-02-12 06:00:00,44.3,91.1,0.0,4.4
2026-02-12 07:00:00,43.3,86.2,0.0,7.4
2026-02-12 08:00:00,50.3,83.2,0.0,10.7
2026-02-12 09:00:00,45.4,86.6,0.0,3.0
2026-02-12 10:00:00,50.1,95.5,0.0,1.0
2026-02-12 11:00:00,51.3,75.1,0.0,5.2
2026-02-12 12:00:00,52.6,86.1,0.0,3.9
2026-02-12 13:00:00,53.8,81.7,0.0,5.9
2026-02-12 14:00:00,55.1,79.0,0.0,7.6
2026-02-12 15:00:00,57.2,79.7,0.0,7.0
2026-02-12 16:00:00,58.2,83.8,0.0,6.1
2026-02-12 17:00:00,54.1,86.4,0.0,9.2
2026-02-12 18:00:00,54.9,83.2,0.0,8.0
2026-02-12 19:00:00,49.6,90.7,0.0,5.5
2026-02-12 20:00:00,51.5,90.5,0.0,7.9
2026-02-12 21:00:00,45.7,91.4,0.0,1.4
2026-02-12 22:00:00,48.5,83.1,0.0,9.2
2026-02-12 23:00:00,49.5,87.8,0.0,6.1
2026-02-13 00:00:00,42.2,91.8,0.0,2.4
2026-02-13 01:00:00,35.8,88.7,0.0,4.8
2026-02-13 02:00:00,39.2,83.1,0.0,9.1
2026-02-13 03:00:00,43.4,78.5,0.0,3.7
2026-02-13 04:00:00,42.0,89.8,0.0,7.2
2026-02-13 05:00:00,41.9,90.9,0.0,8.6
2026-02-13 06:00:00,45.0,81.8,0.0,6.1
2026-02-13 07:00:00,45.2,92.8,0.0,3.4
2026-02-13 08:00:00,48.9,86.4,0.0,5.8
2026-02-13 09:00:00,50.0,91.7,0.0,1.8
2026-02-13 10:00:00,53.5,84.9,0.0,4.5
2026-02-13 11:00:00,52.4,78.4,0.0,2.7
2026-02-13 12:00:00,55.3,84.4,0.0,5.9
2026-02-13 13:00:00,53.4,86.5,0.0,2.2
2026-02-13 14:00:00,53.4,80.4,0.0,6.3
2026-02-13 15:00:00,59.4,72.6,0.0,9.4
2026-02-13 16:00:00,55.5,82.5,0.0,9.6
2026-02-13 17:00:00,56.2,76.6,0.0,2.3
2026-02-13 18:00:00,53.3,88.8,0.0,4.0
2026-02-13 19:00:00,50.0,83.0,0.0,8.6
2026-02-13 20:00:00,49.7,93.8,0.0,8.1
2026-02-13 21:00:00,51.3,73.6,0.0,4.2
2026-02-13 22:00:00,47.2,87.2,0.0,4.5
2026-02-13 23:00:00,39.8,97.8,0.0,6.2
2026-02-14 00:00:00,42.0,84.9,0.0,0.5
2026-02-14 01:00:00,45.8,86.5,0.0,7.6
2026-02-14 02:00:00,40.1,88.4,0.0,9.2
2026-02-14 03:00:00,35.9,89.3,0.0,4.8
2026-02-14 04:00:00,45.4,88.8,0.0,1.7
2026-02-14 05:00:00,43.1,82.3,0.0,10.2
2026-02-14 06:00:00,42.4,88.6,0.0,6.7
2026-02-14 07:00:00,43.2,91.3,0.0,8.1
2026-02-14 08:00:00,48.6,84.7,0.0,2.0
2026-02-14 09:00:00,46.5,81.9,0.0,2.0
2026-02-14 10:00:00,52.7,88.7,0.0,7.2
2026-02-14 11:00:00,52.9,87.0,0.0,9.1
2026-02-14 12:00:00,53.7,77.7,0.0,2.6
2026-02-14 13:00:00,54.7,76.0,0.0,5.7
2026-02-14 14:00:00,54.6,77.7,0.0,1.2
2026-02-14 15:00:00,57.9,83.4,0.0,3.9
2026-02-14 16:00:00,52.9,84.8,0.0,5.2
2026-02-14 17:00:00,50.3,88.8,0.0,7.5
2026-02-14 18:00:00,54.7,80.8,0.0,0.0
2026-02-14 19:00:00,53.2,78.6,0.0,10.0
2026-02-14 20:00:00,51.0,89.1,0.0,5.5
2026-02-14 21:00:00,48.9,82.9,0.0,9.9
2026-02-14 22:00:00,45.1,88.6,0.0,8.1
2026-02-14 23:00:00,46.1,79.4,0.0,8.6
2026-02-15 00:00:00,42.5,86.3,0.0,12.1
2026-02-15 01:00:00,40.2,95.4,0.0,3.7
2026-02-15 02:00:00,39.9,87.0,0.0,6.4
2026-02-15 03:00:00,45.5,91.5,0.0,3.0
2026-02-15 04:00:00,36.4,80.8,0.0,5.7
2026-02-15 05:00:00,42.7,86.2,0.0,8.2
2026-02-15 06:00:00,38.5,90.5,0.0,9.4
2026-02-15 07:00:00,43.9,97.0,0.0,4.9
2026-02-15 08:00:00,44.9,81.9,0.0,2.4
2026-02-15 09:00:00,42.7,92.3,0.0,6.2
2026-02-15 10:00:00,50.9,89.8,0.0,3.4
2026-02-15 11:00:00,50.8,81.0,0.0,4.3
2026-02-15 12:00:00,48.0,84.2,0.0,8.0
2026-02-15 13:00:00,56.6,82.1,0.027,7.5
2026-02-15 14:00:00,58.8,72.8,0.0,8.5
2026-02-15 15:00:00,59.2,77.7,0.0,5.0
2026-02-15 16:00:00,56.1,88.0,0.0,9.0
2026-02-15 17:00:00,54.6,85.1,0.0,6.0
2026-02-15 18:00:00,56.6,80.6,0.0,5.1
2026-02-15 19:00:00,55.9,82.3,0.0,2.7
2026-02-15 20:00:00,52.7,86.4,0.0,0.0
2026-02-15 21:00:00,45.6,91.3,0.0,1.3
2026-02-15 22:00:00,46.5,84.1,0.0,6.6
2026-02-15 23:00:00,45.3,95.3,0.0,3.3
2026-02-16 00:00:00,38.2,98.1,0.0,1.1
2026-02-16 01:00:00,42.7,92.4,0.0,4.7
2026-02-16 02:00:00,46.5,82.7,0.0,6.8
2026-02-16 03:00:00,42.1,84.2,0.0,7.2
2026-02-16 04:00:00,44.5,86.4,0.0,5.9
2026-02-16 05:00:00,42.0,89.7,0.0,5.8
2026-02-16 06:00:00,42.6,80.3,0.0,4.4
2026-02-16 07:00:00,45.3,90.1,0.0,7.9
2026-02-16 08:00:00,44.1,94.7,0.0,5.5
2026-02-16 09:00:00,45.7,90.3,0.0,5.8
2026-02-16 10:00:00,53.2,79.9,0.0,9.1
2026-02-16 11:00:00,55.3,78.1,0.0,8.4
2026-02-16 12:00:00,50.9,86.0,0.0,5.4
2026-02-16 13:00:00,57.0,80.4,0.0,5.0
2026-02-16 14:00:00,55.1,84.4,0.0,5.0
2026-02-16 15:00:00,56.5,84.5,0.0,0.0
2026-02-16 16:00:00,56.5,86.9,0.0,9.3
2026-02-16 17:00:00,57.1,75.4,0.0,3.9
2026-02-16 18:00:00,53.6,84.1,0.0,8.6
2026-02-16 19:00:00,55.4,80.2,0.0,6.1
2026-02-16 20:00:00,50.8,84.1,0.0,10.2
2026-02-16 21:00:00,49.6,89.5,0.0,7.6
2026-02-16 22:00:00,44.0,93.1,0.0,8.7
2026-02-16 23:00:00,49.7,92.2,0.0,4.2
2026-02-17 00:00:00,44.0,90.4,0.0,2.1
2026-02-17 01:00:00,43.4,88.1,0.0,6.4
2026-02-17 02:00:00,36.8,91.0,0.0,0.2
2026-02-17 03:00:00,38.5,82.6,0.0,4.6
2026-02-17 04:00:00,44.0,95.0,0.0,2.4
2026-02-17 05:00:00,42.3,87.6,0.0,3.5
2026-02-17 06:00:00,38.0,94.1,0.0,7.8
2026-02-17 07:00:00,47.0,90.0,0.0,7.6
2026-02-17 08:00:00,44.9,81.6,0.0,5.5
2026-02-17 09:00:00,51.7,79.4,0.0,7.0
2026-02-17 10:00:00,49.9,92.8,0.0,4.4
2026-02-17 11:00:00,52.5,85.1,0.0,13.3
2026-02-17 12:00:00,56.5,78.5,0.0,6.9
2026-02-17 13:00:00,52.5,83.0,0.0,4.2
2026-02-17 14:00:00,53.0,88.8,0.0,8.6
2026-02-17 15:00:00,55.3,86.8,0.0,9.7
2026-02-17 16:00:00,57.6,73.5,0.0,3.7
2026-02-17 17:00:00,51.4,92.4,0.0,1.7
2026-02-17 18:00:00,49.4,90.2,0.0,2.3
2026-02-17 19:00:00,54.0,82.0,0.0,4.0
2026-02-17 20:00:00,48.6,79.8,0.0,5.8
2026-02-17 21:00:00,47.2,91.8,0.0,1.1
2026-02-17 22:00:00,41.6,92.0,0.0,4.7
2026-02-17 23:00:00,42.7,81.7,0.0,5.4
2026-02-18 00:00:00,42.9,87.7,0.0,7.0
2026-02-18 01:00:00,44.0,100.0,0.0,7.8
2026-02-18 02:00:00,39.0,91.1,0.0,7.2
2026-02-18 03:00:00,44.8,84.1,0.0,11.4
2026-02-18 04:00:00,39.2,85.9,0.0,9.3
2026-02-18 05:00:00,40.0,99.4,0.0,6.7
2026-02-18 06:00:00,46.8,91.0,0.0,3.1
2026-02-18 07:00:00,45.0,94.8,0.0,4.0
2026-02-18 08:00:00,45.0,89.0,0.0,1.7
2026-02-18 09:00:00,47.9,92.4,0.0,6.5
2026-02-18 10:00:00,53.7,78.7,0.0,7.0
2026-02-18 11:00:00,55.8,82.6,0.0,8.7
2026-02-18 12:00:00,51.7,85.5,0.006,6.8
2026-02-18 13:00:00,54.8,89.3,0.0,9.2
2026-02-18 14:00:00,55.9,83.4,0.0,9.2
2026-02-18 15:00:00,53.5,80.0,0.0,2.9
2026-02-18 16:00:00,55.5,82.3,0.0,4.4
2026-02-18 17:00:00,54.9,73.9,0.0,6.0
2026-02-18 18:00:00,56.5,69.8,0.0,3.9
2026-02-18 19:00:00,55.1,86.3,0.0,5.3
2026-02-18 20:00:00,49.5,83.4,0.0,6.9
2026-02-18 21:00:00,47.8,84.9,0.0,5.6
2026-02-18 22:00:00,48.0,90.3,0.0,6.0
2026-02-18 23:00:00,43.0,95.8,0.0,3.2
2026-02-19 00:00:00,44.5,90.7,0.0,7.5
2026-02-19 01:00:00,41.6,99.3,0.0,7.3
2026-02-19 02:00:00,38.6,93.8,0.0,3.7
2026-02-19 03:00:00,38.4,92.9,0.0,2.1
2026-02-19 04:00:00,44.6,89.1,0.0,9.7
2026-02-19 05:00:00,41.4,83.3,0.0,11.2
2026-02-19 06:00:00,47.1,91.4,0.0,6.7
2026-02-19 07:00:00,43.3,76.5,0.0,4.9
2026-02-19 08:00:00,47.2,83.6,0.0,9.1
2026-02-19 09:00:00,54.4,82.7,0.107,7.4
2026-02-19 10:00:00,47.8,82.3,0.0,5.4
2026-02-19 11:00:00,47.5,84.1,0.0,8.9
2026-02-19 12:00:00,57.1,90.3,0.0,3.6
2026-02-19 13:00:00,53.0,88.9,0.0,3.9
2026-02-19 14:00:00,55.8,78.4,0.0,7.1
2026-02-19 15:00:00,54.6,80.1,0.0,6.3
2026-02-19 16:00:00,56.5,75.0,0.0,7.9
2026-02-19 17:00:00,52.7,87.0,0.0,9.6
2026-02-19 18:00:00,53.4,81.9,0.0,1.3
2026-02-19 19:00:00,53.4,73.3,0.0,6.1
2026-02-19 20:00:00,47.9,86.7,0.0,11.7
2026-02-19 21:00:00,46.7,89.0,0.0,4.2
2026-02-19 22:00:00,45.6,92.2,0.0,3.9
2026-02-19 23:00:00,41.0,89.6,0.0,0.0
2026-02-20 00:00:00,42.0,87.5,0.0,6.3
2026-02-20 01:00:00,42.2,99.2,0.0,7.7
2026-02-20 02:00:00,40.1,90.5,0.0,7.7
2026-02-20 03:00:00,40.2,94.0,0.0,2.9
2026-02-20 04:00:00,41.1,87.2,0.0,6.0
2026-02-20 05:00:00,40.2,93.8,0.0,6.7
2026-02-20 06:00:00,44.8,80.6,0.0,6.2
2026-02-20 07:00:00,48.3,83.6,0.0,2.7
2026-02-20 08:00:00,45.4,81.5,0.0,6.2
2026-02-20 09:00:00,49.8,82.1,0.0,3.6
2026-02-20 10:00:00,49.9,91.3,0.0,0.4
2026-02-20 11:00:00,53.3,80.1,0.0,8.0
2026-02-20 12:00:00,57.9,84.2,0.0,6.4
2026-02-20 13:00:00,56.5,89.0,0.0,7.8
2026-02-20 14:00:00,51.6,84.0,0.0,4.4
2026-02-20 15:00:00,57.4,85.9,0.0,7.9
2026-02-20 16:00:00,59.1,82.7,0.0,9.1
2026-02-20 17:00:00,54.7,83.0,0.0,11.3
2026-02-20 18:00:00,56.5,85.2,0.0,8.4
2026-02-20 19:00:00,50.7,93.8,0.0,7.2
2026-02-20 20:00:00,46.8,83.6,0.0,1.9
2026-02-20 21:00:00,48.9,80.8,0.0,5.7
2026-02-20 22:00:00,42.2,84.2,0.0,1.7
2026-02-20 23:00:00,44.1,93.2,0.0,3.5
2026-02-21 00:00:00,46.4,92.6,0.0,11.9
2026-02-21 01:00:00,37.2,89.4,0.0,2.9
2026-02-21 02:00:00,38.0,80.9,0.0,0.0
2026-02-21 03:00:00,38.4,88.0,0.0,8.4
2026-02-21 04:00:00,41.0,92.7,0.0,4.0
2026-02-21 05:00:00,41.1,89.6,0.0,8.3
2026-02-21 06:00:00,46.7,87.7,0.0,2.5
2026-02-21 07:00:00,47.2,83.9,0.0,4.7
2026-02-21 08:00:00,47.9,91.2,0.0,9.6
2026-02-21 09:00:00,49.0,87.2,0.0,2.0
2026-02-21 10:00:00,51.7,87.0,0.0,5.5
2026-02-21 11:00:00,50.4,85.6,0.0,6.9
2026-02-21 12:00:00,56.3,84.2,0.0,3.8
2026-02-21 13:00:00,52.6,85.9,0.0,6.7
2026-02-21 14:00:00,58.3,75.8,0.0,6.0
2026-02-21 15:00:00,59.4,81.7,0.0,7.6
2026-02-21 16:00:00,56.7,85.3,0.0,11.5
2026-02-21 17:00:00,55.0,88.0,0.0,14.0
2026-02-21 18:00:00,55.2,84.2,0.0,7.4
2026-02-21 19:00:00,45.4,82.7,0.0,5.7
2026-02-21 20:00:00,51.4,80.1,0.0,7.3
2026-02-21 21:00:00,48.4,83.7,0.0,5.3
2026-02-21 22:00:00,46.5,87.8,0.0,1.2
2026-02-21 23:00:00,46.6,86.3,0.0,5.9
2026-02-22 00:00:00,43.1,83.2,0.0,9.2
2026-02-22 01:00:00,39.2,85.3,0.0,1.6
2026-02-22 02:00:00,40.9,79.5,0.0,3.0
2026-02-22 03:00:00,41.2,74.3,0.0,4.3
2026-02-22 04:00:00,41.6,89.0,0.0,7.1
2026-02-22 05:00:00,42.5,100.0,0.0,13.1
2026-02-22 06:00:00,45.9,96.2,0.0,3.6
2026-02-22 07:00:00,42.2,84.4,0.0,6.3
2026-02-22 08:00:00,47.2,87.3,0.0,6.0
2026-02-22 09:00:00,52.0,76.6,0.0,5.1
2026-02-22 10:00:00,46.5,80.4,0.0,5.9
2026-02-22 11:00:00,53.2,77.3,0.0,4.6
2026-02-22 12:00:00,52.9,82.3,0.0,14.2
2026-02-22 13:00:00,54.6,81.5,0.0,8.2
2026-02-22 14:00:00,54.1,84.0,0.0,4.6
2026-02-22 15:00:00,56.2,84.9,0.0,9.6
2026-02-22 16:00:00,61.0,77.3,0.0,6.8
2026-02-22 17:00:00,52.4,83.9,0.0,6.2
2026-02-22 18:00:00,51.4,78.8,0.0,5.5
2026-02-22 19:00:00,49.5,78.6,0.0,5.2
2026-02-22 20:00:00,55.2,74.7,0.0,2.3
2026-02-22 21:00:00,47.7,89.5,0.0,1.0
2026-02-22 22:00:00,46.7,85.1,0.0,7.1
2026-02-22 23:00:00,43.9,79.0,0.0,5.4
2026-02-23 00:00:00,41.0,89.6,0.0,8.6
2026-02-23 01:00:00,41.6,83.4,0.0,3.3
2026-02-23 02:00:00,47.5,94.7,0.0,2.7
2026-02-23 03:00:00,44.6,85.1,0.0,8.3
2026-02-23 04:00:00,39.2,94.3,0.0,5.1
2026-02-23 05:00:00,43.8,93.9,0.0,8.6
2026-02-23 06:00:00,41.3,85.0,0.0,6.1
2026-02-23 07:00:00,40.6,90.6,0.0,11.6
2026-02-23 08:00:00,49.5,88.1,0.0,8.3
2026-02-23 09:00:00,51.9,84.6,0.0,7.2
2026-02-23 10:00:00,53.6,84.8,0.0,8.4
2026-02-23 11:00:00,51.7,77.4,0.0,5.2
2026-02-23 12:00:00,54.1,85.5,0.0,1.1
2026-02-23 13:00:00,57.6,78.4,0.0,7.1
2026-02-23 14:00:00,57.5,82.6,0.0,11.8
2026-02-23 15:00:00,55.8,86.4,0.0,0.0
2026-02-23 16:00:00,52.5,87.0,0.0,7.4
2026-02-23 17:00:00,56.0,83.4,0.0,1.4
2026-02-23 18:00:00,57.2,84.3,0.0,5.9
2026-02-23 19:00:00,49.9,88.5,0.0,6.2
2026-02-23 20:00:00,52.6,91.1,0.0,8.2
2026-02-23 21:00:00,49.8,84.9,0.0,6.6
2026-02-23 22:00:00,48.8,86.5,0.0,10.1
2026-02-23 23:00:00,47.2,91.2,0.0,9.5
2026-02-24 00:00:00,41.8,87.1,0.0,5.4
2026-02-24 01:00:00,38.2,84.8,0.0,9.3
2026-02-24 02:00:00,40.1,92.9,0.0,5.1
2026-02-24 03:00:00,43.4,87.6,0.0,4.5
2026-02-24 04:00:00,40.1,84.4,0.0,2.4
2026-02-24 05:00:00,40.5,92.7,0.0,9.9
2026-02-24 06:00:00,39.0,98.2,0.0,5.1
2026-02-24 07:00:00,49.5,77.1,0.0,0.0
2026-02-24 08:00:00,49.1,90.6,0.0,7.6
2026-02-24 09:00:00,51.0,71.8,0.0,4.7
2026-02-24 10:00:00,53.6,81.0,0.0,5.1
2026-02-24 11:00:00,54.5,91.7,0.0,5.3
2026-02-24 12:00:00,54.1,81.1,0.0,5.0
2026-02-24 13:00:00,55.5,82.4,0.0,14.2
2026-02-24 14:00:00,55.7,85.7,0.0,11.0
2026-02-24 15:00:00,63.6,69.0,0.0,8.1
2026-02-24 16:00:00,58.1,80.9,0.0,6.7
2026-02-24 17:00:00,54.8,82.7,0.0,9.4
2026-02-24 18:00:00,55.8,91.1,0.0,6.7
2026-02-24 19:00:00,50.5,78.5,0.0,8.4
2026-02-24 20:00:00,54.9,80.4,0.182,7.7
2026-02-24 21:00:00,47.4,81.8,0.0,6.4
2026-02-24 22:00:00,48.3,80.8,0.0,8.8
2026-02-24 23:00:00,47.8,91.8,0.0,4.7
2026-02-25 00:00:00,44.6,88.1,0.0,6.2
2026-02-25 01:00:00,42.6,86.3,0.0,3.1
2026-02-25 02:00:00,41.6,87.0,0.0,3.4
2026-02-25 03:00:00,41.2,87.0,0.0,0.0
2026-02-25 04:00:00,40.1,88.1,0.0,7.4
2026-02-25 05:00:00,41.2,83.5,0.0,8.2
2026-02-25 06:00:00,47.3,85.2,0.0,9.3
2026-02-25 07:00:00,45.0,86.0,0.0,2.7
2026-02-25 08:00:00,45.2,83.8,0.0,7.3
2026-02-25 09:00:00,47.9,86.9,0.0,6.0
2026-02-25 10:00:00,54.0,84.0,0.0,8.2
2026-02-25 11:00:00,54.9,79.5,0.0,4.0
2026-02-25 12:00:00,56.3,80.8,0.0,5.0
2026-02-25 13:00:00,55.5,92.8,0.0,1.3
2026-02-25 14:00:00,58.3,91.0,0.0,3.8
2026-02-25 15:00:00,55.6,76.7,0.0,6.0
2026-02-25 16:00:00,56.3,77.0,0.0,6.5
2026-02-25 17:00:00,58.5,75.0,0.0,0.9
2026-02-25 18:00:00,57.0,86.4,0.0,4.5
2026-02-25 19:00:00,50.8,82.6,0.0,6.5
2026-02-25 20:00:00,49.2,86.7,0.0,10.2
2026-02-25 21:00:00,49.5,95.3,0.0,3.5
2026-02-25 22:00:00,51.5,84.1,0.0,7.5
2026-02-25 23:00:00,40.5,93.8,0.0,4.3
2026-02-26 00:00:00,44.4,90.7,0.0,4.7
2026-02-26 01:00:00,39.0,88.1,0.0,3.4
2026-02-26 02:00:00,40.1,95.8,0.0,2.9
2026-02-26 03:00:00,40.5,86.0,0.0,4.6
2026-02-26 04:00:00,40.6,96.9,0.0,9.1
2026-02-26 05:00:00,41.1,86.9,0.0,3.7
2026-02-26 06:00:00,43.8,86.0,0.0,3.3
2026-02-26 07:00:00,44.1,82.8,0.0,6.6
2026-02-26 08:00:00,43.7,83.9,0.0,6.0
2026-02-26 09:00:00,51.3,82.1,0.0,5.8
2026-02-26 10:00:00,53.3,71.0,0.0,6.8
2026-02-26 11:00:00,55.5,80.8,0.0,3.0
2026-02-26 12:00:00,51.2,81.8,0.0,3.3
2026-02-26 13:00:00,57.1,85.1,0.0,9.0
2026-02-26 14:00:00,58.8,82.3,0.0,5.6
2026-02-26 15:00:00,54.8,78.8,0.0,7.8
2026-02-26 16:00:00,57.1,78.8,0.0,9.7
2026-02-26 17:00:00,56.0,80.5,0.0,8.5
2026-02-26 18:00:00,59.6,87.1,0.0,1.9
2026-02-26 19:00:00,58.2,76.4,0.0,5.7
2026-02-26 20:00:00,47.3,82.9,0.0,9.1
2026-02-26 21:00:00,55.6,76.3,0.017,7.6
2026-02-26 22:00:00,45.0,80.3,0.0,6.6
2026-02-26 23:00:00,47.8,87.7,0.0,1.1
2026-02-27 00:00:00,46.3,88.1,0.0,4.2
2026-02-27 01:00:00,40.1,96.9,0.0,6.2
2026-02-27 02:00:00,43.0,94.1,0.0,1.7
2026-02-27 03:00:00,41.2,100.0,0.0,8.4
2026-02-27 04:00:00,43.1,88.4,0.0,5.6
2026-02-27 05:00:00,43.1,87.5,0.0,0.1
2026-02-27 06:00:00,46.8,80.2,0.0,4.3
2026-02-27 07:00:00,45.7,90.8,0.0,5.1
2026-02-27 08:00:00,47.0,87.2,0.0,5.6
2026-02-27 09:00:00,52.3,87.0,0.0,10.3
2026-02-27 10:00:00,53.1,77.6,0.0,7.7
2026-02-27 11:00:00,55.4,83.8,0.0,1.9
2026-02-27 12:00:00,53.6,84.1,0.0,1.5
2026-02-27 13:00:00,53.9,83.6,0.0,5.2
2026-02-27 14:00:00,55.9,78.3,0.0,6.4
2026-02-27 15:00:00,56.0,87.6,0.0,9.0
2026-02-27 16:00:00,59.3,90.2,0.0,11.2
2026-02-27 17:00:00,58.9,74.5,0.0,11.4
2026-02-27 18:00:00,54.8,85.9,0.0,4.7
2026-02-27 19:00:00,57.1,66.7,0.0,8.8
2026-02-27 20:00:00,55.0,85.6,0.0,7.3
2026-02-27 21:00:00,50.1,75.6,0.0,2.7
2026-02-27 22:00:00,45.4,84.9,0.0,0.3
2026-02-27 23:00:00,49.5,78.7,0.0,6.4
2026-02-28 00:00:00,43.8,87.3,0.0,1.5
2026-02-28 01:00:00,43.0,93.0,0.0,3.4
2026-02-28 02:00:00,41.0,80.7,0.0,3.9
2026-02-28 03:00:00,39.4,89.1,0.0,6.7
2026-02-28 04:00:00,38.2,88.9,0.0,9.8
2026-02-28 05:00:00,44.3,96.1,0.0,6.0
2026-02-28 06:00:00,42.0,91.6,0.0,4.4
2026-02-28 07:00:00,53.3,77.3,0.0,0.0
2026-02-28 08:00:00,44.9,85.5,0.0,7.4
2026-02-28 09:00:00,46.5,94.7,0.0,6.1
2026-02-28 10:00:00,53.1,86.9,0.0,4.4
2026-02-28 11:00:00,57.6,76.2,0.0,9.5
2026-02-28 12:00:00,55.6,80.6,0.0,2.4
2026-02-28 13:00:00,58.1,79.3,0.0,3.9
2026-02-28 14:00:00,52.9,80.7,0.0,5.3
2026-02-28 15:00:00,56.1,73.1,0.0,4.3
2026-02-28 16:00:00,54.8,79.0,0.0,7.7
2026-02-28 17:00:00,52.0,90.9,0.0,7.4
2026-02-28 18:00:00,55.7,80.0,0.0,9.2
2026-02-28 19:00:00,48.1,85.5,0.0,7.5
2026-02-28 20:00:00,48.5,86.5,0.0,5.7
2026-02-28 21:00:00,48.3,97.0,0.0,5.0
2026-02-28 22:00:00,45.5,87.5,0.0,7.4
2026-02-28 23:00:00,46.6,92.3,0.0,5.4
2026-03-01 00:00:00,44.8,84.8,0.0,6.1
2026-03-01 01:00:00,45.0,86.4,0.0,7.5
2026-03-01 02:00:00,43.9,88.4,0.0,6.4
2026-03-01 03:00:00,44.5,84.1,0.0,6.9
2026-03-01 04:00:00,42.0,88.4,0.0,3.6
2026-03-01 05:00:00,43.5,93.0,0.0,10.0
2026-03-01 06:00:00,45.4,83.5,0.0,2.7
2026-03-01 07:00:00,46.1,87.1,0.0,7.3
2026-03-01 08:00:00,46.7,90.3,0.0,4.5
2026-03-01 09:00:00,49.0,81.4,0.0,9.2
2026-03-01 10:00:00,49.9,90.5,0.0,8.7
2026-03-01 11:00:00,55.0,82.6,0.0,6.0
2026-03-01 12:00:00,55.4,81.2,0.0,10.7
2026-03-01 13:00:00,55.3,72.1,0.0,5.4
2026-03-01 14:00:00,56.1,79.8,0.0,8.6
2026-03-01 15:00:00,55.0,84.1,0.0,3.8
2026-03-01 16:00:00,60.2,88.1,0.0,7.2
2026-03-01 17:00:00,57.1,83.9,0.0,3.2
2026-03-01 18:00:00,53.5,88.7,0.0,6.1
2026-03-01 19:00:00,55.9,75.7,0.179,5.8
2026-03-01 20:00:00,50.6,84.1,0.0,8.6
2026-03-01 21:00:00,46.3,93.1,0.034,4.0
2026-03-01 22:00:00,50.3,80.4,0.0,15.2
2026-03-01 23:00:00,44.4,92.9,0.0,1.9
2026-03-02 00:00:00,43.2,92.4,0.0,6.7
2026-03-02 01:00:00,43.0,90.2,0.0,6.9
2026-03-02 02:00:00,44.9,86.1,0.0,7.6
2026-03-02 03:00:00,41.8,84.6,0.0,4.5
2026-03-02 04:00:00,39.1,99.9,0.0,6.7
2026-03-02 05:00:00,44.3,91.3,0.0,4.3
2026-03-02 06:00:00,43.0,90.6,0.0,11.6
2026-03-02 07:00:00,50.6,82.6,0.0,4.1
2026-03-02 08:00:00,47.9,86.4,0.0,5.6
2026-03-02 09:00:00,44.4,88.9,0.0,4.0
2026-03-02 10:00:00,53.0,85.3,0.0,3.6
2026-03-02 11:00:00,59.0,83.7,0.0,1.8
2026-03-02 12:00:00,59.8,75.7,0.0,8.0
2026-03-02 13:00:00,61.7,71.2,0.0,4.0
2026-03-02 14:00:00,55.4,82.5,0.0,3.6
2026-03-02 15:00:00,60.5,70.5,0.0,3.1
2026-03-02 16:00:00,56.1,80.0,0.0,6.9
2026-03-02 17:00:00,57.7,78.2,0.0,6.1
2026-03-02 18:00:00,52.6,86.0,0.0,6.1
2026-03-02 19:00:00,52.5,93.5,0.0,3.7
2026-03-02 20:00:00,50.4,75.0,0.0,7.3
2026-03-02 21:00:00,52.3,95.1,0.0,4.0
2026-03-02 22:00:00,49.9,83.9,0.0,6.2
2026-03-02 23:00:00,46.6,88.6,0.0,5.6
2026-03-03 00:00:00,41.0,82.9,0.0,0.9
2026-03-03 01:00:00,42.2,94.3,0.0,12.1
2026-03-03 02:00:00,40.3,90.5,0.0,7.7
2026-03-03 03:00:00,44.1,87.9,0.0,6.5
2026-03-03 04:00:00,45.1,78.0,0.0,7.0
2026-03-03 05:00:00,45.7,87.8,0.0,12.2
2026-03-03 06:00:00,42.4,93.4,0.0,9.4
2026-03-03 07:00:00,39.2,89.8,0.0,7.0
2026-03-03 08:00:00,43.6,94.4,0.0,3.9
2026-03-03 09:00:00,53.7,88.6,0.0,4.3
2026-03-03 10:00:00,51.3,81.1,0.0,0.6
2026-03-03 11:00:00,52.4,91.6,0.0,4.9
2026-03-03 12:00:00,60.1,79.7,0.0,8.0
2026-03-03 13:00:00,60.5,79.5,0.0,7.9
2026-03-03 14:00:00,58.2,81.0,0.0,7.8
2026-03-03 15:00:00,57.7,81.1,0.0,4.5
2026-03-03 16:00:00,57.8,67.5,0.0,7.7
2026-03-03 17:00:00,57.9,79.7,0.0,8.5
2026-03-03 18:00:00,60.0,72.7,0.0,0.0
2026-03-03 19:00:00,55.4,90.2,0.0,6.9
2026-03-03 20:00:00,54.1,90.7,0.0,12.2
2026-03-03 21:00:00,53.1,87.6,0.0,5.1
2026-03-03 22:00:00,45.1,86.5,0.0,0.0
2026-03-03 23:00:00,47.9,81.1,0.0,3.6
2026-03-04 00:00:00,43.7,85.2,0.0,0.6
2026-03-04 01:00:00,36.8,100.0,0.0,4.1
2026-03-04 02:00:00,37.0,88.7,0.0,2.3
2026-03-04 03:00:00,39.5,79.0,0.0,8.8
2026-03-04 04:00:00,43.6,93.7,0.0,8.3
2026-03-04 05:00:00,43.4,96.1,0.0,7.0
2026-03-04 06:00:00,44.9,96.1,0.0,9.7
2026-03-04 07:00:00,51.1,89.6,0.0,4.3
2026-03-04 08:00:00,45.0,93.7,0.0,6.2
2026-03-04 09:00:00,50.3,85.1,0.0,12.6
2026-03-04 10:00:00,53.3,72.8,0.0,7.8
2026-03-04 11:00:00,52.7,83.7,0.0,7.7
2026-03-04 12:00:00,56.3,84.6,0.0,3.7
2026-03-04 13:00:00,53.6,82.4,0.0,4.8
2026-03-04 14:00:00,61.9,77.5,0.0,3.0
2026-03-04 15:00:00,57.0,76.3,0.0,11.0
2026-03-04 16:00:00,63.5,72.6,0.0,1.3
2026-03-04 17:00:00,57.5,90.1,0.0,8.7
2026-03-04 18:00:00,58.8,89.5,0.0,7.7
2026-03-04 19:00:00,54.4,82.6,0.0,1.2
2026-03-04 20:00:00,52.4,85.1,0.0,9.4
2026-03-04 21:00:00,48.9,80.7,0.0,5.2
2026-03-04 22:00:00,48.5,89.0,0.0,2.0
2026-03-04 23:00:00,47.0,95.5,0.0,7.1
2026-03-05 00:00:00,42.6,81.4,0.0,3.5
2026-03-05 01:00:00,42.9,91.2,0.0,5.4
2026-03-05 02:00:00,40.9,92.7,0.0,4.5
2026-03-05 03:00:00,47.9,88.8,0.0,3.4
2026-03-05 04:00:00,42.2,97.5,0.0,2.4
2026-03-05 05:00:00,47.1,96.8,0.0,8.4
2026-03-05 06:00:00,44.1,87.1,0.0,7.0
2026-03-05 07:00:00,47.0,90.0,0.0,6.8
2026-03-05 08:00:00,45.0,88.1,0.0,4.9
2026-03-05 09:00:00,49.4,82.2,0.0,6.2
2026-03-05 10:00:00,53.2,84.6,0.0,3.8
2026-03-05 11:00:00,58.7,83.6,0.0,3.7
2026-03-05 12:00:00,57.0,82.2,0.0,11.1
2026-03-05 13:00:00,61.2,74.4,0.0,8.7
2026-03-05 14:00:00,60.2,77.1,0.0,4.3
2026-03-05 15:00:00,63.0,75.6,0.0,1.5
2026-03-05 16:00:00,58.5,76.1,0.0,0.9
2026-03-05 17:00:00,63.7,79.0,0.0,4.1
2026-03-05 18:00:00,55.2,84.2,0.0,6.3
2026-03-05 19:00:00,52.8,88.4,0.0,6.4
2026-03-05 20:00:00,49.7,80.9,0.0,6.4
2026-03-05 21:00:00,56.3,78.6,0.0,7.0
2026-03-05 22:00:00,50.4,92.6,0.0,2.9
2026-03-05 23:00:00,45.5,86.7,0.0,10.5
2026-03-06 00:00:00,47.8,86.3,0.0,5.4
2026-03-06 01:00:00,45.1,86.8,0.0,6.9
2026-03-06 02:00:00,47.4,92.1,0.0,4.0
2026-03-06 03:00:00,38.4,97.3,0.0,6.9
2026-03-06 04:00:00,41.9,95.0,0.0,12.2
2026-03-06 05:00:00,42.2,89.4,0.0,3.0
2026-03-06 06:00:00,39.8,86.3,0.0,2.7
2026-03-06 07:00:00,49.1,95.1,0.0,3.4
2026-03-06 08:00:00,47.8,90.5,0.0,5.0
2026-03-06 09:00:00,52.5,81.3,0.0,4.4
2026-03-06 10:00:00,58.8,87.3,0.0,2.9
2026-03-06 11:00:00,54.0,80.1,0.0,5.9
2026-03-06 12:00:00,55.6,89.0,0.0,10.7
2026-03-06 13:00:00,58.3,87.8,0.0,5.6
2026-03-06 14:00:00,61.3,74.2,0.0,5.7
2026-03-06 15:00:00,57.7,83.7,0.0,7.0
2026-03-06 16:00:00,57.3,84.9,0.0,7.9
2026-03-06 17:00:00,60.6,92.2,0.0,10.1
2026-03-06 18:00:00,57.6,77.1,0.0,6.7
2026-03-06 19:00:00,49.8,92.3,0.0,6.0
2026-03-06 20:00:00,49.8,85.2,0.0,3.0
2026-03-06 21:00:00,54.4,76.4,0.0,8.2
2026-03-06 22:00:00,49.5,84.7,0.0,3.5
2026-03-06 23:00:00,44.6,88.0,0.0,3.4
2026-03-07 00:00:00,44.4,82.8,0.0,6.6
2026-03-07 01:00:00,43.5,90.1,0.0,10.6
2026-03-07 02:00:00,44.5,92.8,0.0,8.2
2026-03-07 03:00:00,39.0,92.3,0.0,5.9
2026-03-07 04:00:00,40.5,87.5,0.0,3.1
2026-03-07 05:00:00,44.2,87.5,0.0,10.6
2026-03-07 06:00:00,44.6,87.9,0.0,5.8
2026-03-07 07:00:00,48.0,87.2,0.0,5.1
2026-03-07 08:00:00,45.6,93.0,0.0,7.7
2026-03-07 09:00:00,51.8,85.4,0.0,4.7
2026-03-07 10:00:00,55.8,74.8,0.0,3.7
2026-03-07 11:00:00,56.3,78.7,0.0,4.0
2026-03-07 12:00:00,57.2,81.9,0.0,4.0
2026-03-07 13:00:00,58.0,86.2,0.0,2.6
2026-03-07 14:00:00,57.0,87.6,0.0,2.3
2026-03-07 15:00:00,59.2,88.8,0.0,8.9
2026-03-07 16:00:00,62.2,78.9,0.0,8.0
2026-03-07 17:00:00,57.9,84.5,0.0,3.5
2026-03-07 18:00:00,54.7,75.2,0.0,8.7
2026-03-07 19:00:00,53.9,85.0,0.0,6.9
2026-03-07 20:00:00,53.6,77.7,0.0,5.0
2026-03-07 21:00:00,49.9,84.7,0.0,2.3
2026-03-07 22:00:00,49.9,100.0,0.0,7.0
2026-03-07 23:00:00,47.9,87.7,0.0,11.6
2026-03-08 00:00:00,47.2,82.2,0.0,6.0
2026-03-08 01:00:00,47.2,88.6,0.0,9.0
2026-03-08 02:00:00,45.3,85.0,0.0,5.4
2026-03-08 03:00:00,40.1,85.6,0.0,8.8
2026-03-08 04:00:00,40.5,100.0,0.0,5.5
2026-03-08 05:00:00,43.4,93.9,0.0,0.0
2026-03-08 06:00:00,43.9,90.1,0.0,3.8
2026-03-08 07:00:00,43.9,86.4,0.0,6.4
2026-03-08 08:00:00,47.7,84.7,0.0,9.2
2026-03-08 09:00:00,49.9,92.8,0.0,5.5
2026-03-08 10:00:00,51.6,85.7,0.0,6.1
2026-03-08 11:00:00,54.5,67.1,0.0,4.2
2026-03-08 12:00:00,60.0,91.6,0.0,10.7
2026-03-08 13:00:00,59.0,81.0,0.0,10.5
2026-03-08 14:00:00,65.5,78.2,0.0,4.0
2026-03-08 15:00:00,60.0,84.9,0.0,1.5
2026-03-08 16:00:00,58.6,82.6,0.0,0.6
2026-03-08 17:00:00,58.5,84.1,0.0,7.8
2026-03-08 18:00:00,57.7,78.6,0.0,6.4
2026-03-08 19:00:00,56.4,75.3,0.0,3.7
2026-03-08 20:00:00,58.5,81.8,0.0,6.8
2026-03-08 21:00:00,48.9,92.7,0.0,2.3
2026-03-08 22:00:00,51.0,81.2,0.0,8.4
2026-03-08 23:00:00,47.3,82.9,0.0,4.9
2026-03-09 00:00:00,41.2,95.9,0.0,2.8
2026-03-09 01:00:00,45.7,85.1,0.0,4.9
2026-03-09 02:00:00,46.1,85.1,0.0,4.8
2026-03-09 03:00:00,40.5,88.4,0.0,7.1
2026-03-09 04:00:00,42.9,88.6,0.0,9.5
2026-03-09 05:00:00,39.4,82.9,0.0,9.3
2026-03-09 06:00:00,42.0,86.7,0.0,6.5
2026-03-09 07:00:00,49.5,86.4,0.0,5.4
2026-03-09 08:00:00,47.8,87.3,0.0,4.3
2026-03-09 09:00:00,48.5,91.6,0.0,0.7
2026-03-09 10:00:00,54.0,92.0,0.0,5.9
2026-03-09 11:00:00,54.2,90.2,0.0,3.4
2026-03-09 12:00:00,56.2,86.2,0.0,9.7
2026-03-09 13:00:00,60.5,78.5,0.0,5.4
2026-03-09 14:00:00,56.7,78.2,0.0,8.2
2026-03-09 15:00:00,57.6,80.9,0.0,4.6
2026-03-09 16:00:00,59.9,82.5,0.0,4.0
2026-03-09 17:00:00,61.1,83.0,0.0,7.8
2026-03-09 18:00:00,60.4,82.4,0.02,6.8
2026-03-09 19:00:00,53.9,82.3,0.0,7.0
2026-03-09 20:00:00,55.8,85.7,0.0,5.7
2026-03-09 21:00:00,49.3,91.7,0.0,8.4
2026-03-09 22:00:00,53.6,87.4,0.0,7.9
2026-03-09 23:00:00,44.1,88.1,0.0,0.0
2026-03-10 00:00:00,48.6,81.6,0.0,5.2
2026-03-10 01:00:00,42.2,85.0,0.0,9.0
2026-03-10 02:00:00,48.0,82.7,0.0,2.9
2026-03-10 03:00:00,44.2,89.5,0.0,0.9
2026-03-10 04:00:00,40.5,92.8,0.0,5.6
2026-03-10 05:00:00,42.6,82.0,0.0,7.6
2026-03-10 06:00:00,47.2,84.0,0.0,4.6
2026-03-10 07:00:00,49.7,86.4,0.0,9.9
2026-03-10 08:00:00,49.0,81.1,0.0,11.5
2026-03-10 09:00:00,51.5,86.3,0.0,0.2
2026-03-10 10:00:00,55.6,80.4,0.0,4.8
2026-03-10 11:00:00,56.1,78.0,0.0,0.0
2026-03-10 12:00:00,54.3,82.9,0.0,8.0
2026-03-10 13:00:00,56.9,83.2,0.0,4.0
2026-03-10 14:00:00,60.4,75.0,0.0,4.6
2026-03-10 15:00:00,63.1,76.6,0.0,9.4
2026-03-10 16:00:00,63.8,79.7,0.0,2.0
2026-03-10 17:00:00,60.9,75.2,0.0,1.3
2026-03-10 18:00:00,58.3,72.2,0.0,0.0
2026-03-10 19:00:00,57.6,73.1,0.0,9.8
2026-03-10 20:00:00,52.0,81.8,0.0,9.1
2026-03-10 21:00:00,51.0,77.8,0.0,5.1
2026-03-10 22:00:00,47.1,84.9,0.0,2.2
2026-03-10 23:00:00,43.9,96.7,0.0,8.5
2026-03-11 00:00:00,46.2,80.2,0.0,14.3
2026-03-11 01:00:00,44.5,86.6,0.0,5.3
2026-03-11 02:00:00,44.9,98.5,0.0,2.4
2026-03-11 03:00:00,44.2,90.2,0.0,9.7
2026-03-11 04:00:00,43.7,86.6,0.0,2.6
2026-03-11 05:00:00,45.4,86.7,0.0,4.9
2026-03-11 06:00:00,45.3,89.7,0.0,0.0
2026-03-11 07:00:00,48.3,94.4,0.0,5.1
2026-03-11 08:00:00,47.5,83.7,0.0,2.2
2026-03-11 09:00:00,52.5,79.8,0.0,9.8
2026-03-11 10:00:00,55.5,75.1,0.0,3.1
2026-03-11 11:00:00,54.3,83.1,0.0,8.3
2026-03-11 12:00:00,57.9,73.6,0.0,5.7
2026-03-11 13:00:00,57.6,78.5,0.0,6.4
2026-03-11 14:00:00,58.7,75.6,0.0,7.6
2026-03-11 15:00:00,57.5,86.2,0.0,5.8
2026-03-11 16:00:00,63.2,75.2,0.014,4.1
2026-03-11 17:00:00,61.8,80.5,0.0,3.6
2026-03-11 18:00:00,59.1,72.0,0.0,7.5
2026-03-11 19:00:00,60.9,79.7,0.0,0.3
2026-03-11 20:00:00,53.4,77.1,0.0,11.0
2026-03-11 21:00:00,59.2,77.8,0.0,6.4
2026-03-11 22:00:00,48.8,96.7,0.0,5.0
2026-03-11 23:00:00,47.9,90.8,0.0,6.8
2026-03-12 00:00:00,44.6,87.4,0.0,4.2
2026-03-12 01:00:00,45.1,100.0,0.0,5.5
2026-03-12 02:00:00,45.4,83.0,0.0,2.6
2026-03-12 03:00:00,42.7,94.9,0.0,7.1
2026-03-12 04:00:00,47.7,78.6,0.0,5.8
2026-03-12 05:00:00,44.7,86.7,0.0,6.6
2026-03-12 06:00:00,46.2,80.3,0.0,10.4
2026-03-12 07:00:00,45.1,89.0,0.0,3.6
2026-03-12 08:00:00,50.6,85.0,0.0,5.6
2026-03-12 09:00:00,51.5,82.7,0.0,1.0
2026-03-12 10:00:00,52.6,89.1,0.0,7.7
2026-03-12 11:00:00,54.3,79.8,0.0,5.9
2026-03-12 12:00:00,64.7,78.5,0.0,6.1
2026-03-12 13:00:00,58.8,84.3,0.0,5.5
2026-03-12 14:00:00,56.7,73.9,0.0,4.3
2026-03-12 15:00:00,58.9,76.4,0.0,13.5
2026-03-12 16:00:00,60.2,79.7,0.0,6.1
2026-03-12 17:00:00,60.8,82.2,0.0,6.9
2026-03-12 18:00:00,59.4,86.9,0.0,2.6
2026-03-12 19:00:00,57.9,79.6,0.0,8.7
2026-03-12 20:00:00,52.5,82.1,0.0,5.6
2026-03-12 21:00:00,52.6,79.2,0.0,7.3
2026-03-12 22:00:00,47.3,88.1,0.0,8.7
2026-03-12 23:00:00,45.8,85.8,0.0,5.7
2026-03-13 00:00:00,43.4,87.3,0.0,4.0
2026-03-13 01:00:00,41.3,89.3,0.0,0.0
2026-03-13 02:00:00,46.1,89.9,0.0,4.8
2026-03-13 03:00:00,44.8,85.0,0.0,4.0
2026-03-13 04:00:00,45.8,83.4,0.0,2.6
2026-03-13 05:00:00,44.4,90.2,0.0,10.4
2026-03-13 06:00:00,47.6,71.2,0.0,8.9
2026-03-13 07:00:00,43.1,85.8,0.0,0.5
2026-03-13 08:00:00,51.8,78.2,0.0,6.5
2026-03-13 09:00:00,52.4,89.7,0.0,3.5
2026-03-13 10:00:00,55.9,79.6,0.0,7.1
2026-03-13 11:00:00,57.4,78.1,0.0,3.6
2026-03-13 12:00:00,55.8,81.6,0.0,4.4
2026-03-13 13:00:00,55.9,78.8,0.0,8.9
2026-03-13 14:00:00,58.8,78.2,0.0,8.5
2026-03-13 15:00:00,62.3,78.7,0.0,10.5
2026-03-13 16:00:00,62.3,76.1,0.0,5.3
2026-03-13 17:00:00,56.3,79.4,0.0,1.6
2026-03-13 18:00:00,55.8,76.7,0.0,8.8
2026-03-13 19:00:00,54.6,76.7,0.0,8.8
2026-03-13 20:00:00,53.4,83.4,0.0,7.9
2026-03-13 21:00:00,48.6,87.3,0.0,3.8
2026-03-13 22:00:00,46.1,80.0,0.0,2.8
2026-03-13 23:00:00,45.5,91.3,0.0,7.6
2026-03-14 00:00:00,46.1,91.0,0.0,3.3
2026-03-14 01:00:00,41.5,94.6,0.0,5.1
2026-03-14 02:00:00,43.2,90.2,0.0,14.7
2026-03-14 03:00:00,45.9,90.5,0.0,12.4
2026-03-14 04:00:00,40.3,100.0,0.0,8.4
2026-03-14 05:00:00,43.9,86.8,0.0,4.0
2026-03-14 06:00:00,48.4,80.6,0.001,3.8
2026-03-14 07:00:00,46.7,79.2,0.0,8.1
2026-03-14 08:00:00,48.4,94.6,0.0,10.5
2026-03-14 09:00:00,55.1,91.0,0.0,4.5
2026-03-14 10:00:00,53.7,78.3,0.0,4.6
2026-03-14 11:00:00,59.4,76.2,0.0,6.3
2026-03-14 12:00:00,59.6,78.1,0.0,1.8
2026-03-14 13:00:00,59.1,86.1,0.0,1.9
2026-03-14 14:00:00,62.0,71.9,0.0,2.5
2026-03-14 15:00:00,61.9,68.6,0.0,7.6
2026-03-14 16:00:00,63.4,88.5,0.0,6.8
2026-03-14 17:00:00,58.6,81.8,0.0,9.4
2026-03-14 18:00:00,58.6,82.5,0.0,0.8
2026-03-14 19:00:00,56.5,80.4,0.0,1.4
2026-03-14 20:00:00,56.3,83.9,0.0,7.4
2026-03-14 21:00:00,49.6,77.6,0.0,3.4
2026-03-14 22:00:00,52.4,79.5,0.0,3.6
2026-03-14 23:00:00,48.9,86.1,0.0,9.0
2026-03-15 00:00:00,42.7,77.7,0.0,4.3
2026-03-15 01:00:00,47.6,84.8,0.0,4.7
2026-03-15 02:00:00,49.2,83.6,0.0,5.2
2026-03-15 03:00:00,45.9,85.8,0.0,5.4
2026-03-15 04:00:00,47.2,83.8,0.0,8.1
2026-03-15 05:00:00,44.8,82.9,0.0,2.4
2026-03-15 06:00:00,41.8,80.4,0.0,5.4
2026-03-15 07:00:00,43.3,89.4,0.01,9.5
2026-03-15 08:00:00,50.7,83.1,0.0,12.4
2026-03-15 09:00:00,50.9,77.6,0.0,1.9
2026-03-15 10:00:00,52.4,84.0,0.0,7.0
2026-03-15 11:00:00,56.7,79.8,0.0,5.4
2026-03-15 12:00:00,60.3,77.0,0.0,5.7
2026-03-15 13:00:00,56.6,70.6,0.0,3.6
2026-03-15 14:00:00,60.0,82.9,0.0,8.3
2026-03-15 15:00:00,65.2,70.5,0.0,8.1
2026-03-15 16:00:00,58.4,80.7,0.0,13.6
2026-03-15 17:00:00,62.4,74.2,0.0,2.0
2026-03-15 18:00:00,57.6,78.9,0.0,0.8
2026-03-15 19:00:00,58.3,86.2,0.0,12.2
2026-03-15 20:00:00,57.5,83.6,0.0,5.8
2026-03-15 21:00:00,54.2,88.3,0.0,4.6
2026-03-15 22:00:00,52.3,85.4,0.0,6.6
2026-03-15 23:00:00,45.0,89.7,0.0,1.8
2026-03-16 00:00:00,48.9,76.7,0.0,7.1
2026-03-16 01:00:00,42.6,87.5,0.0,5.8
2026-03-16 02:00:00,44.4,86.9,0.0,9.2
2026-03-16 03:00:00,44.1,94.3,0.0,8.6
2026-03-16 04:00:00,45.0,85.2,0.0,8.8
2026-03-16 05:00:00,45.5,88.8,0.0,6.6
2026-03-16 06:00:00,44.0,89.4,0.0,10.8
2026-03-16 07:00:00,44.7,93.7,0.0,7.7
2026-03-16 08:00:00,52.4,83.0,0.0,4.4
2026-03-16 09:00:00,53.0,87.5,0.0,3.6
2026-03-16 10:00:00,57.8,72.2,0.0,3.9
2026-03-16 11:00:00,57.0,73.1,0.0,7.8
2026-03-16 12:00:00,55.5,70.6,0.0,2.0
2026-03-16 13:00:00,62.9,81.8,0.0,6.5
2026-03-16 14:00:00,60.4,82.6,0.0,3.5
2026-03-16 15:00:00,62.5,82.6,0.0,2.2
2026-03-16 16:00:00,59.8,76.2,0.0,2.7
2026-03-16 17:00:00,64.6,74.2,0.0,5.9
2026-03-16 18:00:00,56.8,80.6,0.0,8.3
2026-03-16 19:00:00,56.3,88.8,0.0,4.0
2026-03-16 20:00:00,55.2,90.6,0.0,0.0
2026-03-16 21:00:00,49.9,89.0,0.0,15.5
2026-03-16 22:00:00,51.1,86.1,0.0,9.4
2026-03-16 23:00:00,52.1,90.5,0.0,8.8
2026-03-17 00:00:00,45.1,86.4,0.0,10.9
2026-03-17 01:00:00,45.8,85.3,0.0,6.3
2026-03-17 02:00:00,37.1,91.5,0.0,5.6
2026-03-17 03:00:00,43.5,83.7,0.0,10.1
2026-03-17 04:00:00,43.1,87.9,0.0,10.0
2026-03-17 05:00:00,42.8,83.4,0.0,7.8
2026-03-17 06:00:00,49.0,90.7,0.0,8.6
2026-03-17 07:00:00,47.4,89.2,0.19,2.3
2026-03-17 08:00:00,50.0,92.2,0.0,5.2
2026-03-17 09:00:00,51.8,75.8,0.0,11.1
2026-03-17 10:00:00,50.4,94.3,0.0,8.4
2026-03-17 11:00:00,54.5,74.6,0.0,1.6
2026-03-17 12:00:00,61.7,72.6,0.0,4.4
2026-03-17 13:00:00,55.5,78.9,0.0,10.6
2026-03-17 14:00:00,59.7,86.2,0.0,7.4
2026-03-17 15:00:00,61.0,80.1,0.0,6.5
2026-03-17 16:00:00,66.0,75.0,0.0,6.6
2026-03-17 17:00:00,62.6,74.1,0.0,5.7
2026-03-17 18:00:00,57.9,73.8,0.0,4.4
2026-03-17 19:00:00,60.6,84.8,0.0,3.5
2026-03-17 20:00:00,53.3,87.2,0.0,9.0
2026-03-17 21:00:00,55.3,88.8,0.113,6.7
2026-03-17 22:00:00,47.0,88.6,0.0,8.1
2026-03-17 23:00:00,50.9,71.3,0.0,7.6
2026-03-18 00:00:00,45.4,81.3,0.0,10.2
2026-03-18 01:00:00,42.4,91.5,0.0,7.4
2026-03-18 02:00:00,43.5,86.7,0.0,8.5
2026-03-18 03:00:00,44.4,85.3,0.0,6.5
2026-03-18 04:00:00,42.8,83.4,0.0,3.2
2026-03-18 05:00:00,46.4,91.7,0.0,5.3
2026-03-18 06:00:00,45.0,90.0,0.0,7.8
2026-03-18 07:00:00,49.9,87.5,0.0,8.0
2026-03-18 08:00:00,51.7,80.9,0.0,10.4
2026-03-18 09:00:00,52.8,84.3,0.0,4.6
2026-03-18 10:00:00,54.3,76.0,0.0,6.7
2026-03-18 11:00:00,58.0,80.0,0.0,5.6
2026-03-18 12:00:00,60.9,66.4,0.0,10.9
2026-03-18 13:00:00,66.2,68.3,0.0,7.1
2026-03-18 14:00:00,64.3,75.5,0.0,7.2
2026-03-18 15:00:00,64.7,88.8,0.0,5.9
2026-03-18 16:00:00,69.6,65.2,0.0,5.3
2026-03-18 17:00:00,62.3,72.0,0.0,1.7
2026-03-18 18:00:00,60.7,80.2,0.0,2.2
2026-03-18 19:00:00,59.4,88.7,0.0,6.5
2026-03-18 20:00:00,52.9,84.4,0.0,6.2
2026-03-18 21:00:00,51.9,87.5,0.0,6.6
2026-03-18 22:00:00,49.3,83.7,0.0,8.8
2026-03-18 23:00:00,50.0,82.5,0.0,6.3
2026-03-19 00:00:00,46.2,87.5,0.0,5.0
2026-03-19 01:00:00,45.5,84.2,0.0,5.4
2026-03-19 02:00:00,46.9,90.3,0.0,6.7
2026-03-19 03:00:00,46.0,79.1,0.0,4.9
2026-03-19 04:00:00,43.8,92.9,0.0,9.2
2026-03-19 05:00:00,43.5,88.8,0.0,6.0
2026-03-19 06:00:00,49.5,84.2,0.0,6.8
2026-03-19 07:00:00,50.5,76.5,0.0,3.6
2026-03-19 08:00:00,46.8,81.9,0.0,9.2
2026-03-19 09:00:00,52.4,89.7,0.0,10.3
2026-03-19 10:00:00,56.0,80.6,0.0,1.9
2026-03-19 11:00:00,59.8,81.0,0.0,7.2
2026-03-19 12:00:00,62.1,74.0,0.0,5.7
2026-03-19 13:00:00,62.0,78.3,0.0,6.9
2026-03-19 14:00:00,63.7,70.6,0.0,7.4
2026-03-19 15:00:00,62.7,78.5,0.0,0.0
2026-03-19 16:00:00,60.5,81.1,0.0,8.3
2026-03-19 17:00:00,60.6,80.8,0.0,9.3
2026-03-19 18:00:00,59.8,75.1,0.0,9.7
2026-03-19 19:00:00,57.8,79.0,0.0,3.2
2026-03-19 20:00:00,50.9,87.2,0.0,5.9
2026-03-19 21:00:00,52.2,82.7,0.0,4.4
2026-03-19 22:00:00,50.9,83.0,0.0,0.3
2026-03-19 23:00:00,47.8,95.7,0.0,4.1
2026-03-20 00:00:00,46.2,82.4,0.0,2.7
2026-03-20 01:00:00,46.5,92.3,0.0,7.0
2026-03-20 02:00:00,41.7,83.8,0.0,1.1
2026-03-20 03:00:00,40.0,93.8,0.0,3.1
2026-03-20 04:00:00,43.5,92.1,0.0,4.4
2026-03-20 05:00:00,47.2,84.0,0.0,8.3
2026-03-20 06:00:00,51.0,78.4,0.0,14.3
2026-03-20 07:00:00,50.7,74.8,0.0,6.9
2026-03-20 08:00:00,47.3,83.4,0.0,2.9
2026-03-20 09:00:00,52.8,86.1,0.0,4.0
2026-03-20 10:00:00,56.5,76.0,0.0,8.0
2026-03-20 11:00:00,58.6,80.8,0.0,2.0
2026-03-20 12:00:00,61.4,71.3,0.0,9.3
2026-03-20 13:00:00,59.2,78.7,0.0,6.8
2026-03-20 14:00:00,62.6,72.3,0.0,5.6
2026-03-20 15:00:00,63.9,77.0,0.0,0.9
2026-03-20 16:00:00,64.5,74.5,0.0,8.8
2026-03-20 17:00:00,59.5,73.8,0.0,3.7
2026-03-20 18:00:00,59.2,76.7,0.0,6.5
2026-03-20 19:00:00,51.3,79.6,0.0,5.5
2026-03-20 20:00:00,54.3,76.1,0.0,1.2
2026-03-20 21:00:00,52.1,89.3,0.0,5.3
2026-03-20 22:00:00,48.4,84.1,0.0,2.4
2026-03-20 23:00:00,49.1,74.5,0.0,4.0
2026-03-21 00:00:00,46.8,83.6,0.0,7.3
2026-03-21 01:00:00,39.8,95.2,0.0,8.1
2026-03-21 02:00:00,45.0,83.9,0.0,5.9
2026-03-21 03:00:00,41.8,97.0,0.0,3.3
2026-03-21 04:00:00,45.7,83.1,0.0,4.1
2026-03-21 05:00:00,42.2,91.8,0.0,4.0
2026-03-21 06:00:00,47.0,91.8,0.0,0.0
2026-03-21 07:00:00,48.2,88.2,0.0,6.2
2026-03-21 08:00:00,51.9,77.1,0.0,1.0
2026-03-21 09:00:00,53.9,78.1,0.0,6.2
2026-03-21 10:00:00,55.4,87.9,0.0,1.6
2026-03-21 11:00:00,54.5,78.5,0.0,2.4
2026-03-21 12:00:00,56.6,86.2,0.0,8.0
2026-03-21 13:00:00,60.4,77.2,0.0,6.1
2026-03-21 14:00:00,62.7,78.7,0.0,0.3
2026-03-21 15:00:00,61.6,71.7,0.0,4.3
2026-03-21 16:00:00,64.3,74.1,0.0,6.8
2026-03-21 17:00:00,61.1,74.5,0.0,4.1
2026-03-21 18:00:00,57.9,81.8,0.0,5.0
2026-03-21 19:00:00,57.7,81.3,0.0,6.7
2026-03-21 20:00:00,56.6,83.7,0.0,6.1
2026-03-21 21:00:00,54.4,80.1,0.0,3.0
2026-03-21 22:00:00,55.9,77.1,0.0,6.1
2026-03-21 23:00:00,47.2,87.4,0.0,5.1
2026-03-22 00:00:00,46.9,81.5,0.0,11.2
2026-03-22 01:00:00,46.7,92.2,0.0,5.7
2026-03-22 02:00:00,44.6,87.4,0.0,6.4
2026-03-22 03:00:00,43.1,87.2,0.0,6.8
2026-03-22 04:00:00,40.8,92.4,0.0,5.0
2026-03-22 05:00:00,44.3,87.7,0.0,3.8
2026-03-22 06:00:00,44.4,79.8,0.0,7.4
2026-03-22 07:00:00,44.8,82.6,0.0,7.4
2026-03-22 08:00:00,49.4,90.6,0.0,12.2
2026-03-22 09:00:00,51.2,84.7,0.0,8.2
2026-03-22 10:00:00,57.8,72.3,0.0,8.3
2026-03-22 11:00:00,60.1,81.2,0.0,8.2
2026-03-22 12:00:00,58.3,77.6,0.0,3.9
2026-03-22 13:00:00,61.4,74.3,0.0,2.2
2026-03-22 14:00:00,58.4,74.7,0.0,3.0
2026-03-22 15:00:00,62.1,83.3,0.0,8.1
2026-03-22 16:00:00,64.1,67.4,0.0,10.3
2026-03-22 17:00:00,64.2,73.0,0.0,8.2
2026-03-22 18:00:00,58.8,80.8,0.0,5.5
2026-03-22 19:00:00,61.2,86.7,0.0,11.0
2026-03-22 20:00:00,52.5,86.4,0.0,4.7
2026-03-22 21:00:00,50.7,80.4,0.0,2.6
2026-03-22 22:00:00,53.2,90.9,0.0,6.8
2026-03-22 23:00:00,53.3,76.4,0.0,9.9
2026-03-23 00:00:00,48.5,87.2,0.0,3.5
2026-03-23 01:00:00,45.6,89.8,0.0,0.9
2026-03-23 02:00:00,39.3,86.5,0.0,6.1
2026-03-23 03:00:00,39.4,94.3,0.0,8.3
2026-03-23 04:00:00,45.1,85.1,0.0,0.0
2026-03-23 05:00:00,44.8,91.3,0.0,8.9
2026-03-23 06:00:00,44.5,78.8,0.0,1.9
2026-03-23 07:00:00,49.4,87.0,0.0,8.2
2026-03-23 08:00:00,51.9,81.9,0.0,0.0
2026-03-23 09:00:00,56.4,87.2,0.0,1.6
2026-03-23 10:00:00,56.9,81.0,0.0,7.9
2026-03-23 11:00:00,61.9,84.7,0.0,9.6
2026-03-23 12:00:00,60.9,81.6,0.0,6.0
2026-03-23 13:00:00,62.1,77.7,0.0,13.2
2026-03-23 14:00:00,66.0,80.1,0.0,2.9
2026-03-23 15:00:00,61.2,82.8,0.0,2.9
2026-03-23 16:00:00,70.4,76.2,0.0,5.1
2026-03-23 17:00:00,63.3,66.2,0.0,5.0
2026-03-23 18:00:00,61.8,73.6,0.0,6.9
2026-03-23 19:00:00,60.2,86.3,0.0,3.8
2026-03-23 20:00:00,61.2,72.5,0.0,7.7
2026-03-23 21:00:00,56.0,86.1,0.0,7.6
2026-03-23 22:00:00,47.6,89.9,0.0,10.8
2026-03-23 23:00:00,52.8,79.8,0.0,4.5
2026-03-24 00:00:00,46.6,76.9,0.0,7.0
2026-03-24 01:00:00,46.2,84.3,0.0,7.8
2026-03-24 02:00:00,41.7,99.9,0.0,6.0
2026-03-24 03:00:00,45.9,82.9,0.0,5.4
2026-03-24 04:00:00,43.3,84.7,0.0,0.0
2026-03-24 05:00:00,46.1,82.1,0.0,6.3
2026-03-24 06:00:00,46.7,92.9,0.0,7.8
2026-03-24 07:00:00,54.3,81.4,0.0,5.8
2026-03-24 08:00:00,56.7,78.2,0.0,3.7
2026-03-24 09:00:00,54.4,89.6,0.0,1.0
2026-03-24 10:00:00,56.9,84.1,0.0,7.4
2026-03-24 11:00:00,58.2,75.9,0.0,6.1
2026-03-24 12:00:00,63.9,71.2,0.0,10.2
2026-03-24 13:00:00,61.8,84.3,0.0,1.7
2026-03-24 14:00:00,62.6,78.2,0.0,4.6
2026-03-24 15:00:00,66.4,68.2,0.0,2.0
2026-03-24 16:00:00,62.3,69.3,0.0,9.1
2026-03-24 17:00:00,62.6,72.5,0.0,9.7
2026-03-24 18:00:00,57.2,74.9,0.0,11.8
2026-03-24 19:00:00,60.9,68.8,0.0,7.6
2026-03-24 20:00:00,61.6,73.1,0.0,8.4
2026-03-24 21:00:00,56.1,77.1,0.0,7.3
2026-03-24 22:00:00,55.4,79.7,0.0,7.7
2026-03-24 23:00:00,47.3,94.9,0.0,6.1
2026-03-25 00:00:00,48.2,84.7,0.0,7.9
2026-03-25 01:00:00,43.7,87.6,0.0,12.4
2026-03-25 02:00:00,44.5,90.6,0.0,6.7
2026-03-25 03:00:00,46.7,85.6,0.0,6.1
2026-03-25 04:00:00,45.3,89.6,0.0,6.6
2026-03-25 05:00:00,42.5,90.5,0.0,5.6
2026-03-25 06:00:00,44.3,88.7,0.0,6.7
2026-03-25 07:00:00,46.2,100.0,0.0,5.5
2026-03-25 08:00:00,53.2,87.8,0.0,9.4
2026-03-25 09:00:00,59.7,74.3,0.0,9.1
2026-03-25 10:00:00,60.4,81.1,0.0,12.5
2026-03-25 11:00:00,54.6,78.5,0.0,5.9
2026-03-25 12:00:00,65.0,79.0,0.0,6.9
2026-03-25 13:00:00,65.3,69.7,0.0,6.7
2026-03-25 14:00:00,60.1,73.9,0.0,6.6
2026-03-25 15:00:00,63.5,79.3,0.0,9.4
2026-03-25 16:00:00,66.7,80.8,0.0,1.1
2026-03-25 17:00:00,64.3,79.6,0.0,7.4
2026-03-25 18:00:00,58.1,84.8,0.0,12.0
2026-03-25 19:00:00,60.9,80.9,0.0,10.1
2026-03-25 20:00:00,51.7,84.9,0.0,9.7
2026-03-25 21:00:00,53.9,80.3,0.0,8.5
2026-03-25 22:00:00,54.8,86.4,0.0,4.2
2026-03-25 23:00:00,49.7,90.3,0.0,3.8
2026-03-26 00:00:00,46.5,86.6,0.0,3.8
2026-03-26 01:00:00,48.4,85.3,0.0,2.6
2026-03-26 02:00:00,47.7,94.2,0.0,8.8
2026-03-26 03:00:00,48.2,85.9,0.0,10.4
2026-03-26 04:00:00,47.4,86.8,0.0,7.3
2026-03-26 05:00:00,48.9,88.0,0.0,8.4
2026-03-26 06:00:00,49.6,84.7,0.0,6.9
2026-03-26 07:00:00,50.5,80.6,0.0,7.7
2026-03-26 08:00:00,52.4,85.6,0.0,0.0
2026-03-26 09:00:00,54.1,82.5,0.0,6.9
2026-03-26 10:00:00,54.2,91.9,0.0,4.7
2026-03-26 11:00:00,57.3,84.9,0.0,5.9
2026-03-26 12:00:00,61.0,76.0,0.0,6.7
2026-03-26 13:00:00,63.9,81.0,0.0,3.9
2026-03-26 14:00:00,67.8,76.7,0.0,2.8
2026-03-26 15:00:00,64.5,83.6,0.0,3.8
2026-03-26 16:00:00,66.7,73.2,0.0,1.7
2026-03-26 17:00:00,65.9,77.2,0.0,2.5
2026-03-26 18:00:00,61.1,78.4,0.0,2.9
2026-03-26 19:00:00,61.1,79.2,0.0,1.7
2026-03-26 20:00:00,56.7,76.9,0.0,7.6
2026-03-26 21:00:00,58.0,83.5,0.0,3.3
2026-03-26 22:00:00,53.8,85.0,0.0,0.4
2026-03-26 23:00:00,46.8,93.2,0.0,4.8
2026-03-27 00:00:00,48.3,85.9,0.0,2.7
2026-03-27 01:00:00,50.5,82.7,0.0,10.4
2026-03-27 02:00:00,44.9,91.7,0.0,6.4
2026-03-27 03:00:00,46.2,83.1,0.0,1.6
2026-03-27 04:00:00,46.7,92.2,0.0,7.7
2026-03-27 05:00:00,43.8,93.8,0.0,6.3
2026-03-27 06:00:00,49.2,91.7,0.0,5.3
2026-03-27 07:00:00,46.5,88.8,0.0,10.7
2026-03-27 08:00:00,50.8,82.1,0.0,3.1
2026-03-27 09:00:00,57.6,81.3,0.0,9.1
2026-03-27 10:00:00,58.4,82.3,0.0,4.8
2026-03-27 11:00:00,59.2,77.2,0.0,5.9
2026-03-27 12:00:00,63.1,84.5,0.0,3.8
2026-03-27 13:00:00,63.4,80.5,0.0,3.9
2026-03-27 14:00:00,64.6,72.5,0.0,4.7
2026-03-27 15:00:00,66.5,85.3,0.0,0.3
2026-03-27 16:00:00,62.7,78.5,0.0,7.0
2026-03-27 17:00:00,63.6,72.0,0.0,6.3
2026-03-27 18:00:00,61.2,74.7,0.0,1.5
2026-03-27 19:00:00,55.9,89.2,0.0,8.0
2026-03-27 20:00:00,55.2,91.3,0.0,10.4
2026-03-27 21:00:00,58.9,85.2,0.0,4.0
2026-03-27 22:00:00,53.4,89.8,0.0,3.6
2026-03-27 23:00:00,46.7,92.9,0.0,9.3
2026-03-28 00:00:00,44.3,90.9,0.0,7.2
2026-03-28 01:00:00,46.2,88.7,0.0,5.6
2026-03-28 02:00:00,49.4,88.0,0.0,8.4
2026-03-28 03:00:00,44.7,91.6,0.0,6.8
2026-03-28 04:00:00,48.8,82.0,0.0,10.3
2026-03-28 05:00:00,47.4,90.1,0.0,5.9
2026-03-28 06:00:00,49.3,92.7,0.0,7.3
2026-03-28 07:00:00,46.8,85.7,0.0,9.3
2026-03-28 08:00:00,54.9,80.7,0.0,0.0
2026-03-28 09:00:00,54.3,85.0,0.0,9.4
2026-03-28 10:00:00,59.9,76.3,0.0,4.5
2026-03-28 11:00:00,58.1,73.9,0.0,7.5
2026-03-28 12:00:00,62.7,83.8,0.0,11.0
2026-03-28 13:00:00,64.7,74.7,0.018,5.1
2026-03-28 14:00:00,64.5,77.1,0.0,4.6
2026-03-28 15:00:00,66.2,73.0,0.0,5.8
2026-03-28 16:00:00,64.2,83.6,0.0,1.6
2026-03-28 17:00:00,62.2,82.5,0.0,12.6
2026-03-28 18:00:00,66.3,74.9,0.0,5.9
2026-03-28 19:00:00,62.8,72.1,0.0,10.9
2026-03-28 20:00:00,55.9,80.0,0.0,5.0
2026-03-28 21:00:00,56.6,84.2,0.0,6.1
2026-03-28 22:00:00,50.7,85.5,0.0,8.8
2026-03-28 23:00:00,47.2,87.1,0.0,2.7
2026-03-29 00:00:00,50.9,85.6,0.0,5.7
2026-03-29 01:00:00,42.4,93.0,0.0,8.7
2026-03-29 02:00:00,48.0,85.9,0.0,5.4
2026-03-29 03:00:00,44.7,90.2,0.0,4.6
2026-03-29 04:00:00,45.2,82.7,0.0,9.3
2026-03-29 05:00:00,47.7,99.0,0.0,10.2
2026-03-29 06:00:00,49.7,83.7,0.0,10.7
2026-03-29 07:00:00,48.3,86.9,0.0,4.0
2026-03-29 08:00:00,54.6,85.3,0.0,4.3
2026-03-29 09:00:00,55.7,79.8,0.0,4.6
2026-03-29 10:00:00,54.9,82.4,0.0,8.2
2026-03-29 11:00:00,60.0,79.5,0.0,2.4
2026-03-29 12:00:00,66.0,71.6,0.0,2.6
2026-03-29 13:00:00,68.3,77.1,0.0,3.9
2026-03-29 14:00:00,66.9,67.4,0.0,3.2
2026-03-29 15:00:00,62.5,86.9,0.0,8.7
2026-03-29 16:00:00,66.4,80.0,0.0,8.5
2026-03-29 17:00:00,66.3,79.3,0.0,4.6
2026-03-29 18:00:00,64.3,68.4,0.0,5.4
2026-03-29 19:00:00,62.4,74.2,0.0,0.0
2026-03-29 20:00:00,58.9,87.0,0.0,4.6
2026-03-29 21:00:00,55.2,100.0,0.0,9.7
2026-03-29 22:00:00,51.3,90.3,0.0,4.5
2026-03-29 23:00:00,45.6,92.6,0.0,2.7
2026-03-30 00:00:00,49.3,88.0,0.0,10.1
2026-03-30 01:00:00,47.3,82.2,0.0,2.7
2026-03-30 02:00:00,47.2,91.5,0.0,10.6
2026-03-30 03:00:00,42.1,83.8,0.0,14.7
2026-03-30 04:00:00,47.4,80.4,0.0,5.7
2026-03-30 05:00:00,52.0,77.5,0.0,9.7
2026-03-30 06:00:00,48.7,90.6,0.0,1.0
2026-03-30 07:00:00,50.4,84.5,0.0,0.9
2026-03-30 08:00:00,53.8,83.4,0.0,3.6
2026-03-30 09:00:00,60.7,79.0,0.0,8.5
2026-03-30 10:00:00,55.7,76.2,0.0,6.0
2026-03-30 11:00:00,61.2,75.5,0.0,5.4
2026-03-30 12:00:00,60.8,75.9,0.0,2.1
2026-03-30 13:00:00,63.1,70.8,0.0,5.6
2026-03-30 14:00:00,65.3,74.1,0.0,4.1
2026-03-30 15:00:00,69.2,69.1,0.0,3.2
2026-03-30 16:00:00,70.0,76.9,0.0,3.0
2026-03-30 17:00:00,65.6,79.7,0.0,6.6
2026-03-30 18:00:00,61.9,72.0,0.0,3.8
2026-03-30 19:00:00,67.0,74.2,0.0,6.0
2026-03-30 20:00:00,57.2,90.3,0.0,0.7
2026-03-30 21:00:00,54.2,77.8,0.0,7.5
2026-03-30 22:00:00,48.6,87.9,0.0,6.7
2026-03-30 23:00:00,54.1,83.3,0.0,5.3
2026-03-31 00:00:00,51.1,89.9,0.0,6.5
2026-03-31 01:00:00,53.1,84.8,0.0,8.8
2026-03-31 02:00:00,42.5,87.0,0.0,1.7
2026-03-31 03:00:00,49.3,85.7,0.0,6.2
2026-03-31 04:00:00,46.2,87.5,0.0,2.1
2026-03-31 05:00:00,49.0,85.1,0.0,6.3
2026-03-31 06:00:00,44.5,81.4,0.0,5.2
2026-03-31 07:00:00,54.4,88.8,0.0,5.9
2026-03-31 08:00:00,55.2,87.5,0.0,8.5
2026-03-31 09:00:00,55.8,76.6,0.0,8.5
2026-03-31 10:00:00,60.1,77.9,0.0,9.3
2026-03-31 11:00:00,59.1,78.9,0.0,4.8
2026-03-31 12:00:00,61.7,72.8,0.0,8.1
2026-03-31 13:00:00,63.6,68.2,0.0,7.5
2026-03-31 14:00:00,61.1,75.5,0.0,4.9
2026-03-31 15:00:00,68.3,73.2,0.0,6.4
2026-03-31 16:00:00,68.7,67.5,0.0,5.6
2026-03-31 17:00:00,63.0,78.7,0.0,10.2
2026-03-31 18:00:00,64.0,83.1,0.0,8.4
2026-03-31 19:00:00,60.3,83.5,0.0,5.0
2026-03-31 20:00:00,59.3,79.2,0.0,4.8
2026-03-31 21:00:00,54.3,73.4,0.0,8.9
2026-03-31 22:00:00,51.0,88.0,0.0,10.0
2026-03-31 23:00:00,53.4,83.9,0.0,6.9
2026-04-01 00:00:00,48.7,87.9,0.0,8.0
2026-04-01 01:00:00,52.2,93.5,0.0,9.9
2026-04-01 02:00:00,46.3,82.9,0.0,5.5
2026-04-01 03:00:00,43.5,74.2,0.0,6.3
2026-04-01 04:00:00,49.2,80.2,0.0,7.5
2026-04-01 05:00:00,48.8,88.1,0.0,4.7
2026-04-01 06:00:00,50.6,84.8,0.0,11.1
2026-04-01 07:00:00,53.9,76.8,0.0,4.7
2026-04-01 08:00:00,51.8,76.9,0.0,6.2
2026-04-01 09:00:00,55.8,80.0,0.0,11.7
2026-04-01 10:00:00,58.3,74.2,0.0,0.4
2026-04-01 11:00:00,58.0,83.2,0.0,6.6
2026-04-01 12:00:00,62.7,75.9,0.0,4.0
2026-04-01 13:00:00,68.4,71.8,0.0,6.0
2026-04-01 14:00:00,66.7,72.0,0.0,2.4
2026-04-01 15:00:00,63.1,79.1,0.0,4.9
2026-04-01 16:00:00,62.2,78.5,0.0,6.1
2026-04-01 17:00:00,69.2,75.4,0.0,6.7
2026-04-01 18:00:00,63.2,78.7,0.0,8.7
2026-04-01 19:00:00,59.6,79.3,0.0,0.0
2026-04-01 20:00:00,58.1,75.4,0.0,5.6
2026-04-01 21:00:00,52.4,80.0,0.0,5.5
2026-04-01 22:00:00,57.0,79.2,0.0,5.8
2026-04-01 23:00:00,50.0,95.3,0.0,6.1
2026-04-02 00:00:00,52.4,76.9,0.0,3.5
2026-04-02 01:00:00,47.5,84.3,0.0,1.4
2026-04-02 02:00:00,49.9,85.6,0.0,6.7
2026-04-02 03:00:00,46.6,85.4,0.0,3.0
2026-04-02 04:00:00,48.4,91.2,0.0,7.2
2026-04-02 05:00:00,49.1,83.9,0.0,3.2
2026-04-02 06:00:00,50.6,83.5,0.0,8.1
2026-04-02 07:00:00,52.0,88.0,0.0,5.8
2026-04-02 08:00:00,53.1,92.4,0.0,6.0
2026-04-02 09:00:00,61.1,85.9,0.0,5.3
2026-04-02 10:00:00,56.8,80.6,0.0,4.8
2026-04-02 11:00:00,61.6,78.4,0.0,5.3
2026-04-02 12:00:00,63.7,77.7,0.0,9.5
2026-04-02 13:00:00,66.4,76.7,0.0,1.4
2026-04-02 14:00:00,65.3,72.3,0.0,4.1
2026-04-02 15:00:00,67.5,80.0,0.0,9.2
2026-04-02 16:00:00,66.0,77.3,0.0,8.5
2026-04-02 17:00:00,61.4,78.5,0.0,10.0
2026-04-02 18:00:00,63.7,71.1,0.0,5.8
2026-04-02 19:00:00,58.8,80.5,0.0,2.0
2026-04-02 20:00:00,54.7,72.9,0.0,2.7
2026-04-02 21:00:00,56.7,78.4,0.0,5.1
2026-04-02 22:00:00,54.9,79.5,0.0,8.3
2026-04-02 23:00:00,52.5,85.1,0.0,5.2
2026-04-03 00:00:00,50.6,94.1,0.0,5.0
2026-04-03 01:00:00,42.7,91.9,0.0,7.2
2026-04-03 02:00:00,43.1,96.1,0.0,6.1
2026-04-03 03:00:00,51.0,87.7,0.0,4.7
2026-04-03 04:00:00,43.8,94.0,0.0,3.0
2026-04-03 05:00:00,49.0,94.8,0.0,8.8
2026-04-03 06:00:00,47.5,82.7,0.0,9.1
2026-04-03 07:00:00,51.5,80.2,0.0,2.8
2026-04-03 08:00:00,52.3,87.1,0.0,4.8
2026-04-03 09:00:00,58.0,80.6,0.0,8.0
2026-04-03 10:00:00,59.6,80.8,0.0,2.6
2026-04-03 11:00:00,60.7,77.9,0.0,7.1
2026-04-03 12:00:00,61.4,75.8,0.0,5.0
2026-04-03 13:00:00,66.3,84.1,0.0,2.3
2026-04-03 14:00:00,63.7,72.0,0.0,11.3
2026-04-03 15:00:00,68.1,78.5,0.0,5.0
2026-04-03 16:00:00,73.3,74.8,0.0,7.6
2026-04-03 17:00:00,69.0,66.6,0.0,2.6
2026-04-03 18:00:00,65.8,72.2,0.0,10.7
2026-04-03 19:00:00,61.6,75.3,0.0,11.8
2026-04-03 20:00:00,54.4,85.4,0.0,1.5
2026-04-03 21:00:00,53.3,81.4,0.0,5.5
2026-04-03 22:00:00,57.1,80.7,0.0,10.0
2026-04-03 23:00:00,49.4,78.1,0.0,4.6
2026-04-04 00:00:00,47.6,97.9,0.0,7.2
2026-04-04 01:00:00,47.3,86.9,0.0,1.0
2026-04-04 02:00:00,44.0,90.8,0.0,3.6
2026-04-04 03:00:00,43.2,86.0,0.0,6.9
2026-04-04 04:00:00,46.5,83.7,0.0,4.2
2026-04-04 05:00:00,45.4,97.1,0.0,4.9
2026-04-04 06:00:00,47.5,76.8,0.0,1.5
2026-04-04 07:00:00,49.6,86.6,0.0,8.0
2026-04-04 08:00:00,55.4,76.0,0.0,2.0
2026-04-04 09:00:00,56.2,79.5,0.0,10.6
2026-04-04 10:00:00,59.1,76.8,0.0,4.0
2026-04-04 11:00:00,63.6,72.6,0.0,8.4
2026-04-04 12:00:00,63.9,77.5,0.0,8.1
2026-04-04 13:00:00,65.3,63.8,0.0,3.0
2026-04-04 14:00:00,68.2,73.4,0.0,4.3
2026-04-04 15:00:00,69.0,74.1,0.0,4.6
2026-04-04 16:00:00,66.7,69.0,0.0,4.8
2026-04-04 17:00:00,66.2,83.7,0.0,2.1
2026-04-04 18:00:00,62.3,75.2,0.0,7.6
2026-04-04 19:00:00,59.9,78.3,0.0,3.9
2026-04-04 20:00:00,61.5,75.7,0.0,5.7
2026-04-04 21:00:00,57.9,80.2,0.0,9.0
2026-04-04 22:00:00,55.2,88.7,0.0,7.7
2026-04-04 23:00:00,52.2,96.1,0.0,4.1
2026-04-05 00:00:00,49.7,88.9,0.0,9.1
2026-04-05 01:00:00,49.6,90.7,0.0,8.0
2026-04-05 02:00:00,49.1,94.1,0.0,3.9
2026-04-05 03:00:00,48.7,87.0,0.0,4.5
2026-04-05 04:00:00,46.5,94.8,0.0,9.0
2026-04-05 05:00:00,51.3,88.2,0.0,8.3
2026-04-05 06:00:00,50.1,85.7,0.0,1.5
2026-04-05 07:00:00,53.3,84.9,0.0,3.0
2026-04-05 08:00:00,55.0,73.1,0.0,8.1
2026-04-05 09:00:00,57.7,82.2,0.0,2.5
2026-04-05 10:00:00,58.0,72.9,0.0,8.4
2026-04-05 11:00:00,64.1,69.1,0.0,11.8
2026-04-05 12:00:00,71.7,74.0,0.0,7.1
2026-04-05 13:00:00,65.3,71.0,0.0,3.2
2026-04-05 14:00:00,67.5,75.3,0.0,6.5
2026-04-05 15:00:00,66.6,76.6,0.0,9.1
2026-04-05 16:00:00,66.1,77.1,0.0,6.3
2026-04-05 17:00:00,70.1,69.4,0.0,7.5
2026-04-05 18:00:00,62.9,82.4,0.0,3.6
2026-04-05 19:00:00,61.2,78.4,0.0,3.8
2026-04-05 20:00:00,55.8,84.0,0.0,8.7
2026-04-05 21:00:00,55.2,76.2,0.0,3.9
2026-04-05 22:00:00,50.0,84.1,0.0,0.0
2026-04-05 23:00:00,53.3,88.7,0.0,5.1
2026-04-06 00:00:00,56.7,86.2,0.0,6.9
2026-04-06 01:00:00,47.1,82.6,0.0,9.2
2026-04-06 02:00:00,42.8,86.2,0.0,10.9
2026-04-06 03:00:00,48.8,80.7,0.0,6.3
2026-04-06 04:00:00,45.1,84.4,0.0,8.0
2026-04-06 05:00:00,51.3,77.3,0.0,6.4
2026-04-06 06:00:00,49.0,84.9,0.0,7.1
2026-04-06 07:00:00,50.4,88.0,0.0,5.4
2026-04-06 08:00:00,54.1,78.8,0.0,7.2
2026-04-06 09:00:00,59.2,79.5,0.0,3.8
2026-04-06 10:00:00,59.5,78.7,0.0,11.9
2026-04-06 11:00:00,61.4,84.0,0.0,0.0
2026-04-06 12:00:00,64.4,74.0,0.0,7.7
2026-04-06 13:00:00,63.4,74.7,0.0,7.0
2026-04-06 14:00:00,68.7,70.5,0.0,7.1
2026-04-06 15:00:00,63.6,71.9,0.0,2.5
2026-04-06 16:00:00,66.5,78.5,0.0,1.0
2026-04-06 17:00:00,68.5,74.2,0.0,7.8
2026-04-06 18:00:00,65.6,76.7,0.0,10.0
2026-04-06 19:00:00,64.1,83.6,0.0,6.7
2026-04-06 20:00:00,59.9,86.2,0.0,8.4
2026-04-06 21:00:00,60.2,71.1,0.0,4.6
2026-04-06 22:00:00,56.8,84.5,0.0,7.0
2026-04-06 23:00:00,53.1,84.4,0.0,9.7
2026-04-07 00:00:00,52.2,81.5,0.0,5.1
2026-04-07 01:00:00,50.1,86.6,0.0,9.6
2026-04-07 02:00:00,46.0,78.6,0.0,1.1
2026-04-07 03:00:00,43.4,96.0,0.0,4.2
2026-04-07 04:00:00,48.2,88.6,0.0,7.6
2026-04-07 05:00:00,49.5,80.9,0.0,11.7
2026-04-07 06:00:00,52.6,80.6,0.0,6.0
2026-04-07 07:00:00,49.8,76.6,0.0,2.9
2026-04-07 08:00:00,52.5,82.1,0.0,11.6
2026-04-07 09:00:00,58.7,77.8,0.0,5.6
2026-04-07 10:00:00,60.2,72.8,0.0,8.0
2026-04-07 11:00:00,58.2,84.4,0.0,5.0
2026-04-07 12:00:00,66.1,82.5,0.0,6.4
2026-04-07 13:00:00,62.3,78.1,0.0,4.3
2026-04-07 14:00:00,65.6,74.9,0.0,12.8
2026-04-07 15:00:00,71.7,75.2,0.0,9.6
2026-04-07 16:00:00,72.5,72.5,0.0,11.3
2026-04-07 17:00:00,63.9,72.0,0.0,3.6
2026-04-07 18:00:00,64.4,73.8,0.0,0.5
2026-04-07 19:00:00,63.1,76.3,0.0,5.1
2026-04-07 20:00:00,64.8,78.1,0.0,13.5
2026-04-07 21:00:00,56.3,81.6,0.0,5.0
2026-04-07 22:00:00,53.6,84.1,0.0,9.2
2026-04-07 23:00:00,56.0,74.1,0.0,2.9
2026-04-08 00:00:00,49.1,88.8,0.0,3.5
2026-04-08 01:00:00,50.2,84.9,0.0,5.8
2026-04-08 02:00:00,43.6,100.0,0.0,12.3
2026-04-08 03:00:00,46.5,85.0,0.0,9.3
2026-04-08 04:00:00,43.1,90.4,0.0,0.0
2026-04-08 05:00:00,45.7,100.0,0.0,8.0
2026-04-08 06:00:00,52.2,84.8,0.0,2.6
2026-04-08 07:00:00,52.2,83.4,0.0,4.0
2026-04-08 08:00:00,54.2,77.8,0.0,7.5
2026-04-08 09:00:00,55.9,89.4,0.0,10.2
2026-04-08 10:00:00,60.1,73.7,0.0,10.0
2026-04-08 11:00:00,64.0,79.4,0.0,7.0
2026-04-08 12:00:00,67.9,72.8,0.0,7.0
2026-04-08 13:00:00,60.7,78.2,0.0,10.0
2026-04-08 14:00:00,66.2,69.0,0.0,1.3
2026-04-08 15:00:00,69.1,81.2,0.0,11.5
2026-04-08 16:00:00,68.1,73.7,0.0,3.8
2026-04-08 17:00:00,68.2,68.9,0.0,6.8
2026-04-08 18:00:00,66.2,82.4,0.0,4.5
2026-04-08 19:00:00,62.5,75.6,0.0,2.5
2026-04-08 20:00:00,59.3,81.6,0.0,7.4
2026-04-08 21:00:00,57.2,85.3,0.0,6.7
2026-04-08 22:00:00,57.8,83.1,0.0,5.7
2026-04-08 23:00:00,50.5,73.7,0.0,5.5
2026-04-09 00:00:00,50.1,88.4,0.0,10.6
2026-04-09 01:00:00,49.0,85.1,0.0,12.6
2026-04-09 02:00:00,51.3,82.6,0.0,9.8
2026-04-09 03:00:00,46.3,86.5,0.0,6.8
2026-04-09 04:00:00,49.8,77.0,0.0,1.1
2026-04-09 05:00:00,51.6,85.1,0.0,7.9
2026-04-09 06:00:00,50.1,78.1,0.0,8.0
2026-04-09 07:00:00,52.0,82.5,0.0,8.3
2026-04-09 08:00:00,54.4,83.4,0.0,2.6
2026-04-09 09:00:00,57.4,86.3,0.0,8.6
2026-04-09 10:00:00,63.0,73.7,0.0,10.7
2026-04-09 11:00:00,64.1,84.5,0.0,3.1
2026-04-09 12:00:00,66.4,80.7,0.0,8.1
2026-04-09 13:00:00,64.7,74.8,0.0,3.6
2026-04-09 14:00:00,66.2,70.5,0.0,5.7
2026-04-09 15:00:00,74.4,64.4,0.0,3.2
2026-04-09 16:00:00,68.2,76.4,0.0,4.9
2026-04-09 17:00:00,65.6,72.7,0.0,5.0
2026-04-09 18:00:00,69.4,80.3,0.0,7.2
2026-04-09 19:00:00,64.2,73.8,0.0,8.7
2026-04-09 20:00:00,62.3,73.7,0.0,9.6
2026-04-09 21:00:00,57.7,81.9,0.0,4.0
2026-04-09 22:00:00,54.4,79.2,0.0,7.1
2026-04-09 23:00:00,52.1,83.9,0.0,2.7
2026-04-10 00:00:00,47.0,91.6,0.0,5.7
2026-04-10 01:00:00,48.5,86.4,0.0,6.1
2026-04-10 02:00:00,48.3,86.5,0.0,3.2
2026-04-10 03:00:00,51.8,85.0,0.0,7.7
2026-04-10 04:00:00,47.8,77.7,0.0,5.5
2026-04-10 05:00:00,42.9,90.9,0.0,6.5
2026-04-10 06:00:00,50.2,85.7,0.0,9.7
2026-04-10 07:00:00,59.6,84.2,0.0,4.7
2026-04-10 08:00:00,57.6,83.9,0.0,8.6
2026-04-10 09:00:00,56.2,80.6,0.0,10.3
2026-04-10 10:00:00,62.6,83.2,0.0,10.1
2026-04-10 11:00:00,61.9,77.0,0.0,5.4
2026-04-10 12:00:00,62.7,79.2,0.0,3.1
2026-04-10 13:00:00,67.0,74.1,0.0,3.9
2026-04-10 14:00:00,69.2,76.8,0.0,1.2
2026-04-10 15:00:00,64.7,75.1,0.0,8.1
2026-04-10 16:00:00,66.1,84.4,0.0,8.2
2026-04-10 17:00:00,67.9,85.3,0.0,6.4
2026-04-10 18:00:00,65.1,81.1,0.0,1.9
2026-04-10 19:00:00,64.8,84.6,0.0,4.9
2026-04-10 20:00:00,58.1,72.8,0.0,10.1
2026-04-10 21:00:00,60.1,72.4,0.0,7.8
2026-04-10 22:00:00,52.5,82.0,0.0,8.3
2026-04-10 23:00:00,56.8,81.4,0.0,15.9
2026-04-11 00:00:00,46.3,86.0,0.0,7.0
2026-04-11 01:00:00,46.1,78.9,0.0,0.0
2026-04-11 02:00:00,48.8,91.4,0.0,2.7
2026-04-11 03:00:00,51.5,94.9,0.0,6.9
2026-04-11 04:00:00,48.5,92.2,0.0,6.1
2026-04-11 05:00:00,50.3,90.3,0.0,5.5
2026-04-11 06:00:00,50.7,85.8,0.0,5.5
2026-04-11 07:00:00,50.4,80.6,0.0,3.6
2026-04-11 08:00:00,54.4,82.9,0.0,7.1
2026-04-11 09:00:00,55.5,92.5,0.0,10.2
2026-04-11 10:00:00,58.2,78.7,0.0,11.2
2026-04-11 11:00:00,65.1,74.4,0.0,11.1
2026-04-11 12:00:00,63.6,83.1,0.0,3.1
2026-04-11 13:00:00,69.0,80.4,0.0,5.9
2026-04-11 14:00:00,66.0,71.9,0.0,5.1
2026-04-11 15:00:00,70.4,72.5,0.0,7.8
2026-04-11 16:00:00,68.1,72.6,0.0,5.8
2026-04-11 17:00:00,71.7,73.4,0.0,5.3
2026-04-11 18:00:00,67.2,81.1,0.0,10.4
2026-04-11 19:00:00,67.2,71.5,0.0,6.3
2026-04-11 20:00:00,59.5,85.2,0.0,6.4
2026-04-11 21:00:00,58.7,80.7,0.0,7.2
2026-04-11 22:00:00,53.2,94.9,0.0,8.0
2026-04-11 23:00:00,51.9,85.5,0.0,8.0
2026-04-12 00:00:00,50.2,84.4,0.0,10.7
2026-04-12 01:00:00,47.2,89.4,0.0,2.1
2026-04-12 02:00:00,44.9,86.1,0.0,7.0
2026-04-12 03:00:00,44.0,79.3,0.0,5.7
2026-04-12 04:00:00,42.1,88.2,0.0,5.1
2026-04-12 05:00:00,46.4,85.7,0.0,8.3
2026-04-12 06:00:00,52.4,75.7,0.0,9.9
2026-04-12 07:00:00,49.2,85.1,0.0,4.2
2026-04-12 08:00:00,52.4,73.3,0.0,11.1
2026-04-12 09:00:00,63.2,76.0,0.0,1.7
2026-04-12 10:00:00,60.1,80.7,0.0,7.8
2026-04-12 11:00:00,65.2,77.1,0.0,3.3
2026-04-12 12:00:00,68.3,72.9,0.0,4.1
2026-04-12 13:00:00,70.1,73.5,0.0,6.2
2026-04-12 14:00:00,65.8,72.4,0.0,4.8
2026-04-12 15:00:00,69.4,74.4,0.0,0.0
2026-04-12 16:00:00,65.6,76.7,0.0,7.8
2026-04-12 17:00:00,74.6,67.0,0.0,8.3
2026-04-12 18:00:00,62.7,79.3,0.0,5.5
2026-04-12 19:00:00,61.8,79.8,0.0,5.3
2026-04-12 20:00:00,59.1,79.2,0.0,4.9
2026-04-12 21:00:00,55.0,94.3,0.0,0.9
2026-04-12 22:00:00,59.2,79.2,0.0,0.5
2026-04-12 23:00:00,59.2,78.5,0.0,8.4
2026-04-13 00:00:00,49.8,83.0,0.0,9.2
2026-04-13 01:00:00,45.9,82.4,0.0,7.8
2026-04-13 02:00:00,42.5,92.6,0.0,7.1
2026-04-13 03:00:00,47.1,83.2,0.0,8.3
2026-04-13 04:00:00,47.3,83.7,0.0,8.1
2026-04-13 05:00:00,47.6,83.6,0.0,3.6
2026-04-13 06:00:00,51.6,79.2,0.0,6.7
2026-04-13 07:00:00,54.3,73.9,0.0,5.1
2026-04-13 08:00:00,56.9,78.9,0.0,5.2
2026-04-13 09:00:00,58.2,84.8,0.0,9.4
2026-04-13 10:00:00,59.2,80.9,0.0,10.7
2026-04-13 11:00:00,66.3,83.8,0.0,0.0
2026-04-13 12:00:00,67.0,79.4,0.0,5.2
2026-04-13 13:00:00,71.0,76.1,0.0,5.1
2026-04-13 14:00:00,71.9,82.4,0.0,9.5
2026-04-13 15:00:00,66.8,75.3,0.0,1.6
2026-04-13 16:00:00,66.4,76.3,0.0,0.0
2026-04-13 17:00:00,66.9,75.6,0.0,8.5
2026-04-13 18:00:00,64.4,84.8,0.0,8.9
2026-04-13 19:00:00,66.6,75.9,0.0,0.6
2026-04-13 20:00:00,62.8,74.7,0.0,5.6
2026-04-13 21:00:00,61.8,81.5,0.0,10.6
2026-04-13 22:00:00,57.1,77.0,0.0,2.8
2026-04-13 23:00:00,53.9,85.5,0.0,6.3
2026-04-14 00:00:00,54.2,84.8,0.0,7.5
2026-04-14 01:00:00,50.6,83.7,0.0,1.7
2026-04-14 02:00:00,48.4,88.7,0.0,4.3
2026-04-14 03:00:00,51.6,76.7,0.0,0.9
2026-04-14 04:00:00,48.5,86.6,0.0,5.5
2026-04-14 05:00:00,48.6,83.4,0.0,3.6
2026-04-14 06:00:00,49.1,99.8,0.0,6.6
2026-04-14 07:00:00,55.3,82.9,0.0,7.9
2026-04-14 08:00:00,59.4,76.8,0.0,10.2
2026-04-14 09:00:00,59.1,73.1,0.0,13.0
2026-04-14 10:00:00,65.5,83.0,0.0,6.6
2026-04-14 11:00:00,60.0,77.7,0.0,5.1
2026-04-14 12:00:00,67.2,71.6,0.0,4.9
2026-04-14 13:00:00,69.0,76.2,0.0,3.1
2026-04-14 14:00:00,68.5,78.1,0.0,7.3
2026-04-14 15:00:00,76.6,73.5,0.0,4.5
2026-04-14 16:00:00,70.1,74.0,0.0,7.6
2026-04-14 17:00:00,68.1,75.8,0.0,3.2
2026-04-14 18:00:00,67.4,76.6,0.0,4.6
2026-04-14 19:00:00,60.0,81.2,0.0,7.3
2026-04-14 20:00:00,60.3,81.5,0.0,5.6
2026-04-14 21:00:00,61.7,84.0,0.0,0.2
2026-04-14 22:00:00,54.7,82.7,0.0,6.0
2026-04-14 23:00:00,51.5,80.1,0.0,3.6
2026-04-15 00:00:00,54.7,81.7,0.0,9.5
2026-04-15 01:00:00,52.9,87.2,0.0,8.9
2026-04-15 02:00:00,49.7,76.2,0.0,0.0
2026-04-15 03:00:00,46.9,77.8,0.0,8.4
2026-04-15 04:00:00,47.8,90.8,0.0,7.2
2026-04-15 05:00:00,47.5,93.9,0.0,1.5
2026-04-15 06:00:00,48.9,79.3,0.0,8.6
2026-04-15 07:00:00,51.2,84.9,0.0,2.2
2026-04-15 08:00:00,55.0,80.3,0.0,9.4
2026-04-15 09:00:00,56.9,79.9,0.0,4.1
2026-04-15 10:00:00,58.6,81.8,0.0,1.4
2026-04-15 11:00:00,65.8,69.8,0.0,12.4
2026-04-15 12:00:00,68.2,69.4,0.0,1.4
2026-04-15 13:00:00,73.7,70.5,0.0,3.6
2026-04-15 14:00:00,68.9,73.9,0.0,4.2
2026-04-15 15:00:00,71.7,67.4,0.0,4.6
2026-04-15 16:00:00,71.4,77.2,0.0,8.1
2026-04-15 17:00:00,68.8,72.6,0.0,6.2
2026-04-15 18:00:00,69.5,72.2,0.0,9.0
2026-04-15 19:00:00,67.2,77.0,0.0,7.1
2026-04-15 20:00:00,63.3,77.0,0.0,1.0
2026-04-15 21:00:00,58.9,84.3,0.0,7.6
2026-04-15 22:00:00,55.6,77.2,0.0,6.7
2026-04-15 23:00:00,50.3,77.8,0.0,4.1
2026-04-16 00:00:00,49.6,83.7,0.0,12.2
2026-04-16 01:00:00,48.2,86.3,0.0,7.8
2026-04-16 02:00:00,45.8,81.1,0.0,8.8
2026-04-16 03:00:00,49.3,78.5,0.0,8.9
2026-04-16 04:00:00,51.6,85.0,0.0,4.7
2026-04-16 05:00:00,47.5,82.6,0.0,7.9
2026-04-16 06:00:00,52.3,76.5,0.0,6.9
2026-04-16 07:00:00,51.4,89.1,0.0,4.3
2026-04-16 08:00:00,56.0,78.5,0.0,2.3
2026-04-16 09:00:00,58.0,86.3,0.0,6.1
2026-04-16 10:00:00,64.3,77.3,0.0,7.8
2026-04-16 11:00:00,63.8,78.9,0.0,6.0
2026-04-16 12:00:00,70.5,72.7,0.0,5.5
2026-04-16 13:00:00,69.2,61.2,0.0,6.1
2026-04-16 14:00:00,69.3,68.7,0.0,5.1
2026-04-16 15:00:00,68.2,74.4,0.0,10.6
2026-04-16 16:00:00,71.6,75.0,0.0,6.8
2026-04-16 17:00:00,72.0,63.9,0.0,4.5
2026-04-16 18:00:00,68.6,74.5,0.0,0.6
2026-04-16 19:00:00,71.1,67.8,0.0,5.4
2026-04-16 20:00:00,66.3,77.2,0.0,4.3
2026-04-16 21:00:00,59.0,80.0,0.0,4.2
2026-04-16 22:00:00,56.0,85.4,0.0,8.8
2026-04-16 23:00:00,55.1,87.5,0.0,6.2
2026-04-17 00:00:00,49.7,87.5,0.0,1.0
2026-04-17 01:00:00,52.8,87.7,0.0,7.9
2026-04-17 02:00:00,49.6,83.4,0.0,1.3
2026-04-17 03:00:00,49.0,99.7,0.0,8.1
2026-04-17 04:00:00,50.5,78.7,0.0,4.6
2026-04-17 05:00:00,54.2,80.0,0.0,6.3
2026-04-17 06:00:00,52.2,88.3,0.0,5.9
2026-04-17 07:00:00,53.9,86.6,0.0,5.6
2026-04-17 08:00:00,60.8,81.5,0.0,6.6
2026-04-17 09:00:00,62.4,81.5,0.0,6.2
2026-04-17 10:00:00,62.2,67.9,0.0,11.6
2026-04-17 11:00:00,65.8,84.2,0.0,6.7
2026-04-17 12:00:00,68.7,73.7,0.0,6.7
2026-04-17 13:00:00,71.0,79.7,0.0,3.9
2026-04-17 14:00:00,67.9,65.0,0.0,7.1
2026-04-17 15:00:00,67.8,76.5,0.0,2.9
2026-04-17 16:00:00,69.0,71.7,0.0,9.5
2026-04-17 17:00:00,67.7,78.1,0.0,1.5
2026-04-17 18:00:00,66.6,77.4,0.0,3.5
2026-04-17 19:00:00,67.4,77.3,0.0,1.1
2026-04-17 20:00:00,62.6,72.8,0.0,7.3
2026-04-17 21:00:00,60.5,78.9,0.0,4.7
2026-04-17 22:00:00,53.9,81.9,0.0,8.1
2026-04-17 23:00:00,53.0,85.8,0.0,3.1
2026-04-18 00:00:00,53.4,88.1,0.0,7.6
2026-04-18 01:00:00,51.6,84.9,0.0,7.7
2026-04-18 02:00:00,47.1,80.2,0.0,6.6
2026-04-18 03:00:00,48.9,86.1,0.0,6.1
2026-04-18 04:00:00,54.4,95.6,0.0,6.4
2026-04-18 05:00:00,50.0,93.2,0.0,3.3
2026-04-18 06:00:00,50.2,70.0,0.0,2.8
2026-04-18 07:00:00,53.9,83.1,0.0,7.6
2026-04-18 08:00:00,57.4,85.6,0.0,4.9
2026-04-18 09:00:00,59.9,78.7,0.0,7.4
2026-04-18 10:00:00,63.2,75.4,0.0,10.7
2026-04-18 11:00:00,62.5,76.8,0.0,4.6
2026-04-18 12:00:00,66.1,78.9,0.0,4.2
2026-04-18 13:00:00,70.0,68.2,0.0,5.0
2026-04-18 14:00:00,71.2,79.3,0.0,6.1
2026-04-18 15:00:00,70.6,73.4,0.0,7.8
2026-04-18 16:00:00,71.2,68.7,0.0,5.9
2026-04-18 17:00:00,70.6,79.3,0.0,12.2
2026-04-18 18:00:00,70.8,65.8,0.0,7.3
2026-04-18 19:00:00,65.9,73.5,0.0,8.3
2026-04-18 20:00:00,64.3,74.3,0.0,5.9
2026-04-18 21:00:00,58.9,90.8,0.0,9.0
2026-04-18 22:00:00,58.6,76.8,0.0,5.4
2026-04-18 23:00:00,55.3,71.3,0.0,4.1
2026-04-19 00:00:00,54.3,79.7,0.0,8.7
2026-04-19 01:00:00,52.0,86.2,0.0,5.8
2026-04-19 02:00:00,50.5,88.6,0.0,6.7
2026-04-19 03:00:00,48.4,97.2,0.0,8.9
2026-04-19 04:00:00,49.7,92.2,0.0,6.4
2026-04-19 05:00:00,52.9,84.3,0.0,5.6
2026-04-19 06:00:00,50.5,80.3,0.0,4.4
2026-04-19 07:00:00,53.0,91.5,0.0,9.2
2026-04-19 08:00:00,57.9,78.8,0.0,5.0
2026-04-19 09:00:00,61.5,75.4,0.0,5.8
2026-04-19 10:00:00,61.5,76.6,0.0,6.9
2026-04-19 11:00:00,66.2,69.8,0.0,6.8
2026-04-19 12:00:00,68.6,72.4,0.0,9.0
2026-04-19 13:00:00,65.2,75.5,0.0,5.8
2026-04-19 14:00:00,71.4,76.9,0.0,10.1
2026-04-19 15:00:00,71.9,71.0,0.0,5.3
2026-04-19 16:00:00,71.5,66.8,0.0,7.1
2026-04-19 17:00:00,74.3,63.6,0.0,5.4
2026-04-19 18:00:00,65.8,77.3,0.0,12.3
2026-04-19 19:00:00,64.4,77.5,0.0,4.9
2026-04-19 20:00:00,57.0,78.4,0.0,5.2
2026-04-19 21:00:00,59.3,77.5,0.0,6.3
2026-04-19 22:00:00,56.5,83.4,0.0,5.2
2026-04-19 23:00:00,53.3,90.1,0.0,6.9
2026-04-20 00:00:00,55.1,78.3,0.0,9.7
2026-04-20 01:00:00,52.6,84.0,0.0,6.4
2026-04-20 02:00:00,49.4,90.1,0.0,6.6
2026-04-20 03:00:00,47.9,82.3,0.0,5.3
2026-04-20 04:00:00,51.8,83.9,0.0,4.5
2026-04-20 05:00:00,50.4,84.6,0.0,6.3
2026-04-20 06:00:00,50.3,78.3,0.0,6.0
2026-04-20 07:00:00,50.5,85.6,0.0,9.5
2026-04-20 08:00:00,56.6,81.5,0.0,3.1
2026-04-20 09:00:00,62.6,80.8,0.0,10.4
2026-04-20 10:00:00,69.5,68.3,0.0,5.6
2026-04-20 11:00:00,66.9,75.8,0.0,6.4
2026-04-20 12:00:00,67.3,82.4,0.0,2.8
2026-04-20 13:00:00,68.1,85.4,0.0,7.7
2026-04-20 14:00:00,73.6,78.4,0.0,3.1
2026-04-20 15:00:00,68.3,69.1,0.0,7.1
2026-04-20 16:00:00,73.6,74.3,0.0,6.8
2026-04-20 17:00:00,73.1,69.9,0.0,5.0
2026-04-20 18:00:00,70.3,75.3,0.0,0.0
2026-04-20 19:00:00,66.2,72.3,0.0,12.5
2026-04-20 20:00:00,65.2,68.0,0.0,2.8
2026-04-20 21:00:00,61.2,77.1,0.0,6.8
2026-04-20 22:00:00,55.7,85.5,0.0,3.8
2026-04-20 23:00:00,59.4,81.3,0.0,9.1
2026-04-21 00:00:00,51.6,86.1,0.0,4.9
2026-04-21 01:00:00,52.5,84.7,0.0,3.7
2026-04-21 02:00:00,43.4,90.7,0.0,7.8
2026-04-21 03:00:00,52.2,86.4,0.0,2.2
2026-04-21 04:00:00,53.1,81.9,0.0,4.8
2026-04-21 05:00:00,50.7,85.0,0.0,8.1
2026-04-21 06:00:00,53.9,91.6,0.0,10.5
2026-04-21 07:00:00,56.4,82.2,0.0,3.1
2026-04-21 08:00:00,56.3,81.8,0.0,4.2
2026-04-21 09:00:00,62.4,78.7,0.0,7.1
2026-04-21 10:00:00,62.1,77.3,0.0,0.0
2026-04-21 11:00:00,65.5,74.3,0.0,10.1
2026-04-21 12:00:00,72.3,73.8,0.0,3.0
2026-04-21 13:00:00,73.8,69.4,0.0,4.7
2026-04-21 14:00:00,70.8,72.8,0.0,6.8
2026-04-21 15:00:00,71.2,69.4,0.0,6.2
2026-04-21 16:00:00,71.0,74.0,0.0,3.1
2026-04-21 17:00:00,73.2,75.1,0.0,11.2
2026-04-21 18:00:00,67.0,74.6,0.0,0.0
2026-04-21 19:00:00,67.9,65.1,0.0,2.6
2026-04-21 20:00:00,66.0,79.2,0.0,4.1
2026-04-21 21:00:00,60.8,79.7,0.0,3.2
2026-04-21 22:00:00,60.4,74.3,0.0,9.7
2026-04-21 23:00:00,54.2,86.5,0.0,1.0
2026-04-22 00:00:00,52.2,76.8,0.0,10.7
2026-04-22 01:00:00,48.3,91.1,0.0,5.2
2026-04-22 02:00:00,52.1,83.5,0.0,1.9
2026-04-22 03:00:00,47.2,75.2,0.0,0.0
2026-04-22 04:00:00,50.4,85.6,0.0,5.4
2026-04-22 05:00:00,50.6,82.6,0.0,3.9
2026-04-22 06:00:00,50.1,82.2,0.0,6.7
2026-04-22 07:00:00,53.7,79.3,0.0,4.6
2026-04-22 08:00:00,61.6,78.0,0.0,8.9
2026-04-22 09:00:00,61.8,76.1,0.0,5.6
2026-04-22 10:00:00,61.9,69.2,0.0,4.7
2026-04-22 11:00:00,68.1,81.4,0.0,8.9
2026-04-22 12:00:00,69.4,73.1,0.0,6.7
2026-04-22 13:00:00,80.4,64.6,0.0,8.3
2026-04-22 14:00:00,73.6,66.4,0.0,9.4
2026-04-22 15:00:00,72.4,76.5,0.0,5.1
2026-04-22 16:00:00,76.5,63.9,0.0,6.1
2026-04-22 17:00:00,67.1,76.3,0.0,8.5
2026-04-22 18:00:00,70.0,71.1,0.0,0.0
2026-04-22 19:00:00,72.3,70.1,0.0,5.7
2026-04-22 20:00:00,64.1,71.7,0.0,5.3
2026-04-22 21:00:00,56.9,78.1,0.0,7.1
2026-04-22 22:00:00,57.1,81.1,0.0,3.6
2026-04-22 23:00:00,58.8,81.3,0.0,9.3
2026-04-23 00:00:00,53.8,79.0,0.0,3.8
2026-04-23 01:00:00,48.9,85.2,0.0,4.6
2026-04-23 02:00:00,48.0,90.5,0.0,4.0
2026-04-23 03:00:00,47.9,77.8,0.0,9.7
2026-04-23 04:00:00,50.6,84.6,0.0,0.0
2026-04-23 05:00:00,54.3,77.9,0.0,11.4
2026-04-23 06:00:00,55.5,76.7,0.0,10.4
2026-04-23 07:00:00,56.6,82.7,0.0,4.3
2026-04-23 08:00:00,55.0,79.5,0.0,9.1
2026-04-23 09:00:00,58.2,74.4,0.0,6.4
2026-04-23 10:00:00,66.0,82.8,0.0,11.0
2026-04-23 11:00:00,64.2,81.8,0.0,8.9
2026-04-23 12:00:00,69.5,64.6,0.0,12.6
2026-04-23 13:00:00,72.8,65.1,0.0,1.3
2026-04-23 14:00:00,70.4,76.7,0.0,6.6
2026-04-23 15:00:00,71.1,72.0,0.0,0.8
2026-04-23 16:00:00,73.0,79.8,0.0,4.4
2026-04-23 17:00:00,73.3,75.3,0.0,12.7
2026-04-23 18:00:00,72.8,74.0,0.0,7.4
2026-04-23 19:00:00,69.1,69.4,0.0,9.0
2026-04-23 20:00:00,64.8,79.3,0.0,7.5
2026-04-23 21:00:00,59.6,73.3,0.0,7.4
2026-04-23 22:00:00,55.7,88.4,0.0,4.4
2026-04-23 23:00:00,54.1,84.8,0.0,3.9
2026-04-24 00:00:00,54.1,78.6,0.002,4.4
2026-04-24 01:00:00,52.0,87.9,0.0,0.0
2026-04-24 02:00:00,44.7,99.1,0.0,5.8
2026-04-24 03:00:00,47.5,85.3,0.0,6.7
2026-04-24 04:00:00,52.9,86.1,0.0,4.1
2026-04-24 05:00:00,51.3,82.1,0.0,5.6
2026-04-24 06:00:00,49.5,85.7,0.0,7.6
2026-04-24 07:00:00,61.5,71.1,0.0,8.7
2026-04-24 08:00:00,58.5,80.3,0.0,2.4
2026-04-24 09:00:00,62.7,78.2,0.0,3.6
2026-04-24 10:00:00,65.9,85.2,0.0,8.3
2026-04-24 11:00:00,67.0,66.7,0.0,7.8
2026-04-24 12:00:00,68.6,73.4,0.0,10.0
2026-04-24 13:00:00,77.7,76.2,0.0,9.9
2026-04-24 14:00:00,76.1,69.4,0.0,13.2
2026-04-24 15:00:00,76.1,69.8,0.0,5.1
2026-04-24 16:00:00,75.0,67.1,0.0,10.7
2026-04-24 17:00:00,69.9,69.4,0.0,3.2
2026-04-24 18:00:00,73.6,62.9,0.0,13.2
2026-04-24 19:00:00,65.8,73.2,0.0,7.4
2026-04-24 20:00:00,65.6,71.5,0.0,7.6
2026-04-24 21:00:00,57.6,81.4,0.0,9.0
2026-04-24 22:00:00,53.5,79.2,0.0,1.9
2026-04-24 23:00:00,56.4,79.1,0.0,2.8
2026-04-25 00:00:00,51.2,82.1,0.0,6.3
2026-04-25 01:00:00,46.3,86.8,0.0,7.0
2026-04-25 02:00:00,51.4,81.6,0.0,12.2
2026-04-25 03:00:00,55.0,77.0,0.0,3.2
2026-04-25 04:00:00,53.5,83.5,0.0,10.6
2026-04-25 05:00:00,50.7,90.0,0.0,5.2
2026-04-25 06:00:00,53.3,83.8,0.0,5.2
2026-04-25 07:00:00,58.0,77.5,0.0,5.5
2026-04-25 08:00:00,61.6,78.0,0.0,5.1
2026-04-25 09:00:00,61.1,68.6,0.0,7.5
2026-04-25 10:00:00,65.3,75.9,0.0,4.8
2026-04-25 11:00:00,68.9,72.6,0.0,1.8
2026-04-25 12:00:00,72.1,68.2,0.0,5.2
2026-04-25 13:00:00,72.4,68.9,0.0,7.4
2026-04-25 14:00:00,73.6,70.0,0.0,1.8
2026-04-25 15:00:00,77.8,74.7,0.0,7.7
2026-04-25 16:00:00,76.9,75.6,0.0,9.5
2026-04-25 17:00:00,73.9,67.2,0.0,10.4
2026-04-25 18:00:00,75.0,68.6,0.0,7.0
2026-04-25 19:00:00,67.2,73.1,0.0,0.6
2026-04-25 20:00:00,69.2,78.5,0.0,7.9
2026-04-25 21:00:00,63.4,78.4,0.0,8.9
2026-04-25 22:00:00,67.0,76.1,0.0,3.9
2026-04-25 23:00:00,52.8,86.1,0.0,5.8
2026-04-26 00:00:00,51.7,81.1,0.0,7.5
2026-04-26 01:00:00,52.5,90.4,0.0,11.4
2026-04-26 02:00:00,51.2,84.3,0.0,5.2
2026-04-26 03:00:00,54.7,78.1,0.0,8.7
2026-04-26 04:00:00,48.6,84.6,0.0,6.9
2026-04-26 05:00:00,53.7,89.1,0.0,6.6
2026-04-26 06:00:00,56.4,79.4,0.0,10.0
2026-04-26 07:00:00,57.8,85.5,0.0,3.5
2026-04-26 08:00:00,56.6,78.2,0.0,6.7
2026-04-26 09:00:00,65.8,72.5,0.0,6.1
2026-04-26 10:00:00,68.5,78.1,0.0,1.5
2026-04-26 11:00:00,70.0,69.7,0.0,9.7
2026-04-26 12:00:00,71.5,77.3,0.0,8.5
2026-04-26 13:00:00,73.6,73.8,0.0,6.1
2026-04-26 14:00:00,74.1,67.4,0.0,5.2
2026-04-26 15:00:00,76.3,70.2,0.0,6.0
2026-04-26 16:00:00,74.3,68.9,0.0,8.1
2026-04-26 17:00:00,70.9,75.3,0.0,6.2
2026-04-26 18:00:00,68.4,84.3,0.0,4.0
2026-04-26 19:00:00,66.6,74.0,0.0,4.4
2026-04-26 20:00:00,66.0,78.9,0.0,6.0
2026-04-26 21:00:00,62.2,78.4,0.0,3.2
2026-04-26 22:00:00,59.6,79.9,0.0,7.0
2026-04-26 23:00:00,57.3,80.2,0.0,3.6
2026-04-27 00:00:00,52.1,79.6,0.0,3.1
2026-04-27 01:00:00,55.3,83.7,0.0,15.6
2026-04-27 02:00:00,49.7,83.7,0.0,11.8
2026-04-27 03:00:00,48.9,81.1,0.0,6.4
2026-04-27 04:00:00,51.6,89.2,0.0,8.6
2026-04-27 05:00:00,47.1,87.1,0.0,9.1
2026-04-27 06:00:00,51.7,82.9,0.0,5.8
2026-04-27 07:00:00,58.7,86.9,0.0,6.8
2026-04-27 08:00:00,54.9,73.1,0.0,5.2
2026-04-27 09:00:00,65.3,83.0,0.0,9.8
2026-04-27 10:00:00,69.5,69.9,0.0,9.8
2026-04-27 11:00:00,67.8,76.3,0.0,10.7
2026-04-27 12:00:00,72.1,69.9,0.0,6.8
2026-04-27 13:00:00,76.1,66.0,0.0,12.5
2026-04-27 14:00:00,73.4,78.7,0.0,5.8
2026-04-27 15:00:00,77.2,79.3,0.0,12.1
2026-04-27 16:00:00,72.9,71.3,0.0,4.6
2026-04-27 17:00:00,72.1,74.5,0.0,2.1
2026-04-27 18:00:00,69.3,74.6,0.0,12.1
2026-04-27 19:00:00,69.6,82.9,0.0,8.0
2026-04-27 20:00:00,68.6,64.2,0.0,7.6
2026-04-27 21:00:00,62.0,80.3,0.0,4.9
2026-04-27 22:00:00,56.1,78.0,0.0,3.5
2026-04-27 23:00:00,53.5,71.3,0.0,3.7
2026-04-28 00:00:00,54.8,80.5,0.0,6.4
2026-04-28 01:00:00,56.4,90.7,0.0,5.5
2026-04-28 02:00:00,51.6,80.9,0.0,0.2
2026-04-28 03:00:00,49.2,89.4,0.0,11.1
2026-04-28 04:00:00,52.5,89.6,0.0,4.7
2026-04-28 05:00:00,51.2,84.3,0.0,9.7
2026-04-28 06:00:00,52.9,84.0,0.0,3.9
2026-04-28 07:00:00,54.0,74.2,0.0,6.5
2026-04-28 08:00:00,63.0,74.3,0.0,8.9
2026-04-28 09:00:00,56.4,86.0,0.0,8.5
2026-04-28 10:00:00,68.0,75.4,0.0,5.2
2026-04-28 11:00:00,67.9,77.0,0.0,7.5
2026-04-28 12:00:00,70.6,74.3,0.0,8.0
2026-04-28 13:00:00,77.9,80.6,0.0,5.6
2026-04-28 14:00:00,73.1,70.1,0.0,2.7
2026-04-28 15:00:00,73.6,80.0,0.0,4.1
2026-04-28 16:00:00,74.6,72.1,0.0,4.9
2026-04-28 17:00:00,74.7,79.9,0.0,6.1
2026-04-28 18:00:00,70.5,67.6,0.0,10.8
2026-04-28 19:00:00,65.1,77.6,0.0,8.7
2026-04-28 20:00:00,63.8,75.4,0.0,3.6
2026-04-28 21:00:00,65.9,76.9,0.0,11.5
2026-04-28 22:00:00,59.7,85.8,0.0,5.8
2026-04-28 23:00:00,57.6,82.7,0.0,8.0
2026-04-29 00:00:00,53.4,89.3,0.0,3.2
2026-04-29 01:00:00,50.4,81.5,0.0,4.6
2026-04-29 02:00:00,54.9,78.2,0.0,9.1
2026-04-29 03:00:00,49.8,85.2,0.0,3.4
2026-04-29 04:00:00,49.6,85.0,0.0,6.2
2026-04-29 05:00:00,54.7,81.5,0.0,7.4
2026-04-29 06:00:00,52.2,79.0,0.0,2.9
2026-04-29 07:00:00,55.2,88.2,0.0,0.7
2026-04-29 08:00:00,59.7,77.8,0.0,8.7
2026-04-29 09:00:00,63.0,85.0,0.0,14.6
2026-04-29 10:00:00,66.9,75.8,0.0,7.4
2026-04-29 11:00:00,74.6,74.7,0.0,8.0
2026-04-29 12:00:00,72.8,75.2,0.0,3.3
2026-04-29 13:00:00,68.0,71.0,0.0,10.4
2026-04-29 14:00:00,76.1,72.5,0.0,4.9
2026-04-29 15:00:00,75.8,80.5,0.0,9.5
2026-04-29 16:00:00,75.4,72.3,0.0,7.8
2026-04-29 17:00:00,74.6,76.0,0.0,7.9
2026-04-29 18:00:00,71.9,76.4,0.0,7.8
2026-04-29 19:00:00,69.2,76.0,0.0,7.7
2026-04-29 20:00:00,67.8,76.1,0.0,6.9
2026-04-29 21:00:00,61.6,81.3,0.0,8.9
2026-04-29 22:00:00,57.3,84.8,0.0,3.8
2026-04-29 23:00:00,64.2,70.4,0.0,5.3
2026-04-30 00:00:00,52.4,84.9,0.0,10.4
2026-04-30 01:00:00,52.4,82.7,0.0,6.5
2026-04-30 02:00:00,47.2,84.6,0.0,5.0
2026-04-30 03:00:00,50.8,91.1,0.0,9.1
2026-04-30 04:00:00,48.6,82.1,0.0,8.5
2026-04-30 05:00:00,51.1,77.4,0.0,2.1
2026-04-30 06:00:00,56.8,85.2,0.0,8.2
2026-04-30 07:00:00,58.0,73.5,0.0,6.4
2026-04-30 08:00:00,61.4,69.1,0.0,8.1
2026-04-30 09:00:00,58.8,84.7,0.0,6.0
2026-04-30 10:00:00,71.1,74.2,0.0,7.4
2026-04-30 11:00:00,66.6,78.2,0.0,0.5
2026-04-30 12:00:00,76.1,68.4,0.0,3.3
2026-04-30 13:00:00,76.8,63.3,0.0,8.2
2026-04-30 14:00:00,77.0,64.2,0.0,13.9
2026-04-30 15:00:00,73.9,70.5,0.0,7.1
2026-04-30 16:00:00,76.0,64.4,0.0,3.9
2026-04-30 17:00:00,73.1,73.8,0.0,6.4
2026-04-30 18:00:00,72.3,70.4,0.0,3.3
2026-04-30 19:00:00,69.0,75.5,0.0,9.7
2026-04-30 20:00:00,61.4,79.5,0.0,6.1
2026-04-30 21:00:00,66.0,78.1,0.0,9.2
2026-04-30 22:00:00,59.7,82.1,0.0,5.5
2026-04-30 23:00:00,55.6,80.2,0.0,9.4
2026-05-01 00:00:00,53.0,84.3,0.0,1.1
2026-05-01 01:00:00,53.2,84.4,0.0,6.1
2026-05-01 02:00:00,48.8,73.5,0.0,7.6
2026-05-01 03:00:00,45.0,91.0,0.0,5.2
2026-05-01 04:00:00,52.1,84.6,0.0,7.1
2026-05-01 05:00:00,53.6,85.8,0.0,7.0
2026-05-01 06:00:00,53.9,76.4,0.0,9.1
2026-05-01 07:00:00,54.2,81.1,0.0,7.9
2026-05-01 08:00:00,60.4,73.8,0.0,7.2
2026-05-01 09:00:00,59.8,83.3,0.0,8.6
2026-05-01 10:00:00,64.2,70.1,0.0,1.9
2026-05-01 11:00:00,68.0,70.4,0.0,3.7
2026-05-01 12:00:00,74.7,74.1,0.0,1.8
2026-05-01 13:00:00,73.7,68.8,0.0,7.6
2026-05-01 14:00:00,74.8,66.7,0.0,7.2
2026-05-01 15:00:00,81.2,72.4,0.0,10.2
2026-05-01 16:00:00,76.8,75.0,0.0,7.1
2026-05-01 17:00:00,75.5,74.6,0.0,4.1
2026-05-01 18:00:00,71.6,77.3,0.0,6.4
2026-05-01 19:00:00,68.4,73.7,0.0,0.4
2026-05-01 20:00:00,61.3,77.7,0.0,4.8
2026-05-01 21:00:00,65.9,73.0,0.0,0.0
2026-05-01 22:00:00,61.3,79.6,0.0,7.0
2026-05-01 23:00:00,56.6,78.7,0.0,5.2
2026-05-02 00:00:00,54.2,80.5,0.0,5.6
2026-05-02 01:00:00,54.4,85.6,0.0,3.2
2026-05-02 02:00:00,47.3,92.4,0.0,4.0
2026-05-02 03:00:00,49.3,87.4,0.0,8.1
2026-05-02 04:00:00,48.4,94.9,0.0,1.7
2026-05-02 05:00:00,56.9,77.7,0.0,7.5
2026-05-02 06:00:00,56.8,72.1,0.0,3.6
2026-05-02 07:00:00,51.8,87.6,0.0,1.0
2026-05-02 08:00:00,56.6,77.5,0.0,9.7
2026-05-02 09:00:00,63.4,76.3,0.0,10.0
2026-05-02 10:00:00,65.9,67.4,0.0,4.4
2026-05-02 11:00:00,66.9,71.2,0.0,4.4
2026-05-02 12:00:00,77.7,62.2,0.0,5.2
2026-05-02 13:00:00,75.7,68.7,0.0,3.6
2026-05-02 14:00:00,77.4,67.9,0.0,4.1
2026-05-02 15:00:00,74.9,71.7,0.0,7.4
2026-05-02 16:00:00,78.0,75.8,0.0,12.2
2026-05-02 17:00:00,74.0,75.2,0.0,4.9
2026-05-02 18:00:00,72.2,64.7,0.0,9.1
2026-05-02 19:00:00,71.7,76.1,0.0,7.1
2026-05-02 20:00:00,63.0,78.4,0.0,1.0
2026-05-02 21:00:00,67.7,74.8,0.0,5.9
2026-05-02 22:00:00,60.8,78.9,0.0,5.5
2026-05-02 23:00:00,60.5,80.3,0.0,10.4
2026-05-03 00:00:00,52.1,80.4,0.0,10.5
2026-05-03 01:00:00,50.4,83.9,0.0,7.1
2026-05-03 02:00:00,48.5,91.8,0.0,9.6
2026-05-03 03:00:00,51.6,80.6,0.0,5.6
2026-05-03 04:00:00,51.6,79.0,0.0,9.4
2026-05-03 05:00:00,51.5,83.8,0.0,6.3
2026-05-03 06:00:00,52.2,78.1,0.0,9.3
2026-05-03 07:00:00,54.3,74.0,0.0,9.6
2026-05-03 08:00:00,60.5,77.5,0.0,8.1
2026-05-03 09:00:00,62.8,85.2,0.0,3.8
2026-05-03 10:00:00,65.6,76.2,0.0,4.7
2026-05-03 11:00:00,74.4,72.5,0.0,8.3
2026-05-03 12:00:00,73.0,61.7,0.0,8.7
2026-05-03 13:00:00,78.4,71.6,0.0,6.5
2026-05-03 14:00:00,75.2,71.6,0.0,5.1
2026-05-03 15:00:00,77.6,66.5,0.0,6.6
2026-05-03 16:00:00,76.4,71.4,0.0,5.2
2026-05-03 17:00:00,71.0,74.3,0.0,5.2
2026-05-03 18:00:00,76.8,65.0,0.0,11.9
2026-05-03 19:00:00,70.1,75.6,0.0,4.6
2026-05-03 20:00:00,69.2,80.4,0.0,7.5
2026-05-03 21:00:00,62.1,77.2,0.0,6.5
2026-05-03 22:00:00,60.2,75.1,0.0,2.3
2026-05-03 23:00:00,55.3,81.2,0.0,2.2
2026-05-04 00:00:00,58.0,84.9,0.0,5.8
2026-05-04 01:00:00,53.6,76.9,0.0,0.1
2026-05-04 02:00:00,52.5,86.5,0.0,11.5
2026-05-04 03:00:00,54.5,79.1,0.0,4.9
2026-05-04 04:00:00,54.4,83.8,0.0,4.7
2026-05-04 05:00:00,54.8,79.6,0.0,9.7
2026-05-04 06:00:00,51.4,81.4,0.0,5.6
2026-05-04 07:00:00,55.9,89.4,0.0,8.0
2026-05-04 08:00:00,58.3,73.4,0.0,4.3
2026-05-04 09:00:00,66.0,78.6,0.0,6.1
2026-05-04 10:00:00,68.0,83.7,0.0,8.9
2026-05-04 11:00:00,67.3,78.9,0.0,3.4
2026-05-04 12:00:00,73.0,65.7,0.0,7.6
2026-05-04 13:00:00,71.8,66.6,0.0,0.0
2026-05-04 14:00:00,76.7,66.5,0.0,9.8
2026-05-04 15:00:00,73.2,73.0,0.0,4.3
2026-05-04 16:00:00,78.2,70.6,0.0,5.7
2026-05-04 17:00:00,76.5,64.1,0.0,5.7
2026-05-04 18:00:00,78.3,65.1,0.0,3.1
2026-05-04 19:00:00,72.9,68.4,0.0,2.8
2026-05-04 20:00:00,66.6,75.0,0.0,7.6
2026-05-04 21:00:00,66.3,86.0,0.0,7.7
2026-05-04 22:00:00,57.3,76.3,0.0,3.3
2026-05-04 23:00:00,55.3,77.2,0.0,7.6
2026-05-05 00:00:00,56.0,76.1,0.0,7.7
2026-05-05 01:00:00,47.6,89.5,0.0,4.9
2026-05-05 02:00:00,51.6,83.9,0.0,2.1
2026-05-05 03:00:00,48.7,81.2,0.0,5.9
2026-05-05 04:00:00,52.0,82.1,0.0,7.1
2026-05-05 05:00:00,50.3,80.9,0.0,5.8
2026-05-05 06:00:00,56.2,83.1,0.0,4.2
2026-05-05 07:00:00,57.9,94.1,0.0,7.4
2026-05-05 08:00:00,64.5,79.8,0.0,9.8
2026-05-05 09:00:00,64.5,76.6,0.0,3.7
2026-05-05 10:00:00,66.0,72.9,0.0,5.1
2026-05-05 11:00:00,70.4,67.0,0.0,14.2
2026-05-05 12:00:00,70.4,77.4,0.0,6.9
2026-05-05 13:00:00,76.9,73.6,0.0,2.2
2026-05-05 14:00:00,78.7,66.9,0.0,4.6
2026-05-05 15:00:00,83.8,72.5,0.0,3.7
2026-05-05 16:00:00,75.6,71.0,0.0,7.1
2026-05-05 17:00:00,75.2,75.0,0.0,6.9
2026-05-05 18:00:00,72.3,74.2,0.0,4.1
2026-05-05 19:00:00,71.6,72.2,0.0,11.6
2026-05-05 20:00:00,68.8,69.9,0.0,6.3
2026-05-05 21:00:00,64.3,76.4,0.0,4.6
2026-05-05 22:00:00,63.8,81.6,0.0,2.3
2026-05-05 23:00:00,56.3,79.0,0.0,3.3
2026-05-06 00:00:00,57.8,82.9,0.0,2.3
2026-05-06 01:00:00,54.5,77.1,0.0,5.4
2026-05-06 02:00:00,51.8,87.9,0.0,3.3
2026-05-06 03:00:00,50.6,86.2,0.0,8.4
2026-05-06 04:00:00,57.9,74.6,0.0,4.2
2026-05-06 05:00:00,51.2,83.2,0.0,8.5
2026-05-06 06:00:00,56.1,86.3,0.0,7.5
2026-05-06 07:00:00,56.2,75.3,0.0,7.9
2026-05-06 08:00:00,65.7,71.0,0.0,8.7
2026-05-06 09:00:00,66.9,75.3,0.0,12.0
2026-05-06 10:00:00,66.4,86.6,0.0,3.5
2026-05-06 11:00:00,72.6,69.2,0.0,8.5
2026-05-06 12:00:00,74.7,73.9,0.0,7.2
2026-05-06 13:00:00,74.9,72.6,0.0,9.2
2026-05-06 14:00:00,79.4,65.9,0.0,6.3
2026-05-06 15:00:00,78.9,69.9,0.0,9.5
2026-05-06 16:00:00,78.1,67.3,0.0,2.1
2026-05-06 17:00:00,76.1,68.9,0.0,3.0
2026-05-06 18:00:00,75.2,62.9,0.0,4.3
2026-05-06 19:00:00,71.9,72.8,0.0,5.8
2026-05-06 20:00:00,68.3,79.4,0.0,6.1
2026-05-06 21:00:00,63.1,78.1,0.0,3.8
2026-05-06 22:00:00,65.5,81.9,0.0,3.0
2026-05-06 23:00:00,55.4,84.9,0.0,4.0
2026-05-07 00:00:00,56.6,81.1,0.0,0.9
2026-05-07 01:00:00,52.6,80.4,0.0,5.1
2026-05-07 02:00:00,56.4,79.0,0.0,5.8
2026-05-07 03:00:00,49.3,78.0,0.0,7.3
2026-05-07 04:00:00,50.2,83.6,0.0,6.5
2026-05-07 05:00:00,50.9,85.2,0.0,11.4
2026-05-07 06:00:00,56.3,90.1,0.0,8.4
2026-05-07 07:00:00,54.8,85.0,0.0,8.2
2026-05-07 08:00:00,60.3,75.0,0.0,7.1
2026-05-07 09:00:00,59.6,72.5,0.0,7.6
2026-05-07 10:00:00,69.0,73.5,0.0,5.3
2026-05-07 11:00:00,70.4,77.9,0.0,6.3
2026-05-07 12:00:00,70.7,72.5,0.0,11.8
2026-05-07 13:00:00,79.2,71.6,0.0,5.8
2026-05-07 14:00:00,74.6,70.6,0.0,2.0
2026-05-07 15:00:00,80.3,71.9,0.0,8.1
2026-05-07 16:00:00,76.1,62.7,0.0,8.6
2026-05-07 17:00:00,80.5,76.2,0.0,6.5
2026-05-07 18:00:00,76.3,65.0,0.0,0.4
2026-05-07 19:00:00,69.1,78.5,0.0,9.9
2026-05-07 20:00:00,66.1,74.8,0.0,6.7
2026-05-07 21:00:00,66.5,75.4,0.0,5.1
2026-05-07 22:00:00,60.8,77.8,0.0,9.6
2026-05-07 23:00:00,57.8,82.0,0.0,0.0
2026-05-08 00:00:00,58.9,82.4,0.0,6.3
2026-05-08 01:00:00,51.7,89.4,0.0,4.4
2026-05-08 02:00:00,52.4,90.7,0.0,10.5
2026-05-08 03:00:00,54.1,84.4,0.0,6.7
2026-05-08 04:00:00,54.2,91.2,0.0,3.4
2026-05-08 05:00:00,53.1,83.7,0.0,9.4
2026-05-08 06:00:00,55.0,87.7,0.0,0.0
2026-05-08 07:00:00,54.1,84.9,0.0,7.5
2026-05-08 08:00:00,59.1,77.3,0.0,2.2
2026-05-08 09:00:00,66.0,77.1,0.0,4.6
2026-05-08 10:00:00,68.3,77.4,0.0,5.3
2026-05-08 11:00:00,72.1,72.7,0.0,8.7
2026-05-08 12:00:00,77.3,72.1,0.0,12.6
2026-05-08 13:00:00,73.9,76.2,0.0,0.7
2026-05-08 14:00:00,77.6,69.7,0.0,7.3
2026-05-08 15:00:00,79.1,54.3,0.0,12.6
2026-05-08 16:00:00,76.4,78.9,0.0,4.3
2026-05-08 17:00:00,80.4,66.8,0.0,4.1
2026-05-08 18:00:00,77.0,66.1,0.0,6.7
2026-05-08 19:00:00,72.6,66.9,0.0,8.5
2026-05-08 20:00:00,73.1,70.6,0.0,8.0
2026-05-08 21:00:00,61.4,75.9,0.0,4.9
2026-05-08 22:00:00,61.7,74.9,0.0,3.6
2026-05-08 23:00:00,59.4,76.4,0.0,9.9
2026-05-09 00:00:00,53.6,85.7,0.0,3.7
2026-05-09 01:00:00,54.5,92.7,0.0,0.3
2026-05-09 02:00:00,49.6,89.3,0.0,1.6
2026-05-09 03:00:00,53.6,88.6,0.0,4.3
2026-05-09 04:00:00,55.0,80.4,0.0,10.5
2026-05-09 05:00:00,54.4,83.1,0.0,2.4
2026-05-09 06:00:00,51.2,86.5,0.0,10.6
2026-05-09 07:00:00,56.2,78.3,0.0,9.9
2026-05-09 08:00:00,63.3,75.5,0.0,6.7
2026-05-09 09:00:00,65.5,80.8,0.0,0.0
2026-05-09 10:00:00,62.2,83.8,0.0,2.4
2026-05-09 11:00:00,75.3,71.4,0.0,4.1
2026-05-09 12:00:00,75.3,65.1,0.0,11.2
2026-05-09 13:00:00,75.1,69.7,0.0,4.3
2026-05-09 14:00:00,81.0,60.8,0.0,3.7
2026-05-09 15:00:00,77.2,70.4,0.0,6.6
2026-05-09 16:00:00,76.8,71.6,0.0,1.8
2026-05-09 17:00:00,78.0,68.2,0.0,5.9
2026-05-09 18:00:00,79.4,70.0,0.0,3.6
2026-05-09 19:00:00,76.2,72.7,0.0,14.1
2026-05-09 20:00:00,69.8,75.4,0.0,3.2
2026-05-09 21:00:00,66.6,69.9,0.0,11.8
2026-05-09 22:00:00,63.9,76.1,0.0,2.6
2026-05-09 23:00:00,55.5,84.0,0.0,6.8
2026-05-10 00:00:00,57.6,88.7,0.0,7.5
2026-05-10 01:00:00,52.0,82.5,0.0,6.4
2026-05-10 02:00:00,53.3,85.9,0.0,6.2
2026-05-10 03:00:00,51.5,88.6,0.0,8.6
2026-05-10 04:00:00,53.8,81.9,0.0,7.3
2026-05-10 05:00:00,54.2,88.4,0.0,5.5
2026-05-10 06:00:00,48.4,91.9,0.0,4.0
2026-05-10 07:00:00,59.3,86.8,0.0,5.5
2026-05-10 08:00:00,63.7,79.7,0.0,5.5
2026-05-10 09:00:00,66.8,87.6,0.0,5.4
2026-05-10 10:00:00,68.9,71.5,0.0,6.2
2026-05-10 11:00:00,76.6,81.0,0.0,1.8
2026-05-10 12:00:00,76.1,74.5,0.0,2.9
2026-05-10 13:00:00,78.5,76.0,0.0,8.5
2026-05-10 14:00:00,81.4,66.1,0.0,0.0
2026-05-10 15:00:00,80.2,72.6,0.0,9.6
2026-05-10 16:00:00,76.6,77.5,0.0,4.3
2026-05-10 17:00:00,71.3,67.8,0.0,11.0
2026-05-10 18:00:00,74.1,70.9,0.0,9.7
2026-05-10 19:00:00,74.4,60.9,0.0,5.0
2026-05-10 20:00:00,68.3,74.0,0.0,5.3
2026-05-10 21:00:00,67.7,71.2,0.0,10.8
2026-05-10 22:00:00,62.5,77.0,0.0,9.8
2026-05-10 23:00:00,62.1,93.0,0.0,8.9
2026-05-11 00:00:00,55.5,90.6,0.0,9.4
2026-05-11 01:00:00,55.2,74.9,0.0,2.7
2026-05-11 02:00:00,53.9,85.6,0.0,6.6
2026-05-11 03:00:00,56.0,85.7,0.0,3.7
2026-05-11 04:00:00,48.4,84.2,0.0,2.7
2026-05-11 05:00:00,52.9,84.3,0.0,6.5
2026-05-11 06:00:00,58.3,81.8,0.0,4.8
2026-05-11 07:00:00,62.9,71.2,0.0,5.5
2026-05-11 08:00:00,62.9,72.7,0.0,4.5
2026-05-11 09:00:00,65.2,77.5,0.0,2.2
2026-05-11 10:00:00,71.3,73.8,0.0,11.1
2026-05-11 11:00:00,74.9,67.8,0.0,6.5
2026-05-11 12:00:00,74.7,67.5,0.0,1.7
2026-05-11 13:00:00,78.6,68.8,0.0,6.5
2026-05-11 14:00:00,82.1,71.8,0.0,10.6
2026-05-11 15:00:00,84.3,65.8,0.0,8.9
2026-05-11 16:00:00,81.0,76.1,0.0,4.4
2026-05-11 17:00:00,77.9,66.2,0.0,4.5
2026-05-11 18:00:00,75.4,72.0,0.0,3.1
2026-05-11 19:00:00,74.1,70.0,0.0,3.8
2026-05-11 20:00:00,69.1,77.4,0.0,4.0
2026-05-11 21:00:00,66.4,72.1,0.0,1.6
2026-05-11 22:00:00,59.7,89.3,0.0,4.7
2026-05-11 23:00:00,62.3,69.8,0.0,7.0
2026-05-12 00:00:00,53.5,91.6,0.0,4.8
2026-05-12 01:00:00,53.1,83.7,0.0,6.7
2026-05-12 02:00:00,53.1,86.1,0.0,10.9
2026-05-12 03:00:00,57.3,87.6,0.0,11.5
2026-05-12 04:00:00,51.8,88.3,0.0,5.8
2026-05-12 05:00:00,52.5,80.0,0.0,8.6
2026-05-12 06:00:00,55.0,85.2,0.0,5.5
2026-05-12 07:00:00,63.4,87.0,0.0,4.5
2026-05-12 08:00:00,55.5,77.5,0.0,2.6
2026-05-12 09:00:00,63.6,88.1,0.0,6.3
2026-05-12 10:00:00,76.5,72.3,0.0,9.3
2026-05-12 11:00:00,74.5,69.4,0.0,2.2
2026-05-12 12:00:00,73.1,67.8,0.0,5.1
2026-05-12 13:00:00,77.9,68.5,0.0,5.0
2026-05-12 14:00:00,79.6,58.9,0.0,6.7
2026-05-12 15:00:00,82.0,65.3,0.0,6.8
2026-05-12 16:00:00,84.0,65.0,0.0,7.6
2026-05-12 17:00:00,79.0,63.7,0.0,11.7
2026-05-12 18:00:00,74.5,75.3,0.0,3.4
2026-05-12 19:00:00,75.0,70.2,0.0,3.2
2026-05-12 20:00:00,67.9,72.0,0.0,6.7
2026-05-12 21:00:00,63.5,75.9,0.0,10.4
2026-05-12 22:00:00,58.2,82.3,0.0,1.6
2026-05-12 23:00:00,55.3,82.4,0.0,7.0
2026-05-13 00:00:00,54.3,79.1,0.0,5.4
2026-05-13 01:00:00,51.4,84.8,0.0,8.6
2026-05-13 02:00:00,53.8,82.7,0.0,7.9
2026-05-13 03:00:00,49.5,79.6,0.0,6.1
2026-05-13 04:00:00,45.1,86.2,0.0,7.5
2026-05-13 05:00:00,51.8,86.9,0.0,4.0
2026-05-13 06:00:00,55.4,84.9,0.0,8.4
2026-05-13 07:00:00,57.9,79.5,0.0,10.2
2026-05-13 08:00:00,66.6,79.3,0.0,6.3
2026-05-13 09:00:00,64.8,71.9,0.0,4.8
2026-05-13 10:00:00,72.1,68.1,0.0,5.6
2026-05-13 11:00:00,73.2,71.0,0.0,8.4
2026-05-13 12:00:00,76.0,78.2,0.0,5.9
2026-05-13 13:00:00,76.3,71.4,0.0,2.4
2026-05-13 14:00:00,79.6,67.4,0.0,8.9
2026-05-13 15:00:00,78.3,77.2,0.0,3.1
2026-05-13 16:00:00,80.2,67.0,0.0,7.3
2026-05-13 17:00:00,77.8,80.9,0.0,0.4
2026-05-13 18:00:00,73.8,69.4,0.0,6.3
2026-05-13 19:00:00,75.8,65.8,0.0,5.8
2026-05-13 20:00:00,71.0,72.6,0.0,0.1
2026-05-13 21:00:00,65.2,75.4,0.0,7.0
2026-05-13 22:00:00,63.1,73.7,0.0,2.7
2026-05-13 23:00:00,59.2,92.9,0.0,6.3
2026-05-14 00:00:00,54.6,84.1,0.0,4.8
2026-05-14 01:00:00,54.7,84.7,0.0,1.6
2026-05-14 02:00:00,51.6,81.8,0.0,2.9
2026-05-14 03:00:00,50.3,81.9,0.0,3.1
2026-05-14 04:00:00,49.1,90.6,0.0,8.9
2026-05-14 05:00:00,53.6,74.6,0.0,8.5
2026-05-14 06:00:00,58.2,74.8,0.0,12.6
2026-05-14 07:00:00,57.9,79.4,0.0,4.5
2026-05-14 08:00:00,69.3,81.1,0.0,4.4
2026-05-14 09:00:00,68.8,72.8,0.0,6.4
2026-05-14 10:00:00,73.5,74.2,0.0,4.9
2026-05-14 11:00:00,75.5,71.1,0.0,4.3
2026-05-14 12:00:00,81.1,74.4,0.0,6.2
2026-05-14 13:00:00,76.7,62.4,0.0,8.1
2026-05-14 14:00:00,73.6,75.7,0.0,0.0
2026-05-14 15:00:00,79.4,67.8,0.0,4.3
2026-05-14 16:00:00,81.4,72.3,0.0,1.8
2026-05-14 17:00:00,79.0,64.9,0.0,5.5
2026-05-14 18:00:00,77.1,70.2,0.0,7.3
2026-05-14 19:00:00,76.9,69.7,0.0,9.4
2026-05-14 20:00:00,71.1,68.4,0.0,4.7
2026-05-14 21:00:00,68.6,68.4,0.0,6.3
2026-05-14 22:00:00,60.6,76.2,0.0,1.0
2026-05-14 23:00:00,56.9,81.9,0.0,3.4
2026-05-15 00:00:00,60.9,75.2,0.0,6.6
2026-05-15 01:00:00,54.9,80.6,0.0,1.9
2026-05-15 02:00:00,51.7,74.6,0.0,9.7
2026-05-15 03:00:00,51.3,82.5,0.0,7.6
2026-05-15 04:00:00,51.7,89.2,0.0,3.3
2026-05-15 05:00:00,52.9,86.9,0.0,1.6
2026-05-15 06:00:00,53.7,82.5,0.0,3.8
2026-05-15 07:00:00,56.1,82.9,0.0,3.3
2026-05-15 08:00:00,62.7,73.9,0.0,2.3
2026-05-15 09:00:00,65.3,84.7,0.0,1.8
2026-05-15 10:00:00,73.2,82.6,0.0,5.3
2026-05-15 11:00:00,74.6,72.3,0.0,8.2
2026-05-15 12:00:00,77.4,82.9,0.0,3.9
2026-05-15 13:00:00,77.1,66.7,0.0,7.3
2026-05-15 14:00:00,80.0,62.2,0.0,5.0
2026-05-15 15:00:00,81.7,64.0,0.0,7.8
2026-05-15 16:00:00,82.1,66.2,0.0,3.6
2026-05-15 17:00:00,78.7,80.8,0.0,6.8
2026-05-15 18:00:00,79.4,67.4,0.0,6.4
2026-05-15 19:00:00,73.8,67.6,0.0,10.1
2026-05-15 20:00:00,72.4,68.2,0.0,7.7
2026-05-15 21:00:00,65.6,82.1,0.0,6.8
2026-05-15 22:00:00,58.7,85.2,0.0,1.6
2026-05-15 23:00:00,60.5,76.8,0.0,4.4
2026-05-16 00:00:00,58.9,70.7,0.0,3.6
2026-05-16 01:00:00,56.3,75.9,0.0,3.5
2026-05-16 02:00:00,54.5,91.1,0.0,6.0
2026-05-16 03:00:00,52.1,87.3,0.0,6.7
2026-05-16 04:00:00,51.4,84.5,0.0,6.8
2026-05-16 05:00:00,56.2,90.9,0.0,9.8
2026-05-16 06:00:00,58.2,90.3,0.0,7.5
2026-05-16 07:00:00,58.6,80.1,0.0,2.3
2026-05-16 08:00:00,66.2,76.0,0.0,6.6
2026-05-16 09:00:00,64.8,73.9,0.0,7.8
2026-05-16 10:00:00,69.2,73.0,0.0,9.8
2026-05-16 11:00:00,78.2,62.1,0.0,5.5
2026-05-16 12:00:00,79.2,61.5,0.0,5.6
2026-05-16 13:00:00,78.3,60.8,0.0,9.2
2026-05-16 14:00:00,81.4,73.2,0.0,6.5
2026-05-16 15:00:00,81.5,59.9,0.0,1.2
2026-05-16 16:00:00,73.8,81.7,0.0,0.6
2026-05-16 17:00:00,77.0,66.5,0.0,11.5
2026-05-16 18:00:00,76.9,78.9,0.0,0.9
2026-05-16 19:00:00,73.2,70.4,0.0,5.5
2026-05-16 20:00:00,71.3,65.4,0.0,8.6
2026-05-16 21:00:00,69.9,80.5,0.0,0.7
2026-05-16 22:00:00,62.6,85.1,0.0,2.8
2026-05-16 23:00:00,57.4,76.4,0.0,2.3
2026-05-17 00:00:00,58.1,78.9,0.0,11.4
2026-05-17 01:00:00,54.2,78.2,0.0,12.1
2026-05-17 02:00:00,53.2,82.6,0.0,3.8
2026-05-17 03:00:00,52.4,84.2,0.0,7.7
2026-05-17 04:00:00,59.2,78.2,0.0,6.9
2026-05-17 05:00:00,49.4,76.2,0.0,5.2
2026-05-17 06:00:00,56.3,78.6,0.0,1.1
2026-05-17 07:00:00,60.2,82.9,0.0,12.9
2026-05-17 08:00:00,61.7,77.5,0.0,0.6
2026-05-17 09:00:00,69.5,72.6,0.0,6.6
2026-05-17 10:00:00,73.0,67.7,0.0,4.1
2026-05-17 11:00:00,74.2,68.6,0.0,9.0
2026-05-17 12:00:00,76.6,77.4,0.0,8.5
2026-05-17 13:00:00,79.3,63.2,0.0,3.1
2026-05-17 14:00:00,80.7,71.7,0.0,3.6
2026-05-17 15:00:00,81.2,68.1,0.0,1.3
2026-05-17 16:00:00,80.5,69.5,0.0,6.6
2026-05-17 17:00:00,80.2,64.7,0.0,8.1
2026-05-17 18:00:00,79.2,67.2,0.0,4.7
2026-05-17 19:00:00,71.3,73.3,0.0,5.3
2026-05-17 20:00:00,68.3,72.3,0.0,11.7
2026-05-17 21:00:00,62.9,79.6,0.0,8.8
2026-05-17 22:00:00,65.8,78.6,0.0,10.0
2026-05-17 23:00:00,60.8,89.9,0.0,0.0
2026-05-18 00:00:00,58.7,81.6,0.0,7.6
2026-05-18 01:00:00,51.6,74.6,0.0,6.8
2026-05-18 02:00:00,58.2,86.3,0.0,2.2
2026-05-18 03:00:00,51.7,83.0,0.0,2.9
2026-05-18 04:00:00,54.2,92.8,0.0,5.3
2026-05-18 05:00:00,57.3,88.3,0.0,2.0
2026-05-18 06:00:00,55.0,79.7,0.0,3.6
2026-05-18 07:00:00,59.0,83.7,0.0,4.6
2026-05-18 08:00:00,64.3,74.2,0.0,7.7
2026-05-18 09:00:00,74.6,71.5,0.0,3.9
2026-05-18 10:00:00,71.9,76.3,0.0,4.7
2026-05-18 11:00:00,78.6,74.8,0.0,9.1
2026-05-18 12:00:00,80.6,72.7,0.0,0.7
2026-05-18 13:00:00,80.7,68.5,0.0,6.7
2026-05-18 14:00:00,78.8,81.6,0.0,7.2
2026-05-18 15:00:00,84.4,64.3,0.0,7.3
2026-05-18 16:00:00,77.5,61.8,0.0,4.5
2026-05-18 17:00:00,83.8,59.3,0.0,2.8
2026-05-18 18:00:00,78.1,76.9,0.0,10.6
2026-05-18 19:00:00,68.0,74.7,0.0,3.4
2026-05-18 20:00:00,70.3,74.6,0.0,2.6
2026-05-18 21:00:00,69.1,71.8,0.0,6.1
2026-05-18 22:00:00,63.2,75.5,0.0,3.8
2026-05-18 23:00:00,62.2,74.4,0.0,9.2
2026-05-19 00:00:00,55.5,84.3,0.0,5.2
2026-05-19 01:00:00,52.1,83.4,0.0,9.5
2026-05-19 02:00:00,53.7,85.1,0.0,7.3
2026-05-19 03:00:00,53.5,84.8,0.0,4.8
2026-05-19 04:00:00,53.0,81.2,0.0,9.3
2026-05-19 05:00:00,58.4,73.1,0.0,4.0
2026-05-19 06:00:00,55.5,74.3,0.0,5.0
2026-05-19 07:00:00,61.3,93.9,0.0,7.6
2026-05-19 08:00:00,64.2,84.6,0.0,6.7
2026-05-19 09:00:00,63.8,84.1,0.0,4.0
2026-05-19 10:00:00,68.1,71.7,0.0,1.4
2026-05-19 11:00:00,74.9,71.3,0.0,5.9
2026-05-19 12:00:00,82.8,62.9,0.0,3.8
2026-05-19 13:00:00,81.6,61.1,0.0,6.1
2026-05-19 14:00:00,77.2,67.1,0.0,4.7
2026-05-19 15:00:00,74.3,78.3,0.0,3.8
2026-05-19 16:00:00,83.4,70.8,0.0,5.2
2026-05-19 17:00:00,79.9,63.7,0.0,5.8
2026-05-19 18:00:00,80.7,66.5,0.0,8.1
2026-05-19 19:00:00,72.7,76.3,0.0,7.3
2026-05-19 20:00:00,72.3,69.9,0.0,12.3
2026-05-19 21:00:00,69.8,74.5,0.0,6.4
2026-05-19 22:00:00,62.9,79.9,0.0,4.0
2026-05-19 23:00:00,59.5,81.7,0.0,5.5
2026-05-20 00:00:00,57.8,82.0,0.0,7.7
2026-05-20 01:00:00,56.8,78.0,0.0,9.0
2026-05-20 02:00:00,54.0,80.0,0.0,10.0
2026-05-20 03:00:00,56.0,76.0,0.0,2.9
2026-05-20 04:00:00,52.9,75.6,0.0,9.8
2026-05-20 05:00:00,52.2,83.2,0.0,5.9
2026-05-20 06:00:00,62.7,82.1,0.0,3.2
2026-05-20 07:00:00,59.2,73.0,0.0,5.4
2026-05-20 08:00:00,62.8,79.3,0.0,9.6
2026-05-20 09:00:00,67.8,79.1,0.0,7.4
2026-05-20 10:00:00,71.8,63.8,0.0,2.4
2026-05-20 11:00:00,74.2,70.4,0.0,2.4
2026-05-20 12:00:00,78.1,77.8,0.0,2.3
2026-05-20 13:00:00,80.3,71.1,0.0,3.8
2026-05-20 14:00:00,82.3,57.9,0.0,6.2
2026-05-20 15:00:00,76.4,73.8,0.0,2.6
2026-05-20 16:00:00,86.5,61.2,0.0,4.7
2026-05-20 17:00:00,80.0,71.9,0.0,10.2
2026-05-20 18:00:00,79.6,65.3,0.0,10.9
2026-05-20 19:00:00,71.7,72.8,0.0,10.7
2026-05-20 20:00:00,70.5,71.0,0.0,0.6
2026-05-20 21:00:00,66.3,76.1,0.0,11.0
2026-05-20 22:00:00,67.9,72.3,0.0,6.3
2026-05-20 23:00:00,59.3,78.8,0.0,6.2
2026-05-21 00:00:00,59.8,73.7,0.0,9.1
2026-05-21 01:00:00,54.0,85.3,0.0,8.1
2026-05-21 02:00:00,53.0,84.2,0.0,0.4
2026-05-21 03:00:00,53.1,75.2,0.0,4.2
2026-05-21 04:00:00,57.4,85.9,0.0,4.9
2026-05-21 05:00:00,50.9,83.6,0.0,2.0
2026-05-21 06:00:00,54.6,83.3,0.0,9.0
2026-05-21 07:00:00,56.1,85.5,0.0,10.3
2026-05-21 08:00:00,61.7,80.2,0.0,6.0
2026-05-21 09:00:00,66.1,82.0,0.0,6.9
2026-05-21 10:00:00,67.9,73.7,0.0,6.0
2026-05-21 11:00:00,73.6,77.2,0.0,6.3
2026-05-21 12:00:00,73.3,72.8,0.0,9.4
2026-05-21 13:00:00,78.1,72.1,0.0,0.7
2026-05-21 14:00:00,85.1,67.7,0.0,7.5
2026-05-21 15:00:00,83.6,72.7,0.0,6.0
2026-05-21 16:00:00,82.6,70.7,0.0,3.9
2026-05-21 17:00:00,78.2,67.3,0.0,4.5
2026-05-21 18:00:00,74.5,68.3,0.0,11.5
2026-05-21 19:00:00,72.5,72.4,0.0,2.0
2026-05-21 20:00:00,71.8,69.2,0.0,5.5
2026-05-21 21:00:00,70.3,68.6,0.0,10.9
2026-05-21 22:00:00,66.7,65.2,0.0,2.2
2026-05-21 23:00:00,62.5,70.4,0.0,4.6
2026-05-22 00:00:00,56.2,91.5,0.0,6.1
2026-05-22 01:00:00,55.8,78.5,0.0,7.2
2026-05-22 02:00:00,53.5,92.6,0.0,5.8
2026-05-22 03:00:00,53.3,85.2,0.0,3.3
2026-05-22 04:00:00,59.4,79.6,0.0,7.3
2026-05-22 05:00:00,51.4,76.7,0.0,5.7
2026-05-22 06:00:00,57.5,80.9,0.0,7.9
2026-05-22 07:00:00,64.1,86.7,0.0,8.8
2026-05-22 08:00:00,60.9,86.8,0.0,1.5
2026-05-22 09:00:00,66.8,77.2,0.0,9.1
2026-05-22 10:00:00,70.8,67.8,0.0,5.2
2026-05-22 11:00:00,75.1,66.4,0.0,8.5
2026-05-22 12:00:00,74.7,67.2,0.0,7.5
2026-05-22 13:00:00,82.5,73.5,0.0,11.6
2026-05-22 14:00:00,84.1,74.4,0.0,6.0
2026-05-22 15:00:00,84.2,67.2,0.0,4.8
2026-05-22 16:00:00,80.2,66.9,0.0,4.5
2026-05-22 17:00:00,81.2,75.6,0.0,2.9
2026-05-22 18:00:00,76.4,65.6,0.0,8.4
2026-05-22 19:00:00,74.8,71.6,0.0,2.7
2026-05-22 20:00:00,77.5,72.2,0.0,8.4
2026-05-22 21:00:00,68.6,70.5,0.0,5.3
2026-05-22 22:00:00,61.6,75.4,0.0,0.7
2026-05-22 23:00:00,61.6,75.1,0.0,10.5
2026-05-23 00:00:00,54.9,89.4,0.0,0.0
2026-05-23 01:00:00,52.9,93.0,0.0,5.8
2026-05-23 02:00:00,51.9,84.5,0.0,6.7
2026-05-23 03:00:00,52.9,82.1,0.0,0.0
2026-05-23 04:00:00,56.8,78.3,0.0,7.3
2026-05-23 05:00:00,57.4,81.0,0.0,4.0
2026-05-23 06:00:00,59.6,77.0,0.0,5.3
2026-05-23 07:00:00,58.5,79.8,0.0,10.0
2026-05-23 08:00:00,63.4,79.7,0.0,6.4
2026-05-23 09:00:00,69.3,72.4,0.0,4.9
2026-05-23 10:00:00,70.8,72.6,0.0,5.5
2026-05-23 11:00:00,75.2,70.2,0.0,11.3
2026-05-23 12:00:00,80.0,66.9,0.0,7.2
2026-05-23 13:00:00,80.4,66.1,0.0,3.3
2026-05-23 14:00:00,83.3,70.5,0.0,4.5
2026-05-23 15:00:00,87.2,55.7,0.0,2.4
2026-05-23 16:00:00,82.3,75.1,0.0,4.6
2026-05-23 17:00:00,84.2,66.9,0.0,10.8
2026-05-23 18:00:00,80.3,71.4,0.0,5.5
2026-05-23 19:00:00,72.2,76.4,0.0,2.0
2026-05-23 20:00:00,69.6,70.7,0.0,7.3
2026-05-23 21:00:00,66.5,71.4,0.0,4.8
2026-05-23 22:00:00,62.7,72.9,0.0,7.7
2026-05-23 23:00:00,61.1,77.7,0.0,5.3
2026-05-24 00:00:00,59.9,83.0,0.0,10.3
2026-05-24 01:00:00,59.2,77.0,0.0,3.3
2026-05-24 02:00:00,55.4,85.1,0.0,2.5
2026-05-24 03:00:00,53.0,71.5,0.0,8.8
2026-05-24 04:00:00,49.4,83.4,0.0,0.0
2026-05-24 05:00:00,56.3,87.4,0.0,5.5
2026-05-24 06:00:00,58.5,79.5,0.0,8.4
2026-05-24 07:00:00,61.9,74.3,0.0,0.0
2026-05-24 08:00:00,70.3,70.6,0.0,6.2
2026-05-24 09:00:00,71.9,57.8,0.0,1.5
2026-05-24 10:00:00,74.6,66.4,0.0,0.5
2026-05-24 11:00:00,73.7,77.2,0.0,2.8
2026-05-24 12:00:00,77.9,66.7,0.0,5.4
2026-05-24 13:00:00,81.3,65.5,0.0,3.9
2026-05-24 14:00:00,81.0,56.3,0.0,9.3
2026-05-24 15:00:00,84.7,57.7,0.0,6.2
2026-05-24 16:00:00,83.9,72.3,0.0,4.5
2026-05-24 17:00:00,78.8,72.2,0.0,2.1
2026-05-24 18:00:00,82.2,60.8,0.0,6.7
2026-05-24 19:00:00,76.4,67.3,0.0,12.2
2026-05-24 20:00:00,68.3,74.8,0.0,3.9
2026-05-24 21:00:00,68.7,68.8,0.0,4.2
2026-05-24 22:00:00,65.7,66.3,0.0,2.8
2026-05-24 23:00:00,63.9,76.6,0.0,9.6
2026-05-25 00:00:00,57.7,83.6,0.0,8.8
2026-05-25 01:00:00,58.3,83.4,0.0,4.7
2026-05-25 02:00:00,55.2,86.5,0.0,4.2
2026-05-25 03:00:00,51.0,76.7,0.0,3.2
2026-05-25 04:00:00,51.2,84.6,0.0,5.1
2026-05-25 05:00:00,59.0,78.7,0.0,9.1
2026-05-25 06:00:00,61.6,78.2,0.0,6.1
2026-05-25 07:00:00,62.4,77.1,0.0,9.9
2026-05-25 08:00:00,68.9,71.3,0.0,3.8
2026-05-25 09:00:00,71.6,58.0,0.0,0.0
2026-05-25 10:00:00,74.5,77.3,0.0,13.8
2026-05-25 11:00:00,74.1,73.4,0.0,6.6
2026-05-25 12:00:00,83.8,59.0,0.0,8.3
2026-05-25 13:00:00,83.1,69.1,0.0,3.6
2026-05-25 14:00:00,82.3,65.0,0.0,1.9
2026-05-25 15:00:00,82.1,65.3,0.0,6.5
2026-05-25 16:00:00,83.9,62.5,0.0,0.0
2026-05-25 17:00:00,77.6,72.5,0.0,5.2
2026-05-25 18:00:00,81.2,63.8,0.0,9.1
2026-05-25 19:00:00,74.0,66.3,0.0,7.3
2026-05-25 20:00:00,73.8,77.6,0.0,6.8
2026-05-25 21:00:00,67.7,74.4,0.0,11.2
2026-05-25 22:00:00,64.5,76.3,0.0,7.1
2026-05-25 23:00:00,59.7,83.1,0.0,0.3
2026-05-26 00:00:00,58.3,77.1,0.0,5.6
2026-05-26 01:00:00,61.1,76.6,0.0,11.8
2026-05-26 02:00:00,58.3,81.9,0.0,5.1
2026-05-26 03:00:00,55.3,74.4,0.0,11.6
2026-05-26 04:00:00,54.8,83.5,0.0,9.1
2026-05-26 05:00:00,58.5,76.6,0.0,4.8
2026-05-26 06:00:00,61.5,82.9,0.0,2.8
2026-05-26 07:00:00,59.7,82.4,0.0,7.0
2026-05-26 08:00:00,65.2,78.7,0.0,9.8
2026-05-26 09:00:00,64.7,68.9,0.0,1.3
2026-05-26 10:00:00,75.9,70.3,0.0,6.4
2026-05-26 11:00:00,81.8,61.6,0.0,0.0
2026-05-26 12:00:00,79.9,68.4,0.0,5.0
2026-05-26 13:00:00,76.7,58.7,0.0,1.0
2026-05-26 14:00:00,85.1,58.0,0.0,7.7
2026-05-26 15:00:00,81.8,73.5,0.0,3.9
2026-05-26 16:00:00,81.9,69.3,0.0,9.5
2026-05-26 17:00:00,83.6,64.7,0.0,4.4
2026-05-26 18:00:00,80.3,63.8,0.0,4.1
2026-05-26 19:00:00,75.4,65.6,0.0,1.2
2026-05-26 20:00:00,71.4,74.2,0.0,7.2
2026-05-26 21:00:00,69.5,72.5,0.0,7.5
2026-05-26 22:00:00,64.3,84.8,0.0,8.8
2026-05-26 23:00:00,59.0,79.1,0.0,8.0
2026-05-27 00:00:00,58.0,80.9,0.0,7.2
2026-05-27 01:00:00,57.4,74.0,0.0,7.8
2026-05-27 02:00:00,54.6,80.7,0.0,8.1
2026-05-27 03:00:00,51.0,85.3,0.0,8.7
2026-05-27 04:00:00,57.5,79.0,0.0,1.4
2026-05-27 05:00:00,49.7,82.8,0.0,4.6
2026-05-27 06:00:00,57.8,82.4,0.0,1.1
2026-05-27 07:00:00,60.4,86.8,0.0,7.0
2026-05-27 08:00:00,65.9,77.0,0.0,10.9
2026-05-27 09:00:00,70.8,79.3,0.0,8.7
2026-05-27 10:00:00,76.1,73.8,0.0,4.2
2026-05-27 11:00:00,75.1,76.6,0.0,7.5
2026-05-27 12:00:00,81.4,64.7,0.0,7.0
2026-05-27 13:00:00,82.8,65.9,0.0,6.7
2026-05-27 14:00:00,79.5,67.7,0.0,2.1
2026-05-27 15:00:00,89.1,66.2,0.0,9.9
2026-05-27 16:00:00,80.2,72.3,0.0,2.5
2026-05-27 17:00:00,83.4,67.3,0.0,4.9
2026-05-27 18:00:00,80.9,72.4,0.0,8.9
2026-05-27 19:00:00,77.6,67.0,0.0,4.9
2026-05-27 20:00:00,72.0,77.3,0.0,6.2
2026-05-27 21:00:00,71.5,78.3,0.0,6.4
2026-05-27 22:00:00,61.7,82.0,0.0,6.2
2026-05-27 23:00:00,61.8,79.2,0.0,6.3
2026-05-28 00:00:00,57.6,84.4,0.0,6.6
2026-05-28 01:00:00,55.0,77.8,0.0,6.2
2026-05-28 02:00:00,56.2,82.6,0.0,3.3
2026-05-28 03:00:00,57.3,82.5,0.0,1.3
2026-05-28 04:00:00,54.3,76.0,0.0,9.0
2026-05-28 05:00:00,58.6,82.6,0.0,9.1
2026-05-28 06:00:00,59.2,73.7,0.0,7.0
2026-05-28 07:00:00,59.9,77.4,0.0,7.0
2026-05-28 08:00:00,65.1,76.9,0.0,3.3
2026-05-28 09:00:00,68.9,71.0,0.0,0.0
2026-05-28 10:00:00,71.8,73.4,0.0,5.3
2026-05-28 11:00:00,78.2,69.8,0.0,0.3
2026-05-28 12:00:00,80.8,64.0,0.0,6.6
2026-05-28 13:00:00,78.6,72.1,0.0,9.9
2026-05-28 14:00:00,80.0,64.7,0.0,4.2
2026-05-28 15:00:00,85.7,76.8,0.0,4.3
2026-05-28 16:00:00,82.0,66.8,0.0,3.0
2026-05-28 17:00:00,83.3,60.8,0.0,6.1
2026-05-28 18:00:00,82.2,62.4,0.0,5.9
2026-05-28 19:00:00,73.9,77.6,0.0,2.9
2026-05-28 20:00:00,70.0,72.0,0.0,8.7
2026-05-28 21:00:00,73.8,65.1,0.0,14.1
2026-05-28 22:00:00,66.6,80.1,0.0,9.6
2026-05-28 23:00:00,61.1,76.8,0.0,5.7
2026-05-29 00:00:00,56.8,84.5,0.0,5.6
2026-05-29 01:00:00,55.5,86.6,0.0,4.5
2026-05-29 02:00:00,52.3,85.1,0.0,4.4
2026-05-29 03:00:00,57.0,93.1,0.0,8.9
2026-05-29 04:00:00,53.3,74.5,0.0,9.0
2026-05-29 05:00:00,59.5,75.7,0.0,2.5
2026-05-29 06:00:00,58.2,79.2,0.0,7.1
2026-05-29 07:00:00,59.7,91.0,0.0,9.3
2026-05-29 08:00:00,64.9,85.8,0.0,4.9
2026-05-29 09:00:00,63.3,84.2,0.0,5.4
2026-05-29 10:00:00,73.4,68.2,0.0,8.1
2026-05-29 11:00:00,76.9,66.8,0.0,8.2
2026-05-29 12:00:00,82.5,63.0,0.0,7.3
2026-05-29 13:00:00,78.1,65.6,0.0,6.8
2026-05-29 14:00:00,87.3,72.0,0.0,7.2
2026-05-29 15:00:00,86.9,63.5,0.0,5.2
2026-05-29 16:00:00,87.5,63.8,0.0,2.6
2026-05-29 17:00:00,82.7,70.9,0.0,1.3
2026-05-29 18:00:00,83.0,58.5,0.0,7.8
2026-05-29 19:00:00,73.7,72.3,0.0,6.3
2026-05-29 20:00:00,75.5,65.5,0.0,7.4
2026-05-29 21:00:00,67.9,73.7,0.0,3.5
2026-05-29 22:00:00,61.8,75.6,0.0,6.3
2026-05-29 23:00:00,59.5,76.6,0.0,6.2
2026-05-30 00:00:00,59.3,81.0,0.0,9.8
2026-05-30 01:00:00,54.9,83.4,0.0,8.6
2026-05-30 02:00:00,56.4,80.4,0.0,3.8
2026-05-30 03:00:00,50.4,86.6,0.0,7.5
2026-05-30 04:00:00,50.1,80.6,0.0,3.8
2026-05-30 05:00:00,60.4,82.7,0.0,0.0
2026-05-30 06:00:00,61.6,77.6,0.0,11.2
2026-05-30 07:00:00,59.8,77.2,0.0,4.9
2026-05-30 08:00:00,66.1,72.2,0.0,9.1
2026-05-30 09:00:00,72.6,71.4,0.0,4.0
2026-05-30 10:00:00,75.0,80.6,0.0,3.6
2026-05-30 11:00:00,77.9,69.3,0.0,4.4
2026-05-30 12:00:00,83.4,60.9,0.0,6.8
2026-05-30 13:00:00,81.3,72.4,0.0,6.5
2026-05-30 14:00:00,84.7,63.6,0.0,7.5
2026-05-30 15:00:00,85.1,67.1,0.0,4.5
2026-05-30 16:00:00,83.9,63.3,0.0,6.1
2026-05-30 17:00:00,82.1,73.7,0.0,3.5
2026-05-30 18:00:00,80.9,65.1,0.0,10.4
2026-05-30 19:00:00,77.7,76.8,0.0,2.1
2026-05-30 20:00:00,71.3,68.0,0.0,3.5
2026-05-30 21:00:00,72.0,71.4,0.0,4.7
2026-05-30 22:00:00,63.7,84.5,0.0,13.2
2026-05-30 23:00:00,61.9,79.3,0.0,8.3
2026-05-31 00:00:00,58.7,91.6,0.0,3.4
2026-05-31 01:00:00,58.0,79.3,0.0,8.5
2026-05-31 02:00:00,50.3,86.1,0.0,7.5
2026-05-31 03:00:00,57.3,90.5,0.0,6.8
2026-05-31 04:00:00,53.9,75.3,0.0,8.1
2026-05-31 05:00:00,60.1,71.2,0.0,6.2
2026-05-31 06:00:00,58.3,76.5,0.0,6.5
2026-05-31 07:00:00,62.5,82.2,0.0,1.3
2026-05-31 08:00:00,71.1,65.4,0.0,10.3
2026-05-31 09:00:00,69.5,77.3,0.0,4.7
2026-05-31 10:00:00,77.2,72.7,0.0,2.3
2026-05-31 11:00:00,77.9,79.7,0.0,4.5
2026-05-31 12:00:00,82.0,72.6,0.0,4.6
2026-05-31 13:00:00,83.5,68.4,0.0,3.6
2026-05-31 14:00:00,87.0,71.5,0.0,8.3
2026-05-31 15:00:00,83.7,69.2,0.0,8.9
2026-05-31 16:00:00,82.4,64.9,0.0,0.1
2026-05-31 17:00:00,81.8,61.8,0.0,4.5
2026-05-31 18:00:00,81.2,65.0,0.0,4.7
2026-05-31 19:00:00,77.2,69.8,0.0,5.5
2026-05-31 20:00:00,75.9,71.6,0.0,11.1
2026-05-31 21:00:00,73.5,61.4,0.0,3.6
2026-05-31 22:00:00,63.8,76.3,0.0,10.7
2026-05-31 23:00:00,60.8,79.2,0.0,5.6
2026-06-01 00:00:00,56.0,84.4,0.0,10.7
2026-06-01 01:00:00,62.3,86.4,0.0,5.1
2026-06-01 02:00:00,56.4,82.4,0.0,4.7
2026-06-01 03:00:00,56.4,77.0,0.0,5.9
2026-06-01 04:00:00,52.3,74.6,0.0,9.9
2026-06-01 05:00:00,57.2,84.5,0.0,6.5
2026-06-01 06:00:00,60.9,74.7,0.0,6.6
2026-06-01 07:00:00,62.1,82.7,0.0,7.9
2026-06-01 08:00:00,69.1,81.5,0.0,3.4
2026-06-01 09:00:00,76.2,62.9,0.0,7.0
2026-06-01 10:00:00,72.0,75.7,0.0,4.1
2026-06-01 11:00:00,75.5,77.5,0.0,10.4
2026-06-01 12:00:00,79.0,74.2,0.0,7.3
2026-06-01 13:00:00,87.6,53.8,0.0,8.1
2026-06-01 14:00:00,87.7,60.0,0.0,0.0
2026-06-01 15:00:00,85.3,59.2,0.0,8.1
2026-06-01 16:00:00,85.2,68.3,0.0,5.5
2026-06-01 17:00:00,81.6,69.7,0.0,1.7
2026-06-01 18:00:00,83.4,53.1,0.0,6.3
2026-06-01 19:00:00,77.1,68.6,0.0,1.4
2026-06-01 20:00:00,73.7,76.0,0.0,7.8
2026-06-01 21:00:00,71.9,73.7,0.0,10.3
2026-06-01 22:00:00,66.0,76.9,0.0,0.6
2026-06-01 23:00:00,62.2,76.5,0.0,5.9
2026-06-02 00:00:00,59.8,74.3,0.0,5.5
2026-06-02 01:00:00,59.3,79.8,0.0,0.0
2026-06-02 02:00:00,59.9,79.8,0.0,8.7
2026-06-02 03:00:00,56.7,84.4,0.0,7.9
2026-06-02 04:00:00,57.8,84.2,0.0,12.1
2026-06-02 05:00:00,56.8,81.7,0.0,7.5
2026-06-02 06:00:00,58.0,86.1,0.0,3.4
2026-06-02 07:00:00,64.6,75.1,0.0,7.5
2026-06-02 08:00:00,67.1,68.4,0.0,9.9
2026-06-02 09:00:00,67.0,78.0,0.0,4.6
2026-06-02 10:00:00,73.7,72.6,0.0,8.6
2026-06-02 11:00:00,78.0,72.1,0.0,0.0
2026-06-02 12:00:00,80.1,62.1,0.0,10.4
2026-06-02 13:00:00,87.5,73.3,0.0,8.4
2026-06-02 14:00:00,86.6,68.4,0.0,0.0
2026-06-02 15:00:00,89.3,61.9,0.0,7.1
2026-06-02 16:00:00,86.0,60.5,0.0,0.0
2026-06-02 17:00:00,84.0,71.7,0.0,4.2
2026-06-02 18:00:00,79.1,63.5,0.0,8.0
2026-06-02 19:00:00,78.3,80.8,0.0,5.6
2026-06-02 20:00:00,74.6,68.4,0.0,9.8
2026-06-02 21:00:00,67.2,84.2,0.0,6.2
2026-06-02 22:00:00,65.3,75.7,0.0,5.9
2026-06-02 23:00:00,62.1,86.2,0.0,9.3
2026-06-03 00:00:00,60.9,75.3,0.0,5.0
2026-06-03 01:00:00,58.6,80.4,0.0,5.9
2026-06-03 02:00:00,54.5,86.6,0.0,6.3
2026-06-03 03:00:00,56.6,84.7,0.0,5.8
2026-06-03 04:00:00,55.5,87.5,0.0,9.5
2026-06-03 05:00:00,50.3,82.4,0.0,4.0
2026-06-03 06:00:00,58.7,80.6,0.0,3.5
2026-06-03 07:00:00,65.8,82.6,0.0,2.8
2026-06-03 08:00:00,62.6,74.5,0.0,0.0
2026-06-03 09:00:00,71.1,76.3,0.0,10.5
2026-06-03 10:00:00,78.7,68.1,0.0,3.3
2026-06-03 11:00:00,76.6,71.4,0.0,5.3
2026-06-03 12:00:00,81.6,68.0,0.0,10.7
2026-06-03 13:00:00,80.8,64.1,0.0,5.6
2026-06-03 14:00:00,89.7,61.9,0.0,7.5
2026-06-03 15:00:00,85.9,66.0,0.0,1.7
2026-06-03 16:00:00,85.7,64.8,0.0,10.2
2026-06-03 17:00:00,87.5,72.3,0.0,5.6
2026-06-03 18:00:00,83.3,71.7,0.0,2.9
2026-06-03 19:00:00,76.3,72.0,0.0,2.9
2026-06-03 20:00:00,73.1,68.5,0.0,11.1
2026-06-03 21:00:00,72.0,68.8,0.0,4.2
2026-06-03 22:00:00,65.2,86.5,0.0,3.0
2026-06-03 23:00:00,57.8,75.7,0.0,4.7
2026-06-04 00:00:00,59.9,80.1,0.0,6.1
2026-06-04 01:00:00,53.9,84.7,0.0,6.5
2026-06-04 02:00:00,60.1,77.9,0.0,7.3
2026-06-04 03:00:00,56.0,76.7,0.0,6.7
2026-06-04 04:00:00,53.8,79.0,0.0,7.9
2026-06-04 05:00:00,55.8,79.1,0.0,5.2
2026-06-04 06:00:00,55.3,78.5,0.0,12.2
2026-06-04 07:00:00,60.5,85.9,0.0,4.5
2026-06-04 08:00:00,69.5,74.2,0.0,10.1
2026-06-04 09:00:00,76.5,67.8,0.0,4.2
2026-06-04 10:00:00,76.8,70.8,0.0,1.7
2026-06-04 11:00:00,78.4,72.7,0.0,1.0
2026-06-04 12:00:00,80.8,66.3,0.0,6.9
2026-06-04 13:00:00,81.9,71.9,0.0,9.5
2026-06-04 14:00:00,91.0,56.1,0.0,2.5
2026-06-04 15:00:00,85.9,71.1,0.0,3.4
2026-06-04 16:00:00,91.2,62.3,0.0,7.2
2026-06-04 17:00:00,87.8,64.0,0.0,6.0
2026-06-04 18:00:00,77.5,66.4,0.0,4.2
2026-06-04 19:00:00,77.0,64.0,0.0,2.2
2026-06-04 20:00:00,73.3,63.9,0.0,6.9
2026-06-04 21:00:00,70.8,69.8,0.0,8.0
2026-06-04 22:00:00,66.8,78.7,0.0,7.5
2026-06-04 23:00:00,70.7,68.8,0.0,6.1
2026-06-05 00:00:00,57.5,73.1,0.0,2.8
2026-06-05 01:00:00,58.3,75.9,0.0,6.9
2026-06-05 02:00:00,57.7,78.8,0.0,6.7
2026-06-05 03:00:00,55.6,80.2,0.0,2.1
2026-06-05 04:00:00,56.4,80.8,0.0,5.1
2026-06-05 05:00:00,55.1,87.4,0.0,7.1
2026-06-05 06:00:00,60.4,85.5,0.0,5.8
2026-06-05 07:00:00,64.7,87.0,0.0,0.1
2026-06-05 08:00:00,67.9,67.0,0.0,4.1
2026-06-05 09:00:00,72.6,68.3,0.0,3.9
2026-06-05 10:00:00,78.7,72.7,0.0,7.7
2026-06-05 11:00:00,81.2,65.6,0.0,13.8
2026-06-05 12:00:00,82.3,71.6,0.0,6.4
2026-06-05 13:00:00,81.6,68.6,0.0,2.4
2026-06-05 14:00:00,84.6,73.9,0.0,5.5
2026-06-05 15:00:00,86.1,70.4,0.0,6.0
2026-06-05 16:00:00,86.7,70.1,0.0,8.3
2026-06-05 17:00:00,83.4,64.6,0.0,9.7
2026-06-05 18:00:00,79.8,68.1,0.0,10.2
2026-06-05 19:00:00,75.9,69.2,0.0,7.6
2026-06-05 20:00:00,71.0,65.9,0.0,6.0
2026-06-05 21:00:00,70.5,81.1,0.0,10.5
2026-06-05 22:00:00,63.5,81.3,0.0,5.0
2026-06-05 23:00:00,60.9,77.3,0.0,6.2
2026-06-06 00:00:00,59.3,86.4,0.0,5.3
2026-06-06 01:00:00,54.5,79.4,0.0,0.0
2026-06-06 02:00:00,57.2,71.8,0.0,9.8
2026-06-06 03:00:00,57.6,85.9,0.0,8.0
2026-06-06 04:00:00,54.9,75.9,0.0,0.0
2026-06-06 05:00:00,56.7,80.3,0.0,9.0
2026-06-06 06:00:00,61.7,79.6,0.0,5.1
2026-06-06 07:00:00,61.8,80.5,0.0,9.0
2026-06-06 08:00:00,65.3,80.8,0.0,6.2
2026-06-06 09:00:00,74.3,74.5,0.0,1.9
2026-06-06 10:00:00,77.6,72.6,0.0,6.1
2026-06-06 11:00:00,80.6,64.2,0.0,3.3
2026-06-06 12:00:00,84.6,67.4,0.0,2.3
2026-06-06 13:00:00,79.8,61.1,0.0,8.6
2026-06-06 14:00:00,89.7,71.0,0.0,7.2
2026-06-06 15:00:00,87.9,57.2,0.0,10.5
2026-06-06 16:00:00,88.9,61.9,0.0,4.8
2026-06-06 17:00:00,85.8,58.7,0.0,3.1
2026-06-06 18:00:00,82.4,63.5,0.0,7.9
2026-06-06 19:00:00,78.4,69.4,0.0,3.5
2026-06-06 20:00:00,76.3,67.9,0.0,5.1
2026-06-06 21:00:00,70.5,79.4,0.0,7.6
2026-06-06 22:00:00,69.5,75.4,0.0,5.6
2026-06-06 23:00:00,59.6,77.4,0.0,4.5
2026-06-07 00:00:00,59.1,79.3,0.0,1.8
2026-06-07 01:00:00,63.1,83.9,0.0,8.8
2026-06-07 02:00:00,54.8,86.9,0.0,4.9
2026-06-07 03:00:00,55.3,76.4,0.0,7.9
2026-06-07 04:00:00,54.2,79.3,0.0,7.5
2026-06-07 05:00:00,58.8,82.5,0.0,9.3
2026-06-07 06:00:00,58.6,82.0,0.0,5.3
2026-06-07 07:00:00,63.2,72.5,0.0,5.0
2026-06-07 08:00:00,69.6,78.0,0.0,2.7
2026-06-07 09:00:00,69.7,69.7,0.0,4.4
2026-06-07 10:00:00,77.5,76.4,0.0,7.0
2026-06-07 11:00:00,81.4,70.4,0.0,3.5
2026-06-07 12:00:00,85.2,60.0,0.0,6.9
2026-06-07 13:00:00,85.4,62.9,0.0,10.4
2026-06-07 14:00:00,94.7,57.7,0.0,4.7
2026-06-07 15:00:00,89.7,63.9,0.0,2.1
2026-06-07 16:00:00,87.4,63.4,0.0,4.8
2026-06-07 17:00:00,82.8,61.2,0.0,1.7
2026-06-07 18:00:00,82.3,60.3,0.0,10.0
2026-06-07 19:00:00,82.9,69.7,0.0,6.3
2026-06-07 20:00:00,79.8,70.0,0.0,3.8
2026-06-07 21:00:00,75.2,71.7,0.0,4.3
2026-06-07 22:00:00,69.4,75.7,0.0,2.5
2026-06-07 23:00:00,60.5,76.1,0.0,9.0
2026-06-08 00:00:00,61.8,79.4,0.0,11.5
2026-06-08 01:00:00,55.0,95.0,0.0,1.5
2026-06-08 02:00:00,52.8,89.3,0.0,9.1
2026-06-08 03:00:00,56.6,79.9,0.0,5.3
2026-06-08 04:00:00,57.8,78.1,0.0,9.8
2026-06-08 05:00:00,60.3,65.0,0.0,0.5
2026-06-08 06:00:00,61.8,83.8,0.0,6.7
2026-06-08 07:00:00,65.1,80.6,0.0,4.8
2026-06-08 08:00:00,65.1,74.0,0.0,8.0
2026-06-08 09:00:00,71.4,66.1,0.0,6.2
2026-06-08 10:00:00,71.9,67.2,0.0,6.1
2026-06-08 11:00:00,74.5,73.8,0.0,5.7
2026-06-08 12:00:00,84.6,65.5,0.0,10.7
2026-06-08 13:00:00,83.4,70.1,0.0,5.5
2026-06-08 14:00:00,89.0,64.0,0.0,8.6
2026-06-08 15:00:00,90.1,67.8,0.0,7.9
2026-06-08 16:00:00,85.3,67.5,0.0,8.7
2026-06-08 17:00:00,86.7,69.0,0.0,3.0
2026-06-08 18:00:00,81.1,57.5,0.0,8.1
2026-06-08 19:00:00,74.9,65.1,0.0,7.0
2026-06-08 20:00:00,76.0,68.9,0.0,2.4
2026-06-08 21:00:00,70.5,79.1,0.0,5.4
2026-06-08 22:00:00,66.5,85.3,0.0,12.9
2026-06-08 23:00:00,68.8,73.9,0.0,4.8
2026-06-09 00:00:00,56.9,78.2,0.0,4.9
2026-06-09 01:00:00,59.2,70.2,0.0,7.4
2026-06-09 02:00:00,54.1,87.0,0.0,4.4
2026-06-09 03:00:00,58.4,77.6,0.0,6.4
2026-06-09 04:00:00,57.4,95.7,0.0,4.7
2026-06-09 05:00:00,59.1,76.3,0.0,7.2
2026-06-09 06:00:00,58.3,90.9,0.0,5.8
2026-06-09 07:00:00,62.0,82.1,0.0,11.9
2026-06-09 08:00:00,70.1,68.8,0.0,6.1
2026-06-09 09:00:00,76.3,71.7,0.0,5.3
2026-06-09 10:00:00,77.1,74.0,0.0,9.1
2026-06-09 11:00:00,77.4,68.8,0.0,1.8
2026-06-09 12:00:00,83.8,70.6,0.0,11.1
2026-06-09 13:00:00,91.5,66.2,0.0,3.0
2026-06-09 14:00:00,87.3,67.5,0.0,9.6
2026-06-09 15:00:00,91.2,62.3,0.0,10.4
2026-06-09 16:00:00,85.2,59.8,0.0,4.4
2026-06-09 17:00:00,85.3,65.2,0.0,4.7
2026-06-09 18:00:00,84.5,66.9,0.0,5.7
2026-06-09 19:00:00,80.7,58.7,0.0,7.9
2026-06-09 20:00:00,74.0,72.7,0.0,3.0
2026-06-09 21:00:00,69.8,73.6,0.0,5.7
2026-06-09 22:00:00,70.2,67.4,0.0,5.1
2026-06-09 23:00:00,66.9,74.0,0.0,2.5
2026-06-10 00:00:00,64.6,75.4,0.0,2.9
2026-06-10 01:00:00,62.8,87.6,0.0,6.4
2026-06-10 02:00:00,57.1,82.2,0.0,6.3
2026-06-10 03:00:00,55.4,87.2,0.0,3.7
2026-06-10 04:00:00,60.1,78.8,0.0,6.2
2026-06-10 05:00:00,60.1,70.1,0.0,4.1
2026-06-10 06:00:00,58.4,83.8,0.0,9.9
2026-06-10 07:00:00,61.5,75.4,0.0,5.7
2026-06-10 08:00:00,69.1,72.8,0.0,9.3
2026-06-10 09:00:00,71.5,67.9,0.0,0.9
2026-06-10 10:00:00,76.0,71.1,0.0,7.0
2026-06-10 11:00:00,82.6,72.4,0.0,7.8
2026-06-10 12:00:00,85.1,70.4,0.0,5.6
2026-06-10 13:00:00,89.0,71.5,0.0,4.4
2026-06-10 14:00:00,82.4,75.8,0.0,5.5
2026-06-10 15:00:00,88.4,53.6,0.0,8.2
2026-06-10 16:00:00,89.0,57.6,0.0,2.4
2026-06-10 17:00:00,81.8,58.4,0.0,8.1
2026-06-10 18:00:00,81.5,70.8,0.0,7.0
2026-06-10 19:00:00,77.8,66.3,0.0,5.2
2026-06-10 20:00:00,76.1,68.2,0.0,5.3
2026-06-10 21:00:00,76.1,69.6,0.0,6.2
2026-06-10 22:00:00,73.0,74.3,0.0,11.0
2026-06-10 23:00:00,62.1,70.9,0.0,7.0
2026-06-11 00:00:00,62.3,72.0,0.0,3.2
2026-06-11 01:00:00,59.8,79.6,0.0,4.7
2026-06-11 02:00:00,57.8,86.7,0.0,2.6
2026-06-11 03:00:00,57.3,80.9,0.0,0.3
2026-06-11 04:00:00,57.6,76.9,0.0,2.5
2026-06-11 05:00:00,62.6,67.3,0.0,6.4
2026-06-11 06:00:00,63.7,82.2,0.0,9.8
2026-06-11 07:00:00,61.6,75.0,0.0,9.0
2026-06-11 08:00:00,70.0,68.2,0.0,2.5
2026-06-11 09:00:00,74.4,63.0,0.0,3.6
2026-06-11 10:00:00,77.0,62.9,0.0,3.2
2026-06-11 11:00:00,82.9,62.1,0.0,0.0
2026-06-11 12:00:00,83.8,65.2,0.0,5.5
2026-06-11 13:00:00,86.4,59.0,0.0,8.4
2026-06-11 14:00:00,87.8,65.2,0.0,5.2
2026-06-11 15:00:00,83.0,65.6,0.0,2.2
2026-06-11 16:00:00,87.3,75.6,0.0,3.5
2026-06-11 17:00:00,84.2,57.7,0.0,5.0
2026-06-11 18:00:00,80.4,69.1,0.0,8.3
2026-06-11 19:00:00,83.7,67.4,0.0,5.5
2026-06-11 20:00:00,77.5,64.7,0.0,7.9
2026-06-11 21:00:00,72.1,73.3,0.0,5.8
2026-06-11 22:00:00,66.6,79.7,0.018,6.7
2026-06-11 23:00:00,65.0,77.2,0.0,3.2
2026-06-12 00:00:00,63.5,84.5,0.0,3.9
2026-06-12 01:00:00,56.5,70.6,0.0,2.2
2026-06-12 02:00:00,56.9,77.0,0.0,7.8
2026-06-12 03:00:00,58.6,87.7,0.0,5.1
2026-06-12 04:00:00,52.1,88.4,0.0,0.0
2026-06-12 05:00:00,58.4,83.1,0.0,7.4
2026-06-12 06:00:00,60.0,85.7,0.0,8.9
2026-06-12 07:00:00,64.0,67.7,0.0,3.6
2026-06-12 08:00:00,66.9,79.7,0.0,7.4
2026-06-12 09:00:00,72.7,77.9,0.0,5.4
2026-06-12 10:00:00,81.2,64.5,0.0,0.0
2026-06-12 11:00:00,79.4,81.9,0.0,11.9
2026-06-12 12:00:00,84.3,67.1,0.0,5.4
2026-06-12 13:00:00,91.1,51.5,0.0,6.6
2026-06-12 14:00:00,86.3,66.9,0.0,4.1
2026-06-12 15:00:00,92.7,57.9,0.0,5.1
2026-06-12 16:00:00,87.7,70.1,0.0,6.5
2026-06-12 17:00:00,90.5,65.4,0.0,2.9
2026-06-12 18:00:00,85.4,62.5,0.0,11.1
2026-06-12 19:00:00,81.0,75.4,0.0,8.5
2026-06-12 20:00:00,76.3,75.3,0.0,7.6
2026-06-12 21:00:00,70.7,69.4,0.0,5.6
2026-06-12 22:00:00,68.4,74.1,0.0,3.7
2026-06-12 23:00:00,66.6,78.5,0.0,9.1
2026-06-13 00:00:00,61.2,77.0,0.0,7.8
2026-06-13 01:00:00,57.9,79.0,0.0,4.8
2026-06-13 02:00:00,56.4,81.6,0.0,2.7
2026-06-13 03:00:00,59.0,74.7,0.0,1.3
2026-06-13 04:00:00,60.1,68.3,0.0,6.1
2026-06-13 05:00:00,57.0,82.4,0.0,5.3
2026-06-13 06:00:00,59.5,69.8,0.0,9.6
2026-06-13 07:00:00,65.4,71.5,0.0,9.0
2026-06-13 08:00:00,72.2,64.0,0.0,6.1
2026-06-13 09:00:00,75.3,62.8,0.0,5.8
2026-06-13 10:00:00,73.5,74.2,0.0,2.5
2026-06-13 11:00:00,79.8,67.5,0.0,9.2
2026-06-13 12:00:00,81.4,66.4,0.0,5.8
2026-06-13 13:00:00,85.6,58.8,0.0,7.8
2026-06-13 14:00:00,91.9,58.7,0.0,9.5
2026-06-13 15:00:00,84.9,67.7,0.0,4.3
2026-06-13 16:00:00,83.8,66.1,0.0,3.5
2026-06-13 17:00:00,84.2,70.3,0.0,13.4
2026-06-13 18:00:00,84.5,70.9,0.0,7.8
2026-06-13 19:00:00,82.0,66.1,0.0,5.2
2026-06-13 20:00:00,77.7,60.5,0.0,9.7
2026-06-13 21:00:00,75.4,67.2,0.0,5.1
2026-06-13 22:00:00,63.9,76.9,0.0,7.0
2026-06-13 23:00:00,67.5,71.5,0.0,4.3
2026-06-14 00:00:00,60.5,73.9,0.0,5.9
2026-06-14 01:00:00,60.6,79.5,0.0,5.2
2026-06-14 02:00:00,53.8,95.0,0.0,3.7
2026-06-14 03:00:00,56.6,78.9,0.0,6.7
2026-06-14 04:00:00,57.7,80.7,0.0,4.1
2026-06-14 05:00:00,61.6,72.0,0.0,7.7
2026-06-14 06:00:00,57.3,87.2,0.0,5.1
2026-06-14 07:00:00,64.7,81.3,0.0,0.8
2026-06-14 08:00:00,65.8,80.4,0.0,7.9
2026-06-14 09:00:00,73.9,78.7,0.0,7.9
2026-06-14 10:00:00,78.7,67.1,0.0,12.8
2026-06-14 11:00:00,83.8,64.9,0.0,6.1
2026-06-14 12:00:00,82.6,75.6,0.0,6.5
2026-06-14 13:00:00,88.8,66.8,0.0,7.4
2026-06-14 14:00:00,91.5,51.1,0.0,9.1
2026-06-14 15:00:00,84.5,68.3,0.0,8.9
2026-06-14 16:00:00,89.6,60.3,0.0,7.0
2026-06-14 17:00:00,88.9,68.1,0.0,5.9
2026-06-14 18:00:00,83.3,68.7,0.0,8.5
2026-06-14 19:00:00,77.6,61.1,0.0,5.8
2026-06-14 20:00:00,79.1,70.3,0.0,2.1
2026-06-14 21:00:00,69.6,75.3,0.0,1.5
2026-06-14 22:00:00,68.0,76.9,0.0,5.1
2026-06-14 23:00:00,64.5,79.9,0.0,6.4
2026-06-15 00:00:00,63.2,85.2,0.0,13.4
2026-06-15 01:00:00,57.3,83.1,0.0,5.6
2026-06-15 02:00:00,55.5,82.1,0.0,6.1
2026-06-15 03:00:00,57.0,86.9,0.0,4.8
2026-06-15 04:00:00,59.8,90.8,0.0,7.9
2026-06-15 05:00:00,64.6,81.6,0.0,6.8
2026-06-15 06:00:00,57.6,81.8,0.0,4.1
2026-06-15 07:00:00,65.5,78.6,0.0,3.0
2026-06-15 08:00:00,65.9,77.5,0.0,4.8
2026-06-15 09:00:00,75.3,71.2,0.0,3.5
2026-06-15 10:00:00,74.6,82.3,0.0,5.3
2026-06-15 11:00:00,79.1,65.2,0.0,6.4
2026-06-15 12:00:00,82.6,72.8,0.0,4.5
2026-06-15 13:00:00,86.5,64.3,0.0,10.4
2026-06-15 14:00:00,89.1,56.1,0.0,9.5
2026-06-15 15:00:00,90.0,62.0,0.0,5.3
2026-06-15 16:00:00,88.3,61.2,0.0,3.1
2026-06-15 17:00:00,83.3,69.5,0.0,5.9
2026-06-15 18:00:00,85.9,65.7,0.0,5.6
2026-06-15 19:00:00,80.7,63.0,0.0,5.8
2026-06-15 20:00:00,79.8,76.0,0.0,4.8
2026-06-15 21:00:00,71.0,78.9,0.0,2.9
2026-06-15 22:00:00,64.6,84.9,0.0,6.1
2026-06-15 23:00:00,64.6,78.1,0.0,4.9
2026-06-16 00:00:00,64.8,76.7,0.0,5.2
2026-06-16 01:00:00,59.4,83.4,0.0,6.3
2026-06-16 02:00:00,56.9,78.3,0.0,5.8
2026-06-16 03:00:00,54.6,83.1,0.0,6.2
2026-06-16 04:00:00,61.7,77.7,0.0,4.8
2026-06-16 05:00:00,56.4,74.2,0.0,7.1
2026-06-16 06:00:00,59.7,80.3,0.0,3.8
2026-06-16 07:00:00,66.3,73.8,0.0,2.7
2026-06-16 08:00:00,64.1,76.0,0.0,3.3
2026-06-16 09:00:00,76.1,72.5,0.0,4.0
2026-06-16 10:00:00,78.6,75.6,0.0,2.1
2026-06-16 11:00:00,83.2,62.5,0.0,0.9
2026-06-16 12:00:00,85.7,63.7,0.0,7.5
2026-06-16 13:00:00,86.5,61.1,0.0,9.8
2026-06-16 14:00:00,85.8,61.2,0.0,7.7
2026-06-16 15:00:00,88.7,60.8,0.0,4.6
2026-06-16 16:00:00,86.0,64.2,0.0,0.9
2026-06-16 17:00:00,88.1,67.0,0.0,6.6
2026-06-16 18:00:00,86.3,66.6,0.0,1.2
2026-06-16 19:00:00,84.7,60.7,0.0,5.7
2026-06-16 20:00:00,78.0,76.1,0.0,3.6
2026-06-16 21:00:00,75.2,75.9,0.0,0.0
2026-06-16 22:00:00,68.0,70.6,0.0,10.4
2026-06-16 23:00:00,63.7,83.6,0.0,2.2
2026-06-17 00:00:00,62.8,79.6,0.0,4.9
2026-06-17 01:00:00,58.1,79.8,0.0,5.6
2026-06-17 02:00:00,58.1,82.3,0.0,4.6
2026-06-17 03:00:00,54.2,82.5,0.0,7.4
2026-06-17 04:00:00,55.2,84.8,0.0,3.8
2026-06-17 05:00:00,60.6,80.1,0.0,7.1
2026-06-17 06:00:00,63.8,75.7,0.0,7.0
2026-06-17 07:00:00,62.5,68.0,0.0,1.9
2026-06-17 08:00:00,70.5,76.3,0.0,6.7
2026-06-17 09:00:00,71.7,71.2,0.0,2.8
2026-06-17 10:00:00,77.3,73.9,0.0,2.5
2026-06-17 11:00:00,84.7,68.3,0.0,6.9
2026-06-17 12:00:00,86.5,63.2,0.0,4.8
2026-06-17 13:00:00,89.0,68.7,0.0,7.1
2026-06-17 14:00:00,93.4,62.1,0.0,7.1
2026-06-17 15:00:00,87.4,65.2,0.0,1.7
2026-06-17 16:00:00,86.2,64.4,0.0,8.2
2026-06-17 17:00:00,85.2,74.0,0.0,6.9
2026-06-17 18:00:00,83.8,62.8,0.0,4.2
2026-06-17 19:00:00,75.2,69.5,0.0,5.6
2026-06-17 20:00:00,76.7,64.1,0.0,8.3
2026-06-17 21:00:00,71.7,76.7,0.0,5.0
2026-06-17 22:00:00,70.8,70.6,0.0,12.3
2026-06-17 23:00:00,65.9,73.9,0.0,10.5
2026-06-18 00:00:00,60.2,76.8,0.0,6.4
2026-06-18 01:00:00,60.6,79.5,0.0,5.3
2026-06-18 02:00:00,59.3,73.6,0.0,5.4
2026-06-18 03:00:00,55.1,71.0,0.0,4.2
2026-06-18 04:00:00,56.3,83.8,0.0,6.4
2026-06-18 05:00:00,53.6,72.5,0.0,8.1
2026-06-18 06:00:00,59.0,84.3,0.0,2.0
2026-06-18 07:00:00,63.2,85.5,0.0,7.9
2026-06-18 08:00:00,69.2,73.6,0.0,8.8
2026-06-18 09:00:00,70.8,80.0,0.0,7.7
2026-06-18 10:00:00,76.1,70.5,0.0,5.6
2026-06-18 11:00:00,78.2,77.5,0.0,7.6
2026-06-18 12:00:00,85.1,63.4,0.0,9.9
2026-06-18 13:00:00,88.3,52.1,0.0,5.8
2026-06-18 14:00:00,89.8,62.7,0.0,6.1
2026-06-18 15:00:00,89.4,71.9,0.0,12.4
2026-06-18 16:00:00,85.0,68.4,0.0,6.9
2026-06-18 17:00:00,85.7,62.8,0.0,3.0
2026-06-18 18:00:00,83.6,68.2,0.0,8.6
2026-06-18 19:00:00,80.3,73.2,0.0,7.2
2026-06-18 20:00:00,77.6,69.4,0.0,4.0
2026-06-18 21:00:00,76.7,83.4,0.0,2.7
2026-06-18 22:00:00,71.0,70.9,0.0,6.7
2026-06-18 23:00:00,62.6,83.1,0.0,5.8
2026-06-19 00:00:00,63.5,81.4,0.0,2.3
2026-06-19 01:00:00,60.8,75.5,0.0,5.7
2026-06-19 02:00:00,55.6,79.8,0.0,5.5
2026-06-19 03:00:00,59.2,85.0,0.0,5.8
2026-06-19 04:00:00,57.2,81.8,0.0,7.5
2026-06-19 05:00:00,55.7,83.5,0.0,0.7
2026-06-19 06:00:00,63.0,69.7,0.0,2.7
2026-06-19 07:00:00,65.7,79.6,0.0,4.5
2026-06-19 08:00:00,68.5,76.2,0.0,10.0
2026-06-19 09:00:00,73.2,71.9,0.0,13.1
2026-06-19 10:00:00,75.7,72.7,0.0,6.0
2026-06-19 11:00:00,83.0,64.8,0.0,6.1
2026-06-19 12:00:00,84.7,63.0,0.0,0.0
2026-06-19 13:00:00,87.8,63.0,0.0,8.7
2026-06-19 14:00:00,89.9,60.7,0.0,7.3
2026-06-19 15:00:00,86.7,75.7,0.0,6.8
2026-06-19 16:00:00,86.8,69.3,0.0,2.3
2026-06-19 17:00:00,81.9,62.6,0.0,11.9
2026-06-19 18:00:00,86.2,75.3,0.0,10.6
2026-06-19 19:00:00,78.4,67.2,0.0,6.9
2026-06-19 20:00:00,77.9,69.8,0.0,9.0
2026-06-19 21:00:00,74.2,76.2,0.0,6.2
2026-06-19 22:00:00,70.6,63.8,0.0,8.5
2026-06-19 23:00:00,62.2,77.1,0.0,2.1
2026-06-20 00:00:00,61.8,75.7,0.0,0.0
2026-06-20 01:00:00,63.5,78.6,0.0,2.2
2026-06-20 02:00:00,62.0,80.3,0.0,3.6
2026-06-20 03:00:00,59.6,79.3,0.0,4.1
2026-06-20 04:00:00,58.6,79.7,0.0,7.3
2026-06-20 05:00:00,56.8,86.6,0.0,5.2
2026-06-20 06:00:00,63.7,79.0,0.0,5.9
2026-06-20 07:00:00,64.9,77.0,0.0,2.4
2026-06-20 08:00:00,70.6,74.4,0.0,2.2
2026-06-20 09:00:00,71.9,82.2,0.0,6.1
2026-06-20 10:00:00,77.2,70.9,0.0,4.4
2026-06-20 11:00:00,82.0,64.8,0.0,6.0
2026-06-20 12:00:00,85.6,55.9,0.0,7.6
2026-06-20 13:00:00,88.8,56.5,0.0,10.9
2026-06-20 14:00:00,87.7,61.9,0.0,5.9
2026-06-20 15:00:00,86.4,64.4,0.0,11.4
2026-06-20 16:00:00,93.2,58.4,0.0,7.2
2026-06-20 17:00:00,93.8,62.7,0.0,8.1
2026-06-20 18:00:00,86.1,62.3,0.0,9.2
2026-06-20 19:00:00,78.3,64.9,0.0,8.2
2026-06-20 20:00:00,75.7,73.9,0.0,3.6
2026-06-20 21:00:00,74.7,78.3,0.0,9.2
2026-06-20 22:00:00,72.6,67.0,0.0,4.9
2026-06-20 23:00:00,62.3,79.5,0.0,6.9
2026-06-21 00:00:00,61.7,69.0,0.0,6.4
2026-06-21 01:00:00,59.9,72.2,0.0,9.4
2026-06-21 02:00:00,60.0,76.6,0.0,7.2
2026-06-21 03:00:00,56.4,87.2,0.0,1.8
2026-06-21 04:00:00,53.9,79.0,0.0,12.3
2026-06-21 05:00:00,61.0,74.9,0.0,8.5
2026-06-21 06:00:00,64.8,77.0,0.0,4.3
2026-06-21 07:00:00,65.2,76.8,0.0,2.6
2026-06-21 08:00:00,70.4,69.9,0.0,8.8
2026-06-21 09:00:00,72.4,82.6,0.0,2.9
2026-06-21 10:00:00,75.7,69.5,0.0,8.4
2026-06-21 11:00:00,84.3,66.7,0.0,9.2
2026-06-21 12:00:00,86.1,63.1,0.0,4.1
2026-06-21 13:00:00,88.9,65.8,0.0,3.8
2026-06-21 14:00:00,93.1,67.5,0.0,4.6
2026-06-21 15:00:00,87.3,72.8,0.0,3.0
2026-06-21 16:00:00,88.0,60.3,0.0,6.7
2026-06-21 17:00:00,88.1,69.5,0.0,7.1
2026-06-21 18:00:00,83.7,69.2,0.0,8.2
2026-06-21 19:00:00,83.7,71.3,0.0,3.5
2026-06-21 20:00:00,77.3,69.5,0.0,8.5
2026-06-21 21:00:00,71.1,72.5,0.0,3.0
2026-06-21 22:00:00,69.5,78.9,0.0,8.5
2026-06-21 23:00:00,65.8,81.1,0.0,1.5
2026-06-22 00:00:00,64.5,84.9,0.0,10.7
2026-06-22 01:00:00,60.5,80.2,0.0,4.4
2026-06-22 02:00:00,59.0,79.5,0.0,7.8
2026-06-22 03:00:00,58.1,68.2,0.0,8.0
2026-06-22 04:00:00,57.4,72.9,0.0,2.2
2026-06-22 05:00:00,57.7,78.8,0.0,8.5
2026-06-22 06:00:00,62.8,72.4,0.0,4.3
2026-06-22 07:00:00,64.7,81.0,0.0,5.1
2026-06-22 08:00:00,73.7,65.4,0.0,4.0
2026-06-22 09:00:00,77.1,67.6,0.0,10.8
2026-06-22 10:00:00,79.5,66.5,0.0,2.5
2026-06-22 11:00:00,82.8,73.0,0.0,7.3
2026-06-22 12:00:00,85.1,62.7,0.0,4.1
2026-06-22 13:00:00,84.7,68.2,0.0,9.3
2026-06-22 14:00:00,89.0,64.5,0.0,13.0
2026-06-22 15:00:00,90.3,67.3,0.0,4.1
2026-06-22 16:00:00,90.1,67.2,0.0,6.4
2026-06-22 17:00:00,89.1,63.4,0.0,4.8
2026-06-22 18:00:00,87.6,55.8,0.0,9.1
2026-06-22 19:00:00,80.2,67.3,0.0,5.3
2026-06-22 20:00:00,76.2,70.5,0.0,8.7
2026-06-22 21:00:00,77.3,71.4,0.0,4.8
2026-06-22 22:00:00,71.4,69.6,0.0,12.7
2026-06-22 23:00:00,64.5,82.7,0.0,0.0
2026-06-23 00:00:00,61.9,78.5,0.0,7.1
2026-06-23 01:00:00,59.3,75.3,0.0,6.0
2026-06-23 02:00:00,58.0,78.3,0.0,5.9
2026-06-23 03:00:00,58.6,89.9,0.0,6.9
2026-06-23 04:00:00,64.3,80.5,0.0,6.2
2026-06-23 05:00:00,60.1,84.7,0.0,6.7
2026-06-23 06:00:00,63.9,72.2,0.0,7.2
2026-06-23 07:00:00,61.4,75.3,0.0,11.2
2026-06-23 08:00:00,68.4,71.5,0.0,0.0
2026-06-23 09:00:00,76.9,71.1,0.0,11.5
2026-06-23 10:00:00,79.1,68.1,0.0,13.7
2026-06-23 11:00:00,71.1,71.0,0.0,0.7
2026-06-23 12:00:00,87.1,62.8,0.0,6.1
2026-06-23 13:00:00,92.8,57.5,0.0,10.1
2026-06-23 14:00:00,84.7,65.0,0.0,8.8
2026-06-23 15:00:00,94.0,66.3,0.0,11.0
2026-06-23 16:00:00,82.7,59.4,0.0,7.1
2026-06-23 17:00:00,90.4,64.5,0.0,0.0
2026-06-23 18:00:00,85.4,72.4,0.0,9.9
2026-06-23 19:00:00,76.1,69.7,0.0,7.9
2026-06-23 20:00:00,79.2,66.3,0.0,10.4
2026-06-23 21:00:00,76.7,74.9,0.0,1.4
2026-06-23 22:00:00,70.5,68.8,0.0,2.4
2026-06-23 23:00:00,67.1,75.5,0.0,6.0
2026-06-24 00:00:00,61.3,73.6,0.0,10.0
2026-06-24 01:00:00,55.0,72.9,0.0,10.8
2026-06-24 02:00:00,59.8,78.9,0.0,3.8
2026-06-24 03:00:00,61.8,72.2,0.0,4.8
2026-06-24 04:00:00,60.9,79.0,0.0,14.6
2026-06-24 05:00:00,54.7,88.0,0.0,4.3
2026-06-24 06:00:00,58.5,89.6,0.0,8.0
2026-06-24 07:00:00,63.6,78.0,0.0,4.6
2026-06-24 08:00:00,65.7,81.5,0.0,7.4
2026-06-24 09:00:00,74.0,73.8,0.0,3.4
2026-06-24 10:00:00,79.2,67.0,0.0,3.5
2026-06-24 11:00:00,78.6,59.7,0.0,4.9
2026-06-24 12:00:00,87.5,72.5,0.0,4.4
2026-06-24 13:00:00,89.7,57.9,0.0,5.1
2026-06-24 14:00:00,88.5,70.8,0.0,7.6
2026-06-24 15:00:00,90.0,65.7,0.0,11.7
2026-06-24 16:00:00,85.0,60.9,0.0,4.2
2026-06-24 17:00:00,87.4,66.0,0.0,3.0
2026-06-24 18:00:00,85.6,76.1,0.0,6.0
2026-06-24 19:00:00,82.6,74.8,0.0,3.4
2026-06-24 20:00:00,79.1,66.4,0.0,1.1
2026-06-24 21:00:00,74.5,67.9,0.0,9.2
2026-06-24 22:00:00,69.0,75.0,0.0,6.2
2026-06-24 23:00:00,66.4,75.1,0.0,6.5
2026-06-25 00:00:00,64.9,82.8,0.0,0.2
2026-06-25 01:00:00,59.5,83.5,0.0,4.2
2026-06-25 02:00:00,58.9,71.6,0.0,1.8
2026-06-25 03:00:00,57.1,83.4,0.0,5.9
2026-06-25 04:00:00,56.5,80.5,0.0,6.4
2026-06-25 05:00:00,61.1,79.1,0.0,6.4
2026-06-25 06:00:00,61.0,80.2,0.0,4.0
2026-06-25 07:00:00,66.8,81.8,0.0,3.4
2026-06-25 08:00:00,69.8,79.0,0.0,5.4
2026-06-25 09:00:00,73.3,68.4,0.0,7.1
2026-06-25 10:00:00,77.5,69.6,0.0,4.3
2026-06-25 11:00:00,81.0,65.7,0.0,3.2
2026-06-25 12:00:00,81.6,59.2,0.0,3.3
2026-06-25 13:00:00,89.3,62.8,0.0,4.0
2026-06-25 14:00:00,90.6,71.9,0.0,4.6
2026-06-25 15:00:00,92.7,53.0,0.0,2.7
2026-06-25 16:00:00,88.6,63.6,0.0,4.7
2026-06-25 17:00:00,93.1,61.0,0.0,9.7
2026-06-25 18:00:00,84.8,67.3,0.0,5.1
2026-06-25 19:00:00,80.1,63.6,0.0,2.3
2026-06-25 20:00:00,75.8,63.7,0.0,0.0
2026-06-25 21:00:00,69.7,67.3,0.0,11.5
2026-06-25 22:00:00,73.6,78.7,0.0,9.4
2026-06-25 23:00:00,69.2,69.5,0.0,6.9
2026-06-26 00:00:00,64.0,74.8,0.0,9.5
2026-06-26 01:00:00,57.6,91.3,0.0,7.6
2026-06-26 02:00:00,62.7,74.3,0.0,5.8
2026-06-26 03:00:00,56.7,83.0,0.0,2.3
2026-06-26 04:00:00,57.5,86.2,0.0,11.7
2026-06-26 05:00:00,63.4,82.7,0.0,4.7
2026-06-26 06:00:00,64.1,70.6,0.0,4.9
2026-06-26 07:00:00,71.4,69.7,0.0,6.1
2026-06-26 08:00:00,70.5,75.2,0.0,6.2
2026-06-26 09:00:00,73.2,81.9,0.0,7.7
2026-06-26 10:00:00,76.9,66.4,0.0,7.4
2026-06-26 11:00:00,77.8,67.2,0.0,4.3
2026-06-26 12:00:00,85.1,67.8,0.0,6.1
2026-06-26 13:00:00,91.3,65.4,0.0,7.6
2026-06-26 14:00:00,91.6,65.5,0.0,4.0
2026-06-26 15:00:00,90.7,58.4,0.0,10.3
2026-06-26 16:00:00,87.6,61.6,0.0,5.9
2026-06-26 17:00:00,89.0,64.6,0.0,10.8
2026-06-26 18:00:00,88.4,70.2,0.0,1.8
2026-06-26 19:00:00,83.5,65.4,0.0,8.0
2026-06-26 20:00:00,78.8,69.0,0.0,3.3
2026-06-26 21:00:00,72.2,67.7,0.0,4.1
2026-06-26 22:00:00,72.0,82.2,0.0,8.7
2026-06-26 23:00:00,58.1,81.3,0.0,5.3
2026-06-27 00:00:00,63.5,83.0,0.0,13.8
2026-06-27 01:00:00,66.3,76.2,0.0,7.6
2026-06-27 02:00:00,54.5,83.0,0.0,3.9
2026-06-27 03:00:00,57.1,73.6,0.0,7.6
2026-06-27 04:00:00,58.2,69.7,0.0,5.3
2026-06-27 05:00:00,58.7,86.5,0.0,8.5
2026-06-27 06:00:00,65.1,77.1,0.0,5.1
2026-06-27 07:00:00,67.1,76.6,0.0,7.2
2026-06-27 08:00:00,70.3,67.6,0.0,6.6
2026-06-27 09:00:00,76.2,66.1,0.0,6.2
2026-06-27 10:00:00,78.6,74.6,0.0,9.1
2026-06-27 11:00:00,90.5,71.4,0.0,0.6
2026-06-27 12:00:00,86.3,61.9,0.0,6.3
2026-06-27 13:00:00,89.1,66.9,0.0,3.9
2026-06-27 14:00:00,86.0,66.2,0.0,2.0
2026-06-27 15:00:00,89.5,62.7,0.0,3.5
2026-06-27 16:00:00,93.1,70.5,0.0,4.1
2026-06-27 17:00:00,85.3,63.3,0.0,5.3
2026-06-27 18:00:00,80.6,74.4,0.0,7.0
2026-06-27 19:00:00,82.6,69.0,0.0,7.6
2026-06-27 20:00:00,82.0,67.3,0.0,4.8
2026-06-27 21:00:00,74.4,78.5,0.0,10.8
2026-06-27 22:00:00,69.1,75.9,0.0,4.9
2026-06-27 23:00:00,61.3,78.3,0.0,0.2
2026-06-28 00:00:00,63.7,84.3,0.0,5.0
2026-06-28 01:00:00,61.6,84.9,0.0,6.1
2026-06-28 02:00:00,53.9,88.9,0.0,0.0
2026-06-28 03:00:00,60.6,59.7,0.0,9.6
2026-06-28 04:00:00,60.2,81.6,0.0,5.7
2026-06-28 05:00:00,62.8,79.0,0.0,2.5
2026-06-28 06:00:00,64.1,77.1,0.0,3.1
2026-06-28 07:00:00,67.7,78.3,0.0,8.3
2026-06-28 08:00:00,71.4,74.6,0.0,8.7
2026-06-28 09:00:00,76.5,73.8,0.0,4.1
2026-06-28 10:00:00,74.1,70.4,0.0,1.9
2026-06-28 11:00:00,78.9,76.6,0.0,6.4
2026-06-28 12:00:00,84.2,70.1,0.0,6.9
2026-06-28 13:00:00,88.4,66.6,0.0,7.7
2026-06-28 14:00:00,91.4,64.7,0.0,4.3
2026-06-28 15:00:00,91.8,67.8,0.0,5.6
2026-06-28 16:00:00,93.2,66.4,0.0,6.1
2026-06-28 17:00:00,91.6,61.6,0.0,8.9
2026-06-28 18:00:00,83.9,71.3,0.0,10.0
2026-06-28 19:00:00,83.2,67.6,0.0,10.8
2026-06-28 20:00:00,76.5,80.0,0.0,9.9
2026-06-28 21:00:00,73.9,77.4,0.0,11.4
2026-06-28 22:00:00,70.9,70.4,0.0,9.0
2026-06-28 23:00:00,57.5,92.5,0.0,4.2
2026-06-29 00:00:00,68.7,64.2,0.0,10.6
2026-06-29 01:00:00,61.5,81.9,0.0,1.9
2026-06-29 02:00:00,56.9,77.7,0.0,13.1
2026-06-29 03:00:00,62.6,87.5,0.0,3.1
2026-06-29 04:00:00,57.5,82.1,0.0,8.7
2026-06-29 05:00:00,60.4,75.3,0.0,10.3
2026-06-29 06:00:00,61.5,77.4,0.0,7.4
2026-06-29 07:00:00,70.3,70.3,0.0,0.0
2026-06-29 08:00:00,69.9,72.5,0.116,3.2
2026-06-29 09:00:00,74.8,69.7,0.0,7.1
2026-06-29 10:00:00,81.8,63.8,0.0,7.9
2026-06-29 11:00:00,84.2,67.5,0.0,5.5
2026-06-29 12:00:00,86.1,67.1,0.0,6.2
2026-06-29 13:00:00,91.6,57.1,0.0,1.6
2026-06-29 14:00:00,96.9,50.9,0.0,11.3
2026-06-29 15:00:00,91.9,63.5,0.0,4.9
2026-06-29 16:00:00,90.8,65.2,0.0,8.4
2026-06-29 17:00:00,89.3,67.0,0.0,10.2
2026-06-29 18:00:00,89.5,66.0,0.0,2.5
2026-06-29 19:00:00,81.3,75.7,0.0,6.4
2026-06-29 20:00:00,78.1,74.6,0.0,6.8
2026-06-29 21:00:00,70.6,87.1,0.0,5.2
2026-06-29 22:00:00,67.2,91.1,0.0,8.8
2026-06-29 23:00:00,64.8,68.1,0.0,4.0
2026-06-30 00:00:00,62.6,67.1,0.0,6.2
2026-06-30 01:00:00,64.5,77.0,0.0,4.9
2026-06-30 02:00:00,59.8,82.1,0.0,13.0
2026-06-30 03:00:00,55.6,81.5,0.0,4.0
2026-06-30 04:00:00,56.6,84.9,0.0,8.2
2026-06-30 05:00:00,63.5,76.2,0.0,11.4
2026-06-30 06:00:00,65.6,73.0,0.0,3.2
2026-06-30 07:00:00,66.3,73.3,0.0,6.3
2026-06-30 08:00:00,69.1,73.5,0.0,3.0
2026-06-30 09:00:00,77.3,74.2,0.0,0.0
2026-06-30 10:00:00,76.4,68.1,0.0,3.6
2026-06-30 11:00:00,83.9,64.9,0.0,4.3
2026-06-30 12:00:00,92.0,64.7,0.0,4.5
2026-06-30 13:00:00,89.5,62.3,0.0,5.1
2026-06-30 14:00:00,88.7,69.3,0.0,6.0
2026-06-30 15:00:00,92.2,57.2,0.0,2.4
2026-06-30 16:00:00,89.5,57.6,0.0,7.1
2026-06-30 17:00:00,85.5,67.0,0.0,9.6
2026-06-30 18:00:00,88.1,66.1,0.0,10.0
2026-06-30 19:00:00,85.7,61.1,0.0,5.2
2026-06-30 20:00:00,78.1,76.3,0.0,8.7
2026-06-30 21:00:00,73.6,81.6,0.0,4.0
2026-06-30 22:00:00,67.8,72.1,0.0,5.0
2026-06-30 23:00:00,65.8,83.7,0.0,7.2
2026-07-01 00:00:00,61.4,66.8,0.0,5.0
2026-07-01 01:00:00,57.6,86.2,0.0,2.2
2026-07-01 02:00:00,63.2,73.4,0.0,8.5
2026-07-01 03:00:00,59.1,84.9,0.0,3.5
2026-07-01 04:00:00,59.9,74.7,0.0,4.4
2026-07-01 05:00:00,62.4,77.9,0.0,9.2
2026-07-01 06:00:00,64.7,72.8,0.0,7.6
2026-07-01 07:00:00,65.2,75.5,0.0,6.5
2026-07-01 08:00:00,71.0,82.6,0.0,1.6
2026-07-01 09:00:00,74.0,71.3,0.0,2.5
2026-07-01 10:00:00,80.0,79.0,0.0,7.2
2026-07-01 11:00:00,83.8,64.5,0.0,7.9
2026-07-01 12:00:00,85.5,72.9,0.0,6.8
2026-07-01 13:00:00,85.8,57.2,0.0,4.6
2026-07-01 14:00:00,91.1,61.0,0.0,4.5
2026-07-01 15:00:00,90.8,59.9,0.0,6.6
2026-07-01 16:00:00,86.0,72.9,0.0,2.2
2026-07-01 17:00:00,90.4,63.7,0.0,6.3
2026-07-01 18:00:00,88.8,53.2,0.0,1.8
2026-07-01 19:00:00,89.3,56.8,0.0,2.8
2026-07-01 20:00:00,78.0,64.6,0.0,6.5
2026-07-01 21:00:00,73.3,76.9,0.0,7.7
2026-07-01 22:00:00,67.5,79.4,0.0,7.0
2026-07-01 23:00:00,66.8,74.3,0.0,2.7
2026-07-02 00:00:00,63.4,74.9,0.0,0.4
2026-07-02 01:00:00,58.2,84.1,0.0,6.0
2026-07-02 02:00:00,58.1,74.9,0.0,0.3
2026-07-02 03:00:00,53.0,85.6,0.0,8.8
2026-07-02 04:00:00,60.9,80.9,0.0,2.8
2026-07-02 05:00:00,58.3,79.1,0.0,12.7
2026-07-02 06:00:00,62.8,80.0,0.0,3.1
2026-07-02 07:00:00,62.8,78.5,0.0,7.4
2026-07-02 08:00:00,68.9,77.1,0.0,3.8
2026-07-02 09:00:00,74.0,65.1,0.0,5.5
2026-07-02 10:00:00,79.0,72.1,0.0,6.6
2026-07-02 11:00:00,84.3,71.3,0.0,8.6
2026-07-02 12:00:00,90.1,64.5,0.0,9.1
2026-07-02 13:00:00,91.0,65.4,0.0,8.2
2026-07-02 14:00:00,93.3,60.7,0.0,9.1
2026-07-02 15:00:00,95.0,64.7,0.0,4.2
2026-07-02 16:00:00,92.3,62.1,0.0,7.9
2026-07-02 17:00:00,89.1,57.8,0.0,5.0
2026-07-02 18:00:00,89.1,67.6,0.0,9.0
2026-07-02 19:00:00,85.8,57.2,0.0,6.3
2026-07-02 20:00:00,80.7,69.6,0.0,7.9
2026-07-02 21:00:00,71.1,71.5,0.0,6.9
2026-07-02 22:00:00,68.3,72.7,0.0,8.3
2026-07-02 23:00:00,65.7,77.2,0.0,3.6
2026-07-03 00:00:00,64.9,73.3,0.0,1.3
2026-07-03 01:00:00,60.2,81.9,0.0,9.0
2026-07-03 02:00:00,61.4,79.0,0.0,10.0
2026-07-03 03:00:00,61.3,75.7,0.0,5.7
2026-07-03 04:00:00,61.6,85.3,0.0,8.4
2026-07-03 05:00:00,63.3,78.7,0.0,1.1
2026-07-03 06:00:00,60.3,82.5,0.0,4.1
2026-07-03 07:00:00,67.6,82.4,0.0,6.2
2026-07-03 08:00:00,68.9,81.6,0.0,0.8
2026-07-03 09:00:00,70.7,76.5,0.0,1.4
2026-07-03 10:00:00,78.4,67.9,0.0,6.5
2026-07-03 11:00:00,86.5,57.8,0.0,4.2
2026-07-03 12:00:00,87.8,65.3,0.0,5.0
2026-07-03 13:00:00,94.3,66.1,0.0,4.8
2026-07-03 14:00:00,91.4,64.0,0.0,2.1
2026-07-03 15:00:00,97.7,41.6,0.0,5.3
2026-07-03 16:00:00,91.4,66.6,0.0,6.0
2026-07-03 17:00:00,89.4,68.0,0.0,4.3
2026-07-03 18:00:00,83.4,65.1,0.0,4.5
2026-07-03 19:00:00,85.9,70.2,0.0,5.4
2026-07-03 20:00:00,77.9,72.8,0.0,8.5
2026-07-03 21:00:00,73.2,68.8,0.0,5.7
2026-07-03 22:00:00,73.7,78.3,0.0,0.2
2026-07-03 23:00:00,69.3,68.0,0.0,2.4
2026-07-04 00:00:00,65.8,76.0,0.0,8.8
2026-07-04 01:00:00,59.4,79.0,0.0,3.9
2026-07-04 02:00:00,58.5,76.2,0.0,5.7
2026-07-04 03:00:00,57.9,82.2,0.0,11.8
2026-07-04 04:00:00,60.6,85.7,0.0,7.9
2026-07-04 05:00:00,64.2,83.4,0.0,0.0
2026-07-04 06:00:00,63.9,81.0,0.0,10.3
2026-07-04 07:00:00,71.4,64.7,0.0,6.4
2026-07-04 08:00:00,72.8,65.8,0.0,7.1
2026-07-04 09:00:00,74.3,72.5,0.0,6.9
2026-07-04 10:00:00,81.3,67.6,0.0,8.7
2026-07-04 11:00:00,87.5,61.9,0.0,5.8
2026-07-04 12:00:00,91.7,71.6,0.0,1.6
2026-07-04 13:00:00,92.4,62.2,0.0,7.0
2026-07-04 14:00:00,91.1,65.1,0.0,1.9
2026-07-04 15:00:00,91.1,67.3,0.0,11.4
2026-07-04 16:00:00,92.5,61.9,0.0,4.9
2026-07-04 17:00:00,93.6,74.0,0.0,5.8
2026-07-04 18:00:00,87.8,59.5,0.0,4.0
2026-07-04 19:00:00,84.4,63.1,0.0,7.0
2026-07-04 20:00:00,79.3,64.2,0.0,7.4
2026-07-04 21:00:00,74.0,79.6,0.0,4.0
2026-07-04 22:00:00,70.1,77.9,0.0,7.4
2026-07-04 23:00:00,66.8,73.0,0.0,6.2
2026-07-05 00:00:00,67.3,71.1,0.0,5.7
2026-07-05 01:00:00,59.8,86.5,0.0,3.7
2026-07-05 02:00:00,58.8,82.0,0.0,12.9
2026-07-05 03:00:00,56.0,88.8,0.0,9.5
2026-07-05 04:00:00,60.5,78.9,0.0,8.2
2026-07-05 05:00:00,63.8,80.0,0.0,9.4
2026-07-05 06:00:00,67.1,77.1,0.0,6.9
2026-07-05 07:00:00,67.0,72.5,0.0,5.0
2026-07-05 08:00:00,72.0,72.2,0.0,0.0
2026-07-05 09:00:00,74.5,65.6,0.0,2.3
2026-07-05 10:00:00,80.6,70.6,0.0,12.5
2026-07-05 11:00:00,84.1,70.0,0.0,9.5
2026-07-05 12:00:00,87.0,69.6,0.0,6.6
2026-07-05 13:00:00,89.8,66.4,0.0,1.3
2026-07-05 14:00:00,92.3,61.1,0.0,7.9
2026-07-05 15:00:00,91.0,70.2,0.0,5.2
2026-07-05 16:00:00,90.6,67.2,0.0,8.1
2026-07-05 17:00:00,93.8,67.9,0.0,2.7
2026-07-05 18:00:00,93.6,68.3,0.0,4.5
2026-07-05 19:00:00,80.3,67.7,0.0,8.7
2026-07-05 20:00:00,76.1,72.6,0.0,11.8
2026-07-05 21:00:00,72.5,76.5,0.0,4.0
2026-07-05 22:00:00,70.3,68.1,0.0,3.0
2026-07-05 23:00:00,68.8,69.0,0.0,9.1
2026-07-06 00:00:00,64.6,70.5,0.0,2.2
2026-07-06 01:00:00,60.9,78.5,0.0,2.4
2026-07-06 02:00:00,60.1,77.8,0.0,6.8
2026-07-06 03:00:00,56.4,74.3,0.0,12.3
2026-07-06 04:00:00,58.1,81.3,0.0,3.5
2026-07-06 05:00:00,60.4,78.8,0.0,4.9
2026-07-06 06:00:00,59.1,85.9,0.0,6.3
2026-07-06 07:00:00,63.7,87.5,0.0,4.6
2026-07-06 08:00:00,67.8,77.5,0.0,0.7
2026-07-06 09:00:00,76.9,66.7,0.0,8.4
2026-07-06 10:00:00,80.0,71.8,0.0,6.6
2026-07-06 11:00:00,84.9,65.8,0.0,7.1
2026-07-06 12:00:00,82.3,66.0,0.0,5.6
2026-07-06 13:00:00,85.9,61.0,0.0,10.5
2026-07-06 14:00:00,92.9,59.1,0.0,4.5
2026-07-06 15:00:00,84.9,64.9,0.0,2.8
2026-07-06 16:00:00,94.3,64.6,0.0,11.0
2026-07-06 17:00:00,85.0,68.3,0.0,0.0
2026-07-06 18:00:00,89.0,72.7,0.0,5.5
2026-07-06 19:00:00,81.2,71.2,0.0,5.8
2026-07-06 20:00:00,82.0,69.5,0.0,5.7
2026-07-06 21:00:00,83.0,65.3,0.0,1.3
2026-07-06 22:00:00,65.0,71.6,0.0,2.4
2026-07-06 23:00:00,68.3,72.1,0.0,8.9
2026-07-07 00:00:00,58.6,76.8,0.0,10.2
2026-07-07 01:00:00,61.5,65.8,0.0,4.7
2026-07-07 02:00:00,58.3,75.4,0.0,3.2
2026-07-07 03:00:00,58.5,88.3,0.0,0.6
2026-07-07 04:00:00,56.5,83.3,0.0,8.8
2026-07-07 05:00:00,62.4,76.3,0.0,9.0
2026-07-07 06:00:00,59.5,81.8,0.0,0.0
2026-07-07 07:00:00,69.7,64.4,0.0,0.0
2026-07-07 08:00:00,69.7,75.6,0.0,6.4
2026-07-07 09:00:00,71.6,79.5,0.0,6.8
2026-07-07 10:00:00,83.4,66.0,0.0,4.6
2026-07-07 11:00:00,83.3,57.8,0.0,5.9
2026-07-07 12:00:00,91.7,60.0,0.0,5.3
2026-07-07 13:00:00,92.7,67.9,0.0,6.1
2026-07-07 14:00:00,89.3,64.7,0.0,3.3
2026-07-07 15:00:00,91.7,55.0,0.0,6.0
2026-07-07 16:00:00,91.6,73.9,0.0,4.0
2026-07-07 17:00:00,93.5,54.8,0.0,3.7
2026-07-07 18:00:00,88.1,62.8,0.0,0.4
2026-07-07 19:00:00,83.9,61.2,0.0,5.5
2026-07-07 20:00:00,78.9,63.9,0.0,8.4
2026-07-07 21:00:00,74.9,69.0,0.0,5.0
2026-07-07 22:00:00,74.0,75.0,0.0,4.9
2026-07-07 23:00:00,66.6,82.3,0.0,9.8
2026-07-08 00:00:00,62.2,76.4,0.0,9.1
2026-07-08 01:00:00,59.1,74.9,0.0,11.2
2026-07-08 02:00:00,57.4,83.3,0.0,12.8
2026-07-08 03:00:00,54.7,84.9,0.0,6.2
2026-07-08 04:00:00,57.0,82.4,0.0,2.5
2026-07-08 05:00:00,64.3,78.5,0.0,4.4
2026-07-08 06:00:00,62.7,77.5,0.0,7.7
2026-07-08 07:00:00,68.4,75.3,0.0,10.3
2026-07-08 08:00:00,64.6,76.1,0.0,2.9
2026-07-08 09:00:00,76.5,75.8,0.0,6.8
2026-07-08 10:00:00,79.1,80.1,0.0,3.6
2026-07-08 11:00:00,82.4,68.1,0.0,5.6
2026-07-08 12:00:00,87.5,64.3,0.0,5.5
2026-07-08 13:00:00,88.5,65.1,0.0,7.1
2026-07-08 14:00:00,86.1,61.9,0.0,12.1
2026-07-08 15:00:00,94.3,64.5,0.0,7.4
2026-07-08 16:00:00,92.0,64.1,0.0,4.7
2026-07-08 17:00:00,88.9,61.5,0.0,4.2
2026-07-08 18:00:00,84.6,70.5,0.0,5.4
2026-07-08 19:00:00,79.9,68.7,0.0,3.4
2026-07-08 20:00:00,80.0,63.6,0.0,6.4
2026-07-08 21:00:00,79.2,70.7,0.0,0.0
2026-07-08 22:00:00,71.3,74.5,0.0,5.4
2026-07-08 23:00:00,63.2,82.5,0.0,5.6
2026-07-09 00:00:00,63.8,81.6,0.0,2.5
2026-07-09 01:00:00,60.4,78.7,0.0,4.9
2026-07-09 02:00:00,61.0,76.6,0.0,9.4
2026-07-09 03:00:00,59.8,79.6,0.0,9.6
2026-07-09 04:00:00,51.4,86.0,0.0,4.4
2026-07-09 05:00:00,61.9,80.9,0.0,7.6
2026-07-09 06:00:00,60.7,80.6,0.0,1.5
2026-07-09 07:00:00,63.2,77.3,0.0,5.1
2026-07-09 08:00:00,70.3,78.8,0.0,6.7
2026-07-09 09:00:00,76.2,67.2,0.0,10.6
2026-07-09 10:00:00,75.4,83.4,0.0,9.6
2026-07-09 11:00:00,85.4,69.4,0.0,6.6
2026-07-09 12:00:00,89.0,57.9,0.0,3.3
2026-07-09 13:00:00,89.9,64.0,0.0,10.1
2026-07-09 14:00:00,89.3,67.2,0.0,5.0
2026-07-09 15:00:00,89.6,61.5,0.0,7.3
2026-07-09 16:00:00,94.1,53.3,0.0,5.6
2026-07-09 17:00:00,86.0,60.0,0.0,12.0
2026-07-09 18:00:00,89.8,65.8,0.0,4.2
2026-07-09 19:00:00,83.2,58.0,0.0,8.7
2026-07-09 20:00:00,79.3,61.6,0.0,5.7
2026-07-09 21:00:00,70.9,76.2,0.0,7.7
2026-07-09 22:00:00,70.4,72.6,0.0,10.9
2026-07-09 23:00:00,68.3,71.5,0.0,0.0
2026-07-10 00:00:00,59.9,77.1,0.0,5.8
2026-07-10 01:00:00,61.8,71.1,0.0,3.3
2026-07-10 02:00:00,59.1,82.4,0.0,7.3
2026-07-10 03:00:00,56.7,77.3,0.0,8.1
2026-07-10 04:00:00,61.0,76.3,0.0,4.6
2026-07-10 05:00:00,55.1,83.9,0.0,4.4
2026-07-10 06:00:00,64.1,75.9,0.0,6.6
2026-07-10 07:00:00,70.8,70.0,0.0,2.2
2026-07-10 08:00:00,74.5,61.6,0.0,7.0
2026-07-10 09:00:00,76.2,72.4,0.0,3.5
2026-07-10 10:00:00,78.8,69.5,0.0,8.2
2026-07-10 11:00:00,82.1,64.8,0.0,2.0
2026-07-10 12:00:00,86.4,59.8,0.0,4.3
2026-07-10 13:00:00,91.2,62.4,0.0,3.7
2026-07-10 14:00:00,89.5,65.7,0.0,5.1
2026-07-10 15:00:00,94.0,61.3,0.0,10.1
2026-07-10 16:00:00,96.9,67.4,0.0,8.5
2026-07-10 17:00:00,89.7,66.7,0.0,4.6
2026-07-10 18:00:00,83.8,65.9,0.0,4.6
2026-07-10 19:00:00,80.3,72.0,0.0,8.7
2026-07-10 20:00:00,81.5,67.9,0.0,2.5
2026-07-10 21:00:00,75.1,71.4,0.0,6.1
2026-07-10 22:00:00,73.0,78.8,0.0,4.2
2026-07-10 23:00:00,65.4,72.0,0.0,5.5
2026-07-11 00:00:00,65.4,76.7,0.0,8.4
2026-07-11 01:00:00,60.2,85.3,0.0,4.0
2026-07-11 02:00:00,57.1,82.6,0.0,8.9
2026-07-11 03:00:00,57.3,79.1,0.0,12.6
2026-07-11 04:00:00,55.9,73.2,0.0,7.8
2026-07-11 05:00:00,65.6,65.1,0.0,5.7
2026-07-11 06:00:00,63.1,88.2,0.0,9.5
2026-07-11 07:00:00,68.4,76.4,0.0,2.7
2026-07-11 08:00:00,69.6,71.3,0.0,10.6
2026-07-11 09:00:00,72.6,74.3,0.0,3.7
2026-07-11 10:00:00,79.1,64.3,0.0,12.5
2026-07-11 11:00:00,86.5,63.3,0.0,3.8
2026-07-11 12:00:00,85.9,60.5,0.0,8.0
2026-07-11 13:00:00,87.8,57.2,0.0,1.3
2026-07-11 14:00:00,92.0,51.4,0.0,5.4
2026-07-11 15:00:00,93.4,53.1,0.0,2.8
2026-07-11 16:00:00,95.7,65.0,0.0,1.7
2026-07-11 17:00:00,90.8,57.6,0.0,9.6
2026-07-11 18:00:00,88.8,66.3,0.0,2.3
2026-07-11 19:00:00,85.5,70.2,0.0,3.8
2026-07-11 20:00:00,76.8,70.4,0.0,3.4
2026-07-11 21:00:00,72.9,70.9,0.0,9.4
2026-07-11 22:00:00,68.2,75.7,0.0,9.1
2026-07-11 23:00:00,63.5,75.5,0.0,9.8
2026-07-12 00:00:00,65.3,82.6,0.0,3.6
2026-07-12 01:00:00,61.4,88.1,0.0,10.0
2026-07-12 02:00:00,59.2,87.2,0.0,3.6
2026-07-12 03:00:00,51.9,73.2,0.0,3.7
2026-07-12 04:00:00,64.1,75.1,0.0,3.9
2026-07-12 05:00:00,58.4,80.4,0.0,4.0
2026-07-12 06:00:00,68.5,77.2,0.0,5.7
2026-07-12 07:00:00,63.2,69.1,0.0,3.5
2026-07-12 08:00:00,68.9,65.9,0.0,6.7
2026-07-12 09:00:00,69.8,80.6,0.0,0.0
2026-07-12 10:00:00,80.6,65.4,0.0,6.7
2026-07-12 11:00:00,81.0,60.5,0.0,2.7
2026-07-12 12:00:00,84.6,60.4,0.0,4.0
2026-07-12 13:00:00,86.6,66.8,0.0,4.1
2026-07-12 14:00:00,93.6,56.9,0.0,8.8
2026-07-12 15:00:00,94.0,62.0,0.0,7.5
2026-07-12 16:00:00,96.2,54.7,0.0,5.5
2026-07-12 17:00:00,88.3,55.2,0.0,3.9
2026-07-12 18:00:00,87.8,71.3,0.0,8.3
2026-07-12 19:00:00,80.6,70.2,0.0,11.4
2026-07-12 20:00:00,78.9,67.5,0.0,5.9
2026-07-12 21:00:00,74.0,69.2,0.0,1.2
2026-07-12 22:00:00,72.1,80.2,0.0,3.9
2026-07-12 23:00:00,69.4,77.3,0.0,7.7
2026-07-13 00:00:00,65.8,82.0,0.0,4.7
2026-07-13 01:00:00,58.6,77.4,0.0,3.4
2026-07-13 02:00:00,61.5,78.9,0.0,3.3
2026-07-13 03:00:00,58.3,82.4,0.0,6.3
2026-07-13 04:00:00,58.2,77.8,0.0,1.4
2026-07-13 05:00:00,58.9,79.6,0.0,5.9
2026-07-13 06:00:00,62.0,75.5,0.0,6.3
2026-07-13 07:00:00,71.2,75.3,0.0,4.7
2026-07-13 08:00:00,71.7,66.4,0.0,2.9
2026-07-13 09:00:00,75.8,73.7,0.0,9.1
2026-07-13 10:00:00,79.1,70.6,0.0,2.0
2026-07-13 11:00:00,89.9,62.0,0.0,6.5
2026-07-13 12:00:00,90.6,64.9,0.0,8.2
2026-07-13 13:00:00,88.2,62.2,0.0,6.5
2026-07-13 14:00:00,91.0,59.1,0.0,9.7
2026-07-13 15:00:00,91.8,64.7,0.0,2.6
2026-07-13 16:00:00,92.1,64.8,0.0,3.6
2026-07-13 17:00:00,88.3,61.4,0.0,4.6
2026-07-13 18:00:00,88.4,60.9,0.0,15.9
2026-07-13 19:00:00,87.5,63.5,0.0,7.5
2026-07-13 20:00:00,76.5,67.7,0.0,8.1
2026-07-13 21:00:00,72.5,80.2,0.0,8.0
2026-07-13 22:00:00,69.8,75.7,0.0,6.2
2026-07-13 23:00:00,65.8,76.4,0.0,9.1
2026-07-14 00:00:00,68.4,70.2,0.0,0.4
2026-07-14 01:00:00,63.2,81.4,0.0,6.8
2026-07-14 02:00:00,61.4,75.7,0.0,7.3
2026-07-14 03:00:00,57.8,77.5,0.0,9.1
2026-07-14 04:00:00,58.3,84.3,0.0,2.5
2026-07-14 05:00:00,57.1,83.0,0.0,2.8
2026-07-14 06:00:00,65.3,64.0,0.0,2.9
2026-07-14 07:00:00,68.1,74.2,0.0,7.6
2026-07-14 08:00:00,74.2,72.3,0.0,7.6
2026-07-14 09:00:00,74.9,69.6,0.0,3.2
2026-07-14 10:00:00,79.4,69.6,0.0,11.7
2026-07-14 11:00:00,84.3,57.1,0.0,6.9
2026-07-14 12:00:00,89.6,49.1,0.0,6.4
2026-07-14 13:00:00,86.4,60.1,0.0,5.4
2026-07-14 14:00:00,93.6,62.4,0.0,8.8
2026-07-14 15:00:00,92.3,45.6,0.0,7.2
2026-07-14 16:00:00,89.1,59.3,0.0,11.7
2026-07-14 17:00:00,84.9,56.2,0.0,2.4
2026-07-14 18:00:00,87.0,63.4,0.0,1.4
2026-07-14 19:00:00,87.5,74.2,0.0,3.8
2026-07-14 20:00:00,84.0,65.2,0.0,7.7
2026-07-14 21:00:00,76.3,70.0,0.0,4.7
2026-07-14 22:00:00,75.9,75.0,0.0,9.8
2026-07-14 23:00:00,66.8,75.9,0.0,4.8
2026-07-15 00:00:00,65.8,75.2,0.0,9.2
2026-07-15 01:00:00,59.6,84.4,0.0,3.5
2026-07-15 02:00:00,57.7,83.1,0.0,9.5
2026-07-15 03:00:00,56.8,82.7,0.0,10.1
2026-07-15 04:00:00,53.9,82.2,0.0,4.3
2026-07-15 05:00:00,63.9,75.6,0.0,7.5
2026-07-15 06:00:00,61.8,83.1,0.0,6.8
2026-07-15 07:00:00,64.9,75.1,0.0,7.6
2026-07-15 08:00:00,68.1,81.2,0.0,9.9
2026-07-15 09:00:00,74.9,66.1,0.0,8.9
2026-07-15 10:00:00,84.2,73.4,0.0,7.5
2026-07-15 11:00:00,89.1,65.8,0.0,8.0
2026-07-15 12:00:00,83.3,61.9,0.0,2.2
2026-07-15 13:00:00,89.2,66.0,0.0,5.9
2026-07-15 14:00:00,89.2,60.2,0.0,2.7
2026-07-15 15:00:00,94.9,60.5,0.0,5.9
2026-07-15 16:00:00,92.5,59.2,0.0,9.4
2026-07-15 17:00:00,88.5,63.1,0.0,6.0
2026-07-15 18:00:00,87.6,69.0,0.0,0.0
2026-07-15 19:00:00,82.7,69.6,0.0,2.9
2026-07-15 20:00:00,83.8,60.8,0.0,7.7
2026-07-15 21:00:00,76.8,64.9,0.0,4.4
2026-07-15 22:00:00,72.7,73.9,0.0,8.4
2026-07-15 23:00:00,60.3,81.1,0.0,2.4
2026-07-16 00:00:00,63.3,74.3,0.0,7.1
2026-07-16 01:00:00,65.9,84.2,0.0,7.3
2026-07-16 02:00:00,62.4,82.3,0.0,8.4
2026-07-16 03:00:00,53.8,79.8,0.0,4.0
2026-07-16 04:00:00,58.3,76.8,0.0,8.3
2026-07-16 05:00:00,57.7,79.6,0.0,10.5
2026-07-16 06:00:00,67.7,73.6,0.0,0.0
2026-07-16 07:00:00,67.6,81.6,0.0,6.2
2026-07-16 08:00:00,69.1,79.4,0.0,0.6
2026-07-16 09:00:00,75.5,71.1,0.0,3.4
2026-07-16 10:00:00,73.3,75.6,0.0,3.7
2026-07-16 11:00:00,81.2,71.9,0.0,5.8
2026-07-16 12:00:00,87.5,64.6,0.0,7.1
2026-07-16 13:00:00,92.3,63.8,0.0,8.7
2026-07-16 14:00:00,87.0,67.6,0.0,6.8
2026-07-16 15:00:00,91.5,64.6,0.0,8.0
2026-07-16 16:00:00,94.4,56.7,0.0,2.8
2026-07-16 17:00:00,86.5,61.5,0.0,9.2
2026-07-16 18:00:00,88.0,62.6,0.0,0.0
2026-07-16 19:00:00,84.1,62.7,0.0,10.6
2026-07-16 20:00:00,84.1,58.9,0.0,10.0
2026-07-16 21:00:00,74.9,74.7,0.0,8.3
2026-07-16 22:00:00,70.6,75.4,0.0,12.7
2026-07-16 23:00:00,69.1,67.8,0.0,0.6
2026-07-17 00:00:00,60.1,78.2,0.0,8.3
2026-07-17 01:00:00,60.2,78.5,0.0,6.4
2026-07-17 02:00:00,57.9,81.6,0.0,6.7
2026-07-17 03:00:00,58.1,75.1,0.0,2.5
2026-07-17 04:00:00,61.2,72.1,0.0,7.2
2026-07-17 05:00:00,62.1,80.9,0.0,7.0
2026-07-17 06:00:00,61.6,71.0,0.0,3.9
2026-07-17 07:00:00,67.3,74.3,0.0,5.8
2026-07-17 08:00:00,74.8,69.7,0.0,2.1
2026-07-17 09:00:00,73.4,71.5,0.0,4.8
2026-07-17 10:00:00,80.2,69.6,0.0,8.9
2026-07-17 11:00:00,83.5,74.6,0.0,8.9
2026-07-17 12:00:00,87.3,56.5,0.0,8.3
2026-07-17 13:00:00,86.1,69.5,0.0,8.9
2026-07-17 14:00:00,95.4,47.5,0.0,8.9
2026-07-17 15:00:00,90.5,69.7,0.0,4.1
2026-07-17 16:00:00,94.4,50.3,0.0,7.0
2026-07-17 17:00:00,88.6,75.9,0.0,9.3
2026-07-17 18:00:00,85.9,63.3,0.0,1.9
2026-07-17 19:00:00,87.0,71.1,0.0,1.8
2026-07-17 20:00:00,82.3,72.6,0.0,1.7
2026-07-17 21:00:00,76.0,68.5,0.0,0.6
2026-07-17 22:00:00,73.0,70.6,0.0,2.8
2026-07-17 23:00:00,66.2,71.9,0.0,4.4
2026-07-18 00:00:00,63.4,81.5,0.0,10.5
2026-07-18 01:00:00,59.1,77.9,0.0,4.7
2026-07-18 02:00:00,61.3,74.7,0.0,1.5
2026-07-18 03:00:00,56.8,84.0,0.0,6.5
2026-07-18 04:00:00,62.8,73.5,0.0,5.4
2026-07-18 05:00:00,60.0,77.9,0.0,3.7
2026-07-18 06:00:00,63.5,78.1,0.0,4.2
2026-07-18 07:00:00,68.9,71.4,0.0,9.2
2026-07-18 08:00:00,71.1,70.9,0.0,1.8
2026-07-18 09:00:00,74.7,79.1,0.0,1.0
2026-07-18 10:00:00,79.8,67.6,0.0,7.4
2026-07-18 11:00:00,86.2,63.3,0.0,4.2
2026-07-18 12:00:00,85.8,64.4,0.0,10.7
2026-07-18 13:00:00,89.9,65.3,0.0,5.5
2026-07-18 14:00:00,91.9,56.8,0.0,5.7
2026-07-18 15:00:00,94.6,62.6,0.0,8.4
2026-07-18 16:00:00,91.6,63.4,0.0,1.0
2026-07-18 17:00:00,94.7,51.5,0.0,7.0
2026-07-18 18:00:00,87.1,73.6,0.0,4.9
2026-07-18 19:00:00,83.4,73.9,0.0,9.1
2026-07-18 20:00:00,79.4,64.8,0.0,4.1
2026-07-18 21:00:00,72.2,67.2,0.0,6.5
2026-07-18 22:00:00,68.5,76.0,0.0,4.9
2026-07-18 23:00:00,65.7,69.3,0.0,7.2
2026-07-19 00:00:00,66.3,82.9,0.0,5.2
2026-07-19 01:00:00,60.7,76.8,0.0,6.8
2026-07-19 02:00:00,57.9,88.8,0.0,11.3
2026-07-19 03:00:00,61.6,74.5,0.0,5.1
2026-07-19 04:00:00,62.9,77.3,0.0,7.2
2026-07-19 05:00:00,63.9,83.7,0.0,12.9
2026-07-19 06:00:00,61.3,77.1,0.0,7.2
2026-07-19 07:00:00,65.8,77.7,0.0,0.0
2026-07-19 08:00:00,75.6,76.4,0.0,4.0
2026-07-19 09:00:00,76.1,67.9,0.0,2.4
2026-07-19 10:00:00,79.2,62.6,0.0,8.8
2026-07-19 11:00:00,85.8,58.0,0.0,5.7
2026-07-19 12:00:00,90.0,65.9,0.0,9.2
2026-07-19 13:00:00,88.8,65.6,0.0,7.8
2026-07-19 14:00:00,92.5,67.0,0.0,7.8
2026-07-19 15:00:00,94.8,59.0,0.0,2.3
2026-07-19 16:00:00,89.0,56.4,0.0,7.5
2026-07-19 17:00:00,90.2,51.1,0.0,10.1
2026-07-19 18:00:00,84.7,80.2,0.0,1.7
2026-07-19 19:00:00,81.5,70.3,0.0,5.0
2026-07-19 20:00:00,78.5,70.0,0.0,7.1
2026-07-19 21:00:00,76.7,71.7,0.0,6.3
2026-07-19 22:00:00,70.3,66.7,0.0,10.3
2026-07-19 23:00:00,65.4,72.6,0.0,8.2
2026-07-20 00:00:00,63.6,86.2,0.0,7.2
2026-07-20 01:00:00,57.9,83.9,0.0,8.5
2026-07-20 02:00:00,60.1,75.6,0.0,8.3
2026-07-20 03:00:00,61.3,72.6,0.0,6.1
2026-07-20 04:00:00,58.9,77.5,0.0,4.9
2026-07-20 05:00:00,60.3,77.8,0.0,9.0
2026-07-20 06:00:00,64.4,87.3,0.0,3.8
2026-07-20 07:00:00,61.9,77.5,0.0,5.8
2026-07-20 08:00:00,72.4,66.7,0.0,2.5
2026-07-20 09:00:00,83.3,66.4,0.0,8.2
2026-07-20 10:00:00,79.6,70.0,0.0,9.7
2026-07-20 11:00:00,83.7,60.1,0.0,3.2
2026-07-20 12:00:00,89.4,65.4,0.0,5.5
2026-07-20 13:00:00,94.3,66.7,0.0,4.6
2026-07-20 14:00:00,94.4,61.3,0.0,9.2
2026-07-20 15:00:00,87.1,60.6,0.0,10.3
2026-07-20 16:00:00,93.3,58.5,0.0,4.6
2026-07-20 17:00:00,96.6,51.0,0.0,0.0
2026-07-20 18:00:00,89.1,62.8,0.0,9.5
2026-07-20 19:00:00,81.1,69.4,0.0,6.1
2026-07-20 20:00:00,80.6,63.7,0.0,6.1
2026-07-20 21:00:00,72.3,82.4,0.0,8.9
2026-07-20 22:00:00,74.2,75.7,0.0,4.9
2026-07-20 23:00:00,64.6,68.0,0.0,4.1
2026-07-21 00:00:00,63.7,68.6,0.0,4.9
2026-07-21 01:00:00,58.6,75.3,0.0,7.5
2026-07-21 02:00:00,57.7,88.6,0.0,8.6
2026-07-21 03:00:00,62.2,82.7,0.0,10.9
2026-07-21 04:00:00,59.3,88.0,0.0,7.2
2026-07-21 05:00:00,59.4,79.9,0.0,5.6
2026-07-21 06:00:00,60.6,78.1,0.0,8.7
2026-07-21 07:00:00,62.3,72.0,0.0,3.1
2026-07-21 08:00:00,68.0,76.9,0.0,10.3
2026-07-21 09:00:00,75.8,69.8,0.0,6.6
2026-07-21 10:00:00,82.4,66.0,0.0,5.3
2026-07-21 11:00:00,82.6,75.2,0.0,3.1
2026-07-21 12:00:00,91.4,61.6,0.0,7.9
2026-07-21 13:00:00,88.4,70.5,0.0,5.2
2026-07-21 14:00:00,91.3,54.3,0.0,5.7
2026-07-21 15:00:00,89.8,76.6,0.0,1.0
2026-07-21 16:00:00,94.4,58.7,0.0,4.7
2026-07-21 17:00:00,95.5,63.5,0.0,4.3
2026-07-21 18:00:00,83.1,71.1,0.0,7.3
2026-07-21 19:00:00,83.1,64.3,0.0,5.2
2026-07-21 20:00:00,83.1,70.9,0.0,0.0
2026-07-21 21:00:00,71.9,77.3,0.0,4.8
2026-07-21 22:00:00,72.5,69.1,0.0,1.6
2026-07-21 23:00:00,70.1,70.5,0.026,2.9
2026-07-22 00:00:00,63.7,77.7,0.0,9.0
2026-07-22 01:00:00,62.2,77.7,0.0,0.9
2026-07-22 02:00:00,63.5,84.6,0.0,6.9
2026-07-22 03:00:00,63.4,81.2,0.0,4.5
2026-07-22 04:00:00,58.9,79.7,0.0,3.9
2026-07-22 05:00:00,59.4,82.8,0.0,3.1
2026-07-22 06:00:00,61.2,68.6,0.0,7.0
2026-07-22 07:00:00,69.4,71.2,0.0,7.3
2026-07-22 08:00:00,67.7,76.7,0.0,0.8
2026-07-22 09:00:00,74.9,76.9,0.0,9.5
2026-07-22 10:00:00,80.2,69.4,0.0,2.4
2026-07-22 11:00:00,82.7,74.3,0.0,7.2
2026-07-22 12:00:00,88.2,68.3,0.0,2.5
2026-07-22 13:00:00,96.6,56.9,0.0,4.6
2026-07-22 14:00:00,91.6,61.4,0.0,2.2
2026-07-22 15:00:00,91.4,64.3,0.0,4.4
2026-07-22 16:00:00,94.5,58.3,0.0,5.4
2026-07-22 17:00:00,90.8,70.2,0.0,2.6
2026-07-22 18:00:00,91.1,56.8,0.0,6.9
2026-07-22 19:00:00,84.4,67.7,0.0,7.3
2026-07-22 20:00:00,79.3,72.6,0.0,14.1
2026-07-22 21:00:00,71.0,71.9,0.0,8.8
2026-07-22 22:00:00,67.0,72.9,0.0,9.5
2026-07-22 23:00:00,62.4,77.8,0.0,0.7
2026-07-23 00:00:00,64.4,81.1,0.0,0.1
2026-07-23 01:00:00,57.4,78.4,0.0,5.1
2026-07-23 02:00:00,62.2,72.9,0.0,11.4
2026-07-23 03:00:00,58.6,86.0,0.0,13.4
2026-07-23 04:00:00,58.5,82.3,0.0,3.9
2026-07-23 05:00:00,58.7,85.3,0.0,4.2
2026-07-23 06:00:00,65.0,80.5,0.0,7.6
2026-07-23 07:00:00,65.0,87.7,0.0,5.4
2026-07-23 08:00:00,68.6,80.3,0.0,5.5
2026-07-23 09:00:00,78.5,65.7,0.0,7.9
2026-07-23 10:00:00,80.8,70.4,0.0,14.1
2026-07-23 11:00:00,83.4,63.8,0.0,9.9
2026-07-23 12:00:00,89.1,61.2,0.0,11.6
2026-07-23 13:00:00,90.2,55.8,0.0,0.5
2026-07-23 14:00:00,92.9,60.0,0.0,9.2
2026-07-23 15:00:00,90.4,65.5,0.0,3.2
2026-07-23 16:00:00,97.1,58.8,0.0,11.0
2026-07-23 17:00:00,88.8,58.2,0.0,10.1
2026-07-23 18:00:00,91.4,54.6,0.0,7.8
2026-07-23 19:00:00,83.5,77.1,0.0,3.8
2026-07-23 20:00:00,81.9,69.1,0.0,4.5
2026-07-23 21:00:00,77.3,65.8,0.0,4.8
2026-07-23 22:00:00,74.0,74.1,0.0,8.3
2026-07-23 23:00:00,64.9,87.8,0.0,7.2
2026-07-24 00:00:00,66.2,79.2,0.0,10.3
2026-07-24 01:00:00,65.4,62.6,0.0,10.8
2026-07-24 02:00:00,58.4,93.6,0.0,3.5
2026-07-24 03:00:00,58.6,71.0,0.0,7.4
2026-07-24 04:00:00,57.8,79.7,0.0,7.4
2026-07-24 05:00:00,59.9,73.9,0.0,5.7
2026-07-24 06:00:00,67.7,71.5,0.0,8.8
2026-07-24 07:00:00,64.5,78.5,0.0,7.5
2026-07-24 08:00:00,68.7,64.3,0.0,4.3
2026-07-24 09:00:00,79.5,68.3,0.0,5.6
2026-07-24 10:00:00,81.4,73.4,0.0,5.0
2026-07-24 11:00:00,89.3,59.2,0.0,3.8
2026-07-24 12:00:00,86.4,58.0,0.0,5.7
2026-07-24 13:00:00,90.5,62.0,0.0,2.1
2026-07-24 14:00:00,90.2,61.2,0.0,7.4
2026-07-24 15:00:00,92.8,58.5,0.0,10.2
2026-07-24 16:00:00,87.5,58.5,0.0,6.2
2026-07-24 17:00:00,91.9,64.5,0.0,8.8
2026-07-24 18:00:00,88.3,66.9,0.0,6.5
2026-07-24 19:00:00,83.8,61.1,0.0,2.9
2026-07-24 20:00:00,78.9,64.5,0.0,12.0
2026-07-24 21:00:00,73.2,72.9,0.0,0.0
2026-07-24 22:00:00,72.9,67.6,0.0,6.0
2026-07-24 23:00:00,64.1,78.2,0.0,3.7
2026-07-25 00:00:00,64.7,84.2,0.0,10.7
2026-07-25 01:00:00,65.9,75.9,0.0,6.6
2026-07-25 02:00:00,62.8,71.9,0.0,13.7
2026-07-25 03:00:00,54.7,84.4,0.0,6.1
2026-07-25 04:00:00,57.7,79.9,0.0,3.7
2026-07-25 05:00:00,61.8,77.8,0.0,0.9
2026-07-25 06:00:00,63.3,80.1,0.0,9.3
2026-07-25 07:00:00,63.5,81.0,0.0,3.5
2026-07-25 08:00:00,72.0,73.1,0.0,4.7
2026-07-25 09:00:00,75.4,70.7,0.0,9.7
2026-07-25 10:00:00,84.7,76.3,0.0,9.2
2026-07-25 11:00:00,83.3,72.7,0.0,4.2
2026-07-25 12:00:00,90.4,66.9,0.0,4.6
2026-07-25 13:00:00,87.0,65.3,0.0,0.7
2026-07-25 14:00:00,89.3,58.3,0.0,0.0
2026-07-25 15:00:00,94.3,66.3,0.0,8.3
2026-07-25 16:00:00,94.6,61.2,0.0,8.6
2026-07-25 17:00:00,87.8,61.3,0.0,7.1
2026-07-25 18:00:00,87.5,63.1,0.0,6.6
2026-07-25 19:00:00,80.5,63.4,0.0,3.9
2026-07-25 20:00:00,79.4,74.1,0.0,10.4
2026-07-25 21:00:00,77.6,73.3,0.0,0.6
2026-07-25 22:00:00,70.0,74.9,0.0,4.6
2026-07-25 23:00:00,66.4,75.8,0.0,6.5
2026-07-26 00:00:00,60.6,75.8,0.0,6.0
2026-07-26 01:00:00,59.1,69.3,0.0,6.0
2026-07-26 02:00:00,63.4,70.5,0.0,4.4
2026-07-26 03:00:00,58.7,76.5,0.0,7.6
2026-07-26 04:00:00,56.5,76.9,0.0,2.4
2026-07-26 05:00:00,60.0,81.0,0.0,5.6
2026-07-26 06:00:00,59.4,83.9,0.0,7.3
2026-07-26 07:00:00,64.4,76.4,0.0,5.0
2026-07-26 08:00:00,74.5,78.6,0.0,6.0
2026-07-26 09:00:00,75.1,67.3,0.0,6.6
2026-07-26 10:00:00,84.6,65.3,0.0,0.7
2026-07-26 11:00:00,83.7,66.2,0.0,1.0
2026-07-26 12:00:00,87.4,69.9,0.0,6.4
2026-07-26 13:00:00,91.8,62.6,0.0,4.2
2026-07-26 14:00:00,85.2,66.3,0.0,4.4
2026-07-26 15:00:00,92.9,53.1,0.0,7.7
2026-07-26 16:00:00,91.7,57.5,0.0,3.0
2026-07-26 17:00:00,93.9,66.3,0.0,0.0
2026-07-26 18:00:00,89.9,52.7,0.0,11.0
2026-07-26 19:00:00,81.1,74.6,0.0,9.6
2026-07-26 20:00:00,83.0,69.4,0.0,9.6
2026-07-26 21:00:00,74.8,67.6,0.0,2.6
2026-07-26 22:00:00,68.8,70.5,0.0,5.8
2026-07-26 23:00:00,67.5,84.9,0.0,2.2
2026-07-27 00:00:00,62.9,85.0,0.0,5.8
2026-07-27 01:00:00,64.6,76.4,0.0,5.0
2026-07-27 02:00:00,59.9,80.2,0.0,2.8
2026-07-27 03:00:00,59.0,76.8,0.0,7.5
2026-07-27 04:00:00,61.3,79.5,0.0,5.2
2026-07-27 05:00:00,63.5,74.2,0.0,11.2
2026-07-27 06:00:00,65.4,76.1,0.0,6.3
2026-07-27 07:00:00,70.5,82.8,0.0,0.0
2026-07-27 08:00:00,72.6,72.1,0.0,0.6
2026-07-27 09:00:00,75.8,65.5,0.0,12.3
2026-07-27 10:00:00,82.9,60.1,0.0,4.9
2026-07-27 11:00:00,83.7,67.1,0.0,6.7
2026-07-27 12:00:00,87.5,60.6,0.0,6.0
2026-07-27 13:00:00,94.4,61.8,0.0,10.2
2026-07-27 14:00:00,95.9,51.7,0.0,0.3
2026-07-27 15:00:00,92.4,65.1,0.0,10.0
2026-07-27 16:00:00,90.7,57.3,0.0,9.8
2026-07-27 17:00:00,93.8,61.1,0.0,6.0
2026-07-27 18:00:00,89.4,61.6,0.0,7.2
2026-07-27 19:00:00,84.7,74.5,0.0,4.9
2026-07-27 20:00:00,79.0,69.9,0.0,0.9
2026-07-27 21:00:00,76.3,80.3,0.0,7.7
2026-07-27 22:00:00,71.0,76.3,0.0,6.7
2026-07-27 23:00:00,65.3,83.7,0.0,6.8
2026-07-28 00:00:00,63.7,76.4,0.0,7.4
2026-07-28 01:00:00,61.4,80.5,0.0,4.2
2026-07-28 02:00:00,58.1,86.7,0.0,10.5
2026-07-28 03:00:00,60.7,83.6,0.0,6.0
2026-07-28 04:00:00,62.2,80.9,0.0,7.6
2026-07-28 05:00:00,63.1,76.1,0.0,5.2
2026-07-28 06:00:00,62.7,77.2,0.0,9.2
2026-07-28 07:00:00,68.8,80.3,0.0,6.3
2026-07-28 08:00:00,71.2,80.1,0.0,5.7
2026-07-28 09:00:00,72.3,69.8,0.0,9.6
2026-07-28 10:00:00,81.5,64.0,0.0,0.8
2026-07-28 11:00:00,84.3,61.6,0.0,5.2
2026-07-28 12:00:00,93.9,65.0,0.0,4.2
2026-07-28 13:00:00,93.7,56.3,0.0,7.1
2026-07-28 14:00:00,93.6,65.1,0.0,6.9
2026-07-28 15:00:00,93.0,64.1,0.0,6.0
2026-07-28 16:00:00,92.2,59.1,0.0,3.9
2026-07-28 17:00:00,87.6,72.1,0.0,5.9
2026-07-28 18:00:00,83.1,59.5,0.0,7.0
2026-07-28 19:00:00,81.7,75.9,0.0,5.5
2026-07-28 20:00:00,79.7,70.3,0.0,9.3
2026-07-28 21:00:00,70.1,63.6,0.0,7.8
2026-07-28 22:00:00,69.7,82.2,0.0,6.1
2026-07-28 23:00:00,66.3,80.9,0.0,0.0
2026-07-29 00:00:00,62.8,75.8,0.0,5.3
2026-07-29 01:00:00,59.0,75.2,0.0,7.9
2026-07-29 02:00:00,58.1,72.7,0.0,5.2
2026-07-29 03:00:00,62.7,90.1,0.0,6.9
2026-07-29 04:00:00,60.7,74.5,0.0,5.3
2026-07-29 05:00:00,59.3,73.6,0.0,6.7
2026-07-29 06:00:00,63.2,79.1,0.0,10.2
2026-07-29 07:00:00,66.8,67.6,0.0,8.4
2026-07-29 08:00:00,69.1,69.6,0.0,2.1
2026-07-29 09:00:00,73.5,77.1,0.0,1.0
2026-07-29 10:00:00,82.3,69.6,0.0,7.3
2026-07-29 11:00:00,82.8,65.0,0.0,9.5
2026-07-29 12:00:00,84.6,66.0,0.0,1.0
2026-07-29 13:00:00,90.0,60.8,0.0,5.4
2026-07-29 14:00:00,92.0,61.6,0.0,13.1
2026-07-29 15:00:00,87.4,60.6,0.0,5.2
2026-07-29 16:00:00,91.7,59.2,0.0,13.6
2026-07-29 17:00:00,92.2,58.7,0.0,3.5
2026-07-29 18:00:00,88.5,60.2,0.0,4.1
2026-07-29 19:00:00,89.4,68.5,0.0,3.9
2026-07-29 20:00:00,82.9,70.8,0.0,2.2
2026-07-29 21:00:00,79.0,64.4,0.0,0.9
2026-07-29 22:00:00,78.0,63.6,0.0,5.3
2026-07-29 23:00:00,68.8,73.9,0.0,6.4
2026-07-30 00:00:00,63.8,88.2,0.0,3.8
2026-07-30 01:00:00,63.1,72.7,0.0,4.6
2026-07-30 02:00:00,57.6,80.0,0.0,10.3
2026-07-30 03:00:00,58.7,80.7,0.0,8.9
2026-07-30 04:00:00,57.4,80.4,0.0,5.2
2026-07-30 05:00:00,61.7,76.3,0.0,7.3
2026-07-30 06:00:00,61.7,84.3,0.0,1.1
2026-07-30 07:00:00,65.1,78.9,0.0,6.8
2026-07-30 08:00:00,72.0,77.1,0.0,5.8
2026-07-30 09:00:00,75.0,74.2,0.0,4.9
2026-07-30 10:00:00,74.9,75.8,0.0,6.1
2026-07-30 11:00:00,80.2,76.3,0.0,5.6
2026-07-30 12:00:00,84.5,72.7,0.0,2.1
2026-07-30 13:00:00,87.8,75.8,0.0,11.0
2026-07-30 14:00:00,92.7,67.6,0.0,8.9
2026-07-30 15:00:00,92.8,58.1,0.0,4.8
2026-07-30 16:00:00,94.4,64.8,0.0,0.7
2026-07-30 17:00:00,91.9,65.5,0.0,0.0
2026-07-30 18:00:00,90.0,72.6,0.0,12.0
2026-07-30 19:00:00,85.3,60.7,0.0,5.5
2026-07-30 20:00:00,80.2,71.2,0.0,8.3
2026-07-30 21:00:00,78.1,66.1,0.0,3.2
2026-07-30 22:00:00,73.3,74.8,0.0,5.1
2026-07-30 23:00:00,67.8,74.1,0.0,5.2
2026-07-31 00:00:00,66.5,78.3,0.0,6.7
2026-07-31 01:00:00,54.8,75.3,0.0,6.3
2026-07-31 02:00:00,58.2,84.4,0.0,3.2
2026-07-31 03:00:00,57.6,81.8,0.0,3.2
2026-07-31 04:00:00,61.8,79.3,0.0,5.8
2026-07-31 05:00:00,64.6,86.7,0.0,0.7
2026-07-31 06:00:00,59.7,77.8,0.0,3.5
2026-07-31 07:00:00,70.4,75.5,0.0,5.5
2026-07-31 08:00:00,68.0,75.6,0.0,7.2
2026-07-31 09:00:00,72.4,73.6,0.0,10.5
2026-07-31 10:00:00,79.1,80.1,0.0,4.6
2026-07-31 11:00:00,83.0,67.2,0.0,6.1
2026-07-31 12:00:00,83.4,63.8,0.0,0.4
2026-07-31 13:00:00,91.6,71.5,0.0,7.0
2026-07-31 14:00:00,93.4,59.6,0.0,3.3
2026-07-31 15:00:00,94.9,52.3,0.0,5.1
2026-07-31 16:00:00,90.6,59.0,0.0,7.4
2026-07-31 17:00:00,89.9,56.8,0.0,7.6
2026-07-31 18:00:00,87.2,55.5,0.0,1.6
2026-07-31 19:00:00,88.0,62.3,0.0,8.4
2026-07-31 20:00:00,72.6,72.2,0.0,5.9
2026-07-31 21:00:00,72.9,78.3,0.0,9.8
2026-07-31 22:00:00,70.9,76.6,0.0,10.4
2026-07-31 23:00:00,64.1,80.2,0.0,10.8
2026-08-01 00:00:00,62.6,73.6,0.0,1.7
2026-08-01 01:00:00,60.3,83.8,0.0,7.2
2026-08-01 02:00:00,57.3,88.0,0.0,1.3
2026-08-01 03:00:00,58.5,82.3,0.0,9.9
2026-08-01 04:00:00,60.5,81.3,0.0,10.3
2026-08-01 05:00:00,60.0,73.2,0.0,8.9
2026-08-01 06:00:00,62.2,83.6,0.0,4.7
2026-08-01 07:00:00,66.4,84.9,0.0,7.6
2026-08-01 08:00:00,70.9,75.1,0.0,4.3
2026-08-01 09:00:00,70.9,70.5,0.0,6.0
2026-08-01 10:00:00,80.8,67.3,0.0,5.7
2026-08-01 11:00:00,82.6,65.0,0.0,0.0
2026-08-01 12:00:00,90.4,61.0,0.0,3.6
2026-08-01 13:00:00,91.4,65.5,0.0,12.8
2026-08-01 14:00:00,94.5,61.9,0.0,5.7
2026-08-01 15:00:00,89.6,68.2,0.0,6.5
2026-08-01 16:00:00,90.7,64.5,0.0,6.0
2026-08-01 17:00:00,86.8,60.4,0.0,4.8
2026-08-01 18:00:00,85.5,63.0,0.0,6.1
2026-08-01 19:00:00,86.8,61.9,0.0,4.8
2026-08-01 20:00:00,83.4,65.7,0.0,0.0
2026-08-01 21:00:00,72.4,81.7,0.0,8.4
2026-08-01 22:00:00,69.7,83.9,0.0,10.8
2026-08-01 23:00:00,66.6,80.0,0.0,2.5
2026-08-02 00:00:00,64.7,77.5,0.0,4.8
2026-08-02 01:00:00,56.2,74.8,0.0,10.5
2026-08-02 02:00:00,54.9,83.4,0.0,3.7
2026-08-02 03:00:00,59.5,75.8,0.0,7.2
2026-08-02 04:00:00,54.0,90.9,0.0,19.0
2026-08-02 05:00:00,59.5,71.8,0.0,7.9
2026-08-02 06:00:00,63.7,79.4,0.0,6.2
2026-08-02 07:00:00,67.8,70.8,0.0,8.6
2026-08-02 08:00:00,70.5,73.7,0.0,8.3
2026-08-02 09:00:00,74.3,75.0,0.0,4.0
2026-08-02 10:00:00,81.7,72.7,0.0,0.8
2026-08-02 11:00:00,84.4,65.8,0.0,7.8
2026-08-02 12:00:00,85.5,69.3,0.0,8.2
2026-08-02 13:00:00,89.9,59.7,0.0,5.1
2026-08-02 14:00:00,92.5,62.9,0.0,10.9
2026-08-02 15:00:00,96.4,64.5,0.0,10.3
2026-08-02 16:00:00,93.5,62.7,0.0,8.3
2026-08-02 17:00:00,92.9,58.8,0.0,5.2
2026-08-02 18:00:00,85.6,64.0,0.0,0.0
2026-08-02 19:00:00,82.3,72.3,0.0,5.5
2026-08-02 20:00:00,79.0,63.6,0.0,0.5
2026-08-02 21:00:00,74.8,66.6,0.0,0.0
2026-08-02 22:00:00,68.3,77.9,0.0,7.9
2026-08-02 23:00:00,69.9,71.8,0.0,9.5
2026-08-03 00:00:00,65.4,69.2,0.0,0.1
2026-08-03 01:00:00,59.8,86.4,0.0,5.2
2026-08-03 02:00:00,60.5,73.8,0.0,5.9
2026-08-03 03:00:00,58.8,79.1,0.0,5.1
2026-08-03 04:00:00,60.6,76.0,0.0,1.9
2026-08-03 05:00:00,57.2,79.6,0.0,10.0
2026-08-03 06:00:00,62.9,73.5,0.0,1.9
2026-08-03 07:00:00,66.6,79.5,0.0,0.2
2026-08-03 08:00:00,72.3,73.3,0.0,1.9
2026-08-03 09:00:00,73.6,76.9,0.0,7.4
2026-08-03 10:00:00,73.3,69.2,0.0,5.2
2026-08-03 11:00:00,80.9,78.7,0.0,3.7
2026-08-03 12:00:00,86.9,55.2,0.0,7.6
2026-08-03 13:00:00,89.9,55.1,0.0,7.0
2026-08-03 14:00:00,95.7,68.6,0.0,0.0
2026-08-03 15:00:00,93.5,63.4,0.0,7.6
2026-08-03 16:00:00,91.7,63.8,0.0,9.5
2026-08-03 17:00:00,89.7,65.3,0.0,5.6
2026-08-03 18:00:00,89.9,65.9,0.0,5.3
2026-08-03 19:00:00,82.1,68.8,0.0,11.7
2026-08-03 20:00:00,79.2,64.1,0.0,3.9
2026-08-03 21:00:00,72.4,76.8,0.0,5.5
2026-08-03 22:00:00,74.3,74.9,0.0,7.0
2026-08-03 23:00:00,67.7,82.4,0.0,6.1
2026-08-04 00:00:00,61.4,87.5,0.0,5.2
2026-08-04 01:00:00,60.2,81.0,0.0,6.3
2026-08-04 02:00:00,60.1,73.3,0.0,10.7
2026-08-04 03:00:00,57.6,89.7,0.0,8.4
2026-08-04 04:00:00,57.5,75.8,0.0,5.8
2026-08-04 05:00:00,58.9,81.8,0.0,3.4
2026-08-04 06:00:00,64.0,76.0,0.0,3.8
2026-08-04 07:00:00,65.8,74.2,0.0,8.9
2026-08-04 08:00:00,69.6,78.0,0.0,1.2
2026-08-04 09:00:00,71.8,74.3,0.0,13.2
2026-08-04 10:00:00,79.7,71.3,0.0,5.9
2026-08-04 11:00:00,83.1,62.7,0.0,1.9
2026-08-04 12:00:00,86.2,64.2,0.0,6.5
2026-08-04 13:00:00,90.2,59.0,0.0,3.6
2026-08-04 14:00:00,93.3,60.2,0.0,4.7
2026-08-04 15:00:00,93.7,60.4,0.0,1.5
2026-08-04 16:00:00,92.8,70.7,0.0,5.3
2026-08-04 17:00:00,89.1,62.2,0.0,0.0
2026-08-04 18:00:00,85.6,54.8,0.0,4.2
2026-08-04 19:00:00,80.9,75.0,0.0,3.5
2026-08-04 20:00:00,78.0,71.9,0.0,4.5
2026-08-04 21:00:00,75.1,70.5,0.0,3.7
2026-08-04 22:00:00,68.8,72.5,0.0,6.1
2026-08-04 23:00:00,66.9,71.0,0.0,8.7
2026-08-05 00:00:00,60.7,88.8,0.0,7.1
2026-08-05 01:00:00,56.3,81.8,0.0,9.9
2026-08-05 02:00:00,60.8,70.4,0.0,4.5
2026-08-05 03:00:00,57.0,82.8,0.0,7.0
2026-08-05 04:00:00,56.7,87.4,0.0,7.1
2026-08-05 05:00:00,57.7,81.5,0.0,9.5
2026-08-05 06:00:00,64.2,72.7,0.0,3.8
2026-08-05 07:00:00,70.1,69.0,0.0,8.4
2026-08-05 08:00:00,69.7,69.6,0.0,3.4
2026-08-05 09:00:00,74.5,79.1,0.0,4.3
2026-08-05 10:00:00,82.1,67.0,0.0,4.9
2026-08-05 11:00:00,78.9,60.7,0.0,7.4
2026-08-05 12:00:00,91.9,63.9,0.0,2.7
2026-08-05 13:00:00,95.7,60.6,0.0,3.2
2026-08-05 14:00:00,84.5,63.8,0.0,4.1
2026-08-05 15:00:00,91.6,57.0,0.0,6.1
2026-08-05 16:00:00,89.5,58.0,0.0,3.2
2026-08-05 17:00:00,89.0,69.0,0.0,6.8
2026-08-05 18:00:00,85.9,66.5,0.0,4.9
2026-08-05 19:00:00,85.5,67.9,0.0,8.0
2026-08-05 20:00:00,79.1,70.2,0.0,6.2
2026-08-05 21:00:00,72.8,74.1,0.0,11.3
2026-08-05 22:00:00,70.3,71.5,0.0,6.4
2026-08-05 23:00:00,67.9,74.1,0.0,2.3
2026-08-06 00:00:00,60.1,85.3,0.0,5.4
2026-08-06 01:00:00,56.3,88.6,0.0,6.1
2026-08-06 02:00:00,63.7,71.3,0.0,3.3
2026-08-06 03:00:00,56.6,80.4,0.0,10.6
2026-08-06 04:00:00,58.4,84.6,0.0,5.1
2026-08-06 05:00:00,59.4,89.2,0.0,4.1
2026-08-06 06:00:00,64.5,86.0,0.0,6.5
2026-08-06 07:00:00,71.0,69.5,0.0,3.3
2026-08-06 08:00:00,72.1,79.2,0.0,8.9
2026-08-06 09:00:00,71.2,73.6,0.0,8.3
2026-08-06 10:00:00,75.9,76.0,0.0,6.4
2026-08-06 11:00:00,82.4,71.1,0.0,7.8
2026-08-06 12:00:00,86.2,58.8,0.0,4.5
2026-08-06 13:00:00,85.2,68.4,0.0,1.5
2026-08-06 14:00:00,93.3,66.2,0.0,5.0
2026-08-06 15:00:00,89.1,63.4,0.0,4.5
2026-08-06 16:00:00,95.0,59.0,0.0,0.0
2026-08-06 17:00:00,94.1,52.9,0.0,2.8
2026-08-06 18:00:00,86.2,68.5,0.0,2.3
2026-08-06 19:00:00,84.5,67.1,0.0,2.8
2026-08-06 20:00:00,76.2,66.0,0.0,10.0
2026-08-06 21:00:00,76.5,68.8,0.0,7.5
2026-08-06 22:00:00,69.4,75.1,0.0,8.9
2026-08-06 23:00:00,63.8,74.6,0.0,7.5
2026-08-07 00:00:00,62.3,78.2,0.0,9.2
2026-08-07 01:00:00,59.2,71.2,0.0,6.1
2026-08-07 02:00:00,57.9,87.4,0.0,10.5
2026-08-07 03:00:00,60.5,79.3,0.0,2.3
2026-08-07 04:00:00,56.7,75.8,0.0,5.8
2026-08-07 05:00:00,64.7,64.6,0.0,2.9
2026-08-07 06:00:00,59.7,84.8,0.0,9.7
2026-08-07 07:00:00,70.5,76.5,0.0,7.3
2026-08-07 08:00:00,68.0,76.1,0.0,9.6
2026-08-07 09:00:00,74.9,75.6,0.0,1.8
2026-08-07 10:00:00,78.0,73.9,0.0,4.2
2026-08-07 11:00:00,82.4,68.1,0.0,0.6
2026-08-07 12:00:00,88.8,62.4,0.0,7.1
2026-08-07 13:00:00,93.2,59.2,0.0,4.7
2026-08-07 14:00:00,94.1,62.8,0.0,8.3
2026-08-07 15:00:00,90.7,69.6,0.0,6.1
2026-08-07 16:00:00,91.6,61.6,0.0,0.0
2026-08-07 17:00:00,87.5,71.8,0.0,1.0
2026-08-07 18:00:00,84.3,68.0,0.0,6.2
2026-08-07 19:00:00,80.4,70.2,0.0,7.4
2026-08-07 20:00:00,78.2,81.5,0.0,0.0
2026-08-07 21:00:00,75.5,79.2,0.0,5.7
2026-08-07 22:00:00,65.8,84.7,0.0,2.9
2026-08-07 23:00:00,66.4,72.0,0.0,2.7
2026-08-08 00:00:00,66.8,86.7,0.0,4.0
2026-08-08 01:00:00,63.1,77.4,0.0,6.4
2026-08-08 02:00:00,57.2,79.9,0.0,3.9
2026-08-08 03:00:00,54.6,71.7,0.0,0.0
2026-08-08 04:00:00,59.8,81.2,0.0,6.3
2026-08-08 05:00:00,54.5,77.1,0.0,4.9
2026-08-08 06:00:00,65.8,78.4,0.0,3.2
2026-08-08 07:00:00,65.9,70.4,0.0,5.1
2026-08-08 08:00:00,75.1,80.2,0.0,5.0
2026-08-08 09:00:00,70.5,76.5,0.0,6.1
2026-08-08 10:00:00,81.5,79.1,0.0,5.3
2026-08-08 11:00:00,83.0,61.8,0.0,6.5
2026-08-08 12:00:00,85.9,73.0,0.0,5.9
2026-08-08 13:00:00,85.9,56.2,0.0,8.5
2026-08-08 14:00:00,92.5,62.7,0.0,10.8
2026-08-08 15:00:00,93.3,58.0,0.0,6.0
2026-08-08 16:00:00,95.5,57.7,0.0,4.1
2026-08-08 17:00:00,91.9,59.4,0.0,1.7
2026-08-08 18:00:00,85.2,61.1,0.0,7.9
2026-08-08 19:00:00,80.7,61.8,0.0,3.3
2026-08-08 20:00:00,75.8,68.6,0.0,13.0
2026-08-08 21:00:00,78.5,69.9,0.0,14.3
2026-08-08 22:00:00,68.5,80.6,0.005,5.4
2026-08-08 23:00:00,70.1,75.4,0.0,1.0
2026-08-09 00:00:00,64.2,83.0,0.0,8.0
2026-08-09 01:00:00,61.1,71.5,0.0,12.3
2026-08-09 02:00:00,57.8,78.5,0.0,2.1
2026-08-09 03:00:00,59.7,83.2,0.0,11.7
2026-08-09 04:00:00,58.5,82.0,0.0,0.5
2026-08-09 05:00:00,59.3,75.6,0.0,1.6
2026-08-09 06:00:00,64.7,81.6,0.0,6.9
2026-08-09 07:00:00,66.0,73.5,0.0,9.1
2026-08-09 08:00:00,68.4,71.0,0.0,5.8
2026-08-09 09:00:00,76.3,73.0,0.0,7.3
2026-08-09 10:00:00,78.9,69.1,0.0,9.3
2026-08-09 11:00:00,84.4,63.5,0.0,9.7
2026-08-09 12:00:00,85.5,62.7,0.0,4.1
2026-08-09 13:00:00,86.2,59.7,0.0,3.4
2026-08-09 14:00:00,95.3,58.1,0.0,9.2
2026-08-09 15:00:00,95.4,65.5,0.0,7.4
2026-08-09 16:00:00,93.1,62.5,0.0,7.8
2026-08-09 17:00:00,88.3,68.7,0.0,4.0
2026-08-09 18:00:00,85.8,67.9,0.0,7.9
2026-08-09 19:00:00,86.6,61.8,0.0,2.7
2026-08-09 20:00:00,78.2,61.2,0.0,6.7
2026-08-09 21:00:00,73.2,67.6,0.0,6.3
2026-08-09 22:00:00,75.1,67.8,0.0,6.4
2026-08-09 23:00:00,66.3,72.3,0.0,8.3
2026-08-10 00:00:00,67.3,80.4,0.0,2.9
2026-08-10 01:00:00,56.7,86.2,0.0,8.0
2026-08-10 02:00:00,59.8,90.7,0.0,6.1
2026-08-10 03:00:00,63.1,74.0,0.0,3.6
2026-08-10 04:00:00,58.6,88.3,0.0,2.0
2026-08-10 05:00:00,59.5,87.7,0.0,11.7
2026-08-10 06:00:00,59.9,78.4,0.0,5.8
2026-08-10 07:00:00,69.0,76.9,0.0,4.9
2026-08-10 08:00:00,68.4,81.1,0.0,2.6
2026-08-10 09:00:00,74.4,71.3,0.0,9.3
2026-08-10 10:00:00,75.9,70.1,0.0,9.0
2026-08-10 11:00:00,86.9,61.6,0.0,8.5
2026-08-10 12:00:00,89.4,51.5,0.0,5.8
2026-08-10 13:00:00,89.1,63.9,0.0,8.3
2026-08-10 14:00:00,87.9,60.6,0.0,3.5
2026-08-10 15:00:00,95.2,54.7,0.0,6.7
2026-08-10 16:00:00,89.9,65.2,0.0,5.8
2026-08-10 17:00:00,86.4,57.7,0.0,6.8
2026-08-10 18:00:00,82.1,71.4,0.0,0.6
2026-08-10 19:00:00,81.4,70.1,0.0,11.6
2026-08-10 20:00:00,75.4,69.0,0.0,10.9
2026-08-10 21:00:00,73.1,72.0,0.0,2.5
2026-08-10 22:00:00,72.2,66.8,0.0,7.7
2026-08-10 23:00:00,65.4,80.3,0.0,1.5
2026-08-11 00:00:00,63.7,78.4,0.0,6.3
2026-08-11 01:00:00,58.3,81.7,0.0,0.0
2026-08-11 02:00:00,58.6,82.8,0.0,5.1
2026-08-11 03:00:00,62.7,74.8,0.0,4.5
2026-08-11 04:00:00,57.6,73.2,0.0,9.5
2026-08-11 05:00:00,61.1,83.7,0.0,11.0
2026-08-11 06:00:00,58.9,83.6,0.0,11.1
2026-08-11 07:00:00,70.0,71.3,0.0,9.5
2026-08-11 08:00:00,69.1,76.6,0.0,6.2
2026-08-11 09:00:00,77.2,76.3,0.0,7.2
2026-08-11 10:00:00,78.6,75.0,0.0,7.2
2026-08-11 11:00:00,84.5,63.2,0.0,2.5
2026-08-11 12:00:00,88.1,56.6,0.0,9.4
2026-08-11 13:00:00,87.9,57.6,0.0,8.1
2026-08-11 14:00:00,93.4,59.5,0.0,8.2
2026-08-11 15:00:00,89.4,70.7,0.0,0.0
2026-08-11 16:00:00,92.7,57.9,0.0,7.4
2026-08-11 17:00:00,88.1,61.1,0.0,9.0
2026-08-11 18:00:00,87.3,61.4,0.0,6.0
2026-08-11 19:00:00,81.8,64.9,0.0,4.5
2026-08-11 20:00:00,79.0,69.0,0.0,1.9
2026-08-11 21:00:00,71.9,66.6,0.0,1.7
2026-08-11 22:00:00,70.9,78.9,0.0,6.5
2026-08-11 23:00:00,66.4,75.3,0.0,5.3
2026-08-12 00:00:00,61.4,91.1,0.0,5.3
2026-08-12 01:00:00,59.9,73.7,0.0,10.6
2026-08-12 02:00:00,58.7,88.1,0.0,2.2
2026-08-12 03:00:00,56.3,88.5,0.0,5.0
2026-08-12 04:00:00,58.1,78.5,0.0,11.1
2026-08-12 05:00:00,57.6,78.9,0.0,5.1
2026-08-12 06:00:00,68.6,70.2,0.0,6.2
2026-08-12 07:00:00,68.8,70.1,0.0,5.5
2026-08-12 08:00:00,70.9,73.5,0.0,8.1
2026-08-12 09:00:00,77.4,70.0,0.0,0.0
2026-08-12 10:00:00,73.9,63.9,0.0,5.4
2026-08-12 11:00:00,76.4,81.9,0.0,6.2
2026-08-12 12:00:00,85.3,64.3,0.0,3.0
2026-08-12 13:00:00,85.5,65.8,0.0,7.0
2026-08-12 14:00:00,90.0,59.9,0.0,8.4
2026-08-12 15:00:00,91.7,60.7,0.0,7.4
2026-08-12 16:00:00,92.9,59.6,0.0,11.3
2026-08-12 17:00:00,86.1,65.1,0.0,4.7
2026-08-12 18:00:00,87.3,64.4,0.0,7.5
2026-08-12 19:00:00,82.9,70.9,0.0,7.4
2026-08-12 20:00:00,79.7,69.8,0.0,5.3
2026-08-12 21:00:00,73.2,75.8,0.0,9.4
2026-08-12 22:00:00,73.6,71.9,0.0,6.9
2026-08-12 23:00:00,65.9,77.4,0.0,2.4
2026-08-13 00:00:00,67.1,74.4,0.0,8.3
2026-08-13 01:00:00,58.0,85.6,0.0,4.5
2026-08-13 02:00:00,60.2,81.0,0.0,5.0
2026-08-13 03:00:00,57.6,80.0,0.0,5.3
2026-08-13 04:00:00,57.5,79.9,0.0,8.2
2026-08-13 05:00:00,61.6,78.1,0.0,9.2
2026-08-13 06:00:00,61.9,78.6,0.0,5.5
2026-08-13 07:00:00,59.4,79.5,0.0,5.3
2026-08-13 08:00:00,62.4,75.4,0.0,0.0
2026-08-13 09:00:00,77.6,73.6,0.0,3.9
2026-08-13 10:00:00,81.8,71.7,0.0,3.2
2026-08-13 11:00:00,87.4,73.3,0.0,6.9
2026-08-13 12:00:00,86.1,62.1,0.0,5.7
2026-08-13 13:00:00,85.6,68.8,0.0,3.3
2026-08-13 14:00:00,89.4,53.8,0.0,6.5
2026-08-13 15:00:00,91.1,66.6,0.0,5.8
2026-08-13 16:00:00,87.9,56.8,0.0,0.0
2026-08-13 17:00:00,92.9,56.5,0.0,9.3
2026-08-13 18:00:00,91.8,63.7,0.0,9.0
2026-08-13 19:00:00,83.9,63.2,0.0,5.3
2026-08-13 20:00:00,78.7,65.4,0.0,7.1
2026-08-13 21:00:00,71.2,70.9,0.0,5.0
2026-08-13 22:00:00,74.0,75.5,0.0,1.2
2026-08-13 23:00:00,66.3,71.4,0.0,12.5
2026-08-14 00:00:00,61.9,78.2,0.0,8.2
2026-08-14 01:00:00,61.1,77.0,0.0,8.8
2026-08-14 02:00:00,56.8,85.3,0.0,5.1
2026-08-14 03:00:00,58.1,84.8,0.0,9.4
2026-08-14 04:00:00,54.7,73.2,0.0,1.9
2026-08-14 05:00:00,62.7,83.3,0.0,5.3
2026-08-14 06:00:00,62.3,75.2,0.0,8.2
2026-08-14 07:00:00,68.9,75.8,0.0,4.1
2026-08-14 08:00:00,69.5,69.6,0.0,8.7
2026-08-14 09:00:00,74.0,73.7,0.0,6.9
2026-08-14 10:00:00,75.6,83.7,0.0,6.6
2026-08-14 11:00:00,84.5,66.7,0.0,3.8
2026-08-14 12:00:00,83.9,64.1,0.0,7.2
2026-08-14 13:00:00,87.5,63.2,0.0,11.8
2026-08-14 14:00:00,90.3,55.5,0.0,6.5
2026-08-14 15:00:00,91.2,69.6,0.0,7.7
2026-08-14 16:00:00,86.1,66.7,0.0,8.1
2026-08-14 17:00:00,88.1,58.8,0.0,2.6
2026-08-14 18:00:00,88.0,59.0,0.0,5.6
2026-08-14 19:00:00,81.7,67.7,0.0,5.5
2026-08-14 20:00:00,78.0,74.2,0.0,0.0
2026-08-14 21:00:00,74.7,65.6,0.0,8.4
2026-08-14 22:00:00,69.7,79.7,0.0,3.2
2026-08-14 23:00:00,63.4,77.1,0.0,8.0
2026-08-15 00:00:00,62.4,73.5,0.0,3.7
2026-08-15 01:00:00,62.4,75.9,0.0,12.1
2026-08-15 02:00:00,55.6,90.7,0.0,5.2
2026-08-15 03:00:00,56.7,74.4,0.0,11.8
2026-08-15 04:00:00,54.8,78.7,0.0,5.5
2026-08-15 05:00:00,62.2,83.0,0.0,5.8
2026-08-15 06:00:00,62.3,79.3,0.0,10.7
2026-08-15 07:00:00,63.8,73.4,0.0,3.2
2026-08-15 08:00:00,70.2,78.7,0.0,6.1
2026-08-15 09:00:00,71.2,78.4,0.0,7.6
2026-08-15 10:00:00,75.9,72.4,0.0,7.2
2026-08-15 11:00:00,78.8,66.1,0.0,6.1
2026-08-15 12:00:00,83.3,64.4,0.0,5.7
2026-08-15 13:00:00,91.9,63.4,0.0,8.5
2026-08-15 14:00:00,88.4,57.3,0.0,6.5
2026-08-15 15:00:00,91.9,68.6,0.0,8.9
2026-08-15 16:00:00,88.1,72.5,0.0,7.2
2026-08-15 17:00:00,90.4,61.6,0.0,8.0
2026-08-15 18:00:00,83.4,68.4,0.0,9.4
2026-08-15 19:00:00,82.6,73.0,0.0,5.1
2026-08-15 20:00:00,78.6,79.0,0.0,9.3
2026-08-15 21:00:00,80.0,76.3,0.0,5.5
2026-08-15 22:00:00,71.5,64.5,0.0,1.8
2026-08-15 23:00:00,64.5,75.5,0.0,5.0
2026-08-16 00:00:00,64.1,79.7,0.0,3.8
2026-08-16 01:00:00,65.1,74.2,0.0,7.1
2026-08-16 02:00:00,54.1,91.7,0.0,5.1
2026-08-16 03:00:00,55.5,90.1,0.0,6.4
2026-08-16 04:00:00,57.6,76.8,0.0,9.0
2026-08-16 05:00:00,58.8,79.4,0.0,10.5
2026-08-16 06:00:00,61.6,74.9,0.0,6.9
2026-08-16 07:00:00,62.6,77.1,0.0,9.3
2026-08-16 08:00:00,73.3,71.0,0.0,5.5
2026-08-16 09:00:00,70.6,78.5,0.0,1.3
2026-08-16 10:00:00,77.9,65.2,0.0,2.5
2026-08-16 11:00:00,85.0,52.7,0.0,5.4
2026-08-16 12:00:00,85.7,57.3,0.0,8.4
2026-08-16 13:00:00,86.0,60.1,0.0,5.4
2026-08-16 14:00:00,86.7,61.5,0.0,9.6
2026-08-16 15:00:00,90.1,63.9,0.0,11.5
2026-08-16 16:00:00,88.2,58.6,0.0,3.3
2026-08-16 17:00:00,88.9,57.5,0.0,12.4
2026-08-16 18:00:00,82.3,62.6,0.0,1.1
2026-08-16 19:00:00,84.4,60.5,0.0,11.5
2026-08-16 20:00:00,78.7,66.5,0.0,5.9
2026-08-16 21:00:00,74.6,68.5,0.0,5.3
2026-08-16 22:00:00,73.4,75.6,0.0,6.0
2026-08-16 23:00:00,64.8,71.9,0.0,3.6
2026-08-17 00:00:00,60.5,77.4,0.0,10.5
2026-08-17 01:00:00,58.4,77.7,0.0,3.9
2026-08-17 02:00:00,57.6,84.9,0.0,4.3
2026-08-17 03:00:00,57.3,80.2,0.0,1.9
2026-08-17 04:00:00,56.0,87.0,0.0,3.8
2026-08-17 05:00:00,54.7,76.7,0.0,3.9
2026-08-17 06:00:00,60.9,78.7,0.0,3.7
2026-08-17 07:00:00,66.7,73.0,0.0,5.5
2026-08-17 08:00:00,70.1,67.8,0.0,2.7
2026-08-17 09:00:00,77.0,69.8,0.0,10.8
2026-08-17 10:00:00,83.2,75.4,0.0,5.5
2026-08-17 11:00:00,84.1,62.0,0.0,7.1
2026-08-17 12:00:00,89.1,62.9,0.0,8.6
2026-08-17 13:00:00,90.2,56.3,0.0,12.1
2026-08-17 14:00:00,94.2,53.4,0.0,8.7
2026-08-17 15:00:00,95.1,56.3,0.0,5.3
2026-08-17 16:00:00,92.3,59.5,0.0,2.8
2026-08-17 17:00:00,90.0,61.0,0.0,7.0
2026-08-17 18:00:00,85.1,64.5,0.0,9.2
2026-08-17 19:00:00,82.1,59.1,0.0,6.4
2026-08-17 20:00:00,77.4,66.8,0.0,6.2
2026-08-17 21:00:00,75.6,73.5,0.0,6.6
2026-08-17 22:00:00,67.9,68.3,0.0,0.4
2026-08-17 23:00:00,65.3,74.8,0.0,6.4
2026-08-18 00:00:00,56.4,83.0,0.0,8.2
2026-08-18 01:00:00,64.0,73.4,0.0,5.9
2026-08-18 02:00:00,57.5,82.6,0.0,9.4
2026-08-18 03:00:00,58.6,72.7,0.0,9.5
2026-08-18 04:00:00,61.6,83.0,0.0,4.5
2026-08-18 05:00:00,60.4,81.1,0.0,7.3
2026-08-18 06:00:00,65.9,76.5,0.0,6.1
2026-08-18 07:00:00,62.6,83.7,0.0,0.0
2026-08-18 08:00:00,75.6,69.3,0.0,5.4
2026-08-18 09:00:00,76.6,67.3,0.0,2.9
2026-08-18 10:00:00,78.7,76.1,0.0,6.4
2026-08-18 11:00:00,85.7,74.6,0.0,8.0
2026-08-18 12:00:00,82.6,63.6,0.0,5.3
2026-08-18 13:00:00,87.4,63.9,0.0,3.3
2026-08-18 14:00:00,93.4,66.4,0.0,6.7
2026-08-18 15:00:00,85.7,65.0,0.0,13.3
2026-08-18 16:00:00,91.2,65.3,0.0,0.0
2026-08-18 17:00:00,89.5,67.2,0.0,6.7
2026-08-18 18:00:00,90.4,59.9,0.0,4.4
2026-08-18 19:00:00,78.2,71.6,0.0,4.7
2026-08-18 20:00:00,82.2,67.3,0.0,5.7
2026-08-18 21:00:00,72.5,66.5,0.0,5.0
2026-08-18 22:00:00,68.5,69.9,0.0,7.8
2026-08-18 23:00:00,62.6,74.8,0.0,5.3
2026-08-19 00:00:00,59.5,84.4,0.0,0.0
2026-08-19 01:00:00,60.6,84.0,0.0,9.8
2026-08-19 02:00:00,55.1,85.9,0.0,9.4
2026-08-19 03:00:00,59.2,82.1,0.0,4.2
2026-08-19 04:00:00,56.3,83.6,0.0,6.1
2026-08-19 05:00:00,56.5,82.8,0.0,9.7
2026-08-19 06:00:00,60.9,81.1,0.0,9.1
2026-08-19 07:00:00,66.4,78.4,0.0,10.1
2026-08-19 08:00:00,68.8,67.6,0.0,7.1
2026-08-19 09:00:00,73.9,67.9,0.0,8.3
2026-08-19 10:00:00,79.8,63.5,0.0,10.2
2026-08-19 11:00:00,84.7,71.5,0.0,5.0
2026-08-19 12:00:00,84.6,74.2,0.0,7.3
2026-08-19 13:00:00,85.4,54.7,0.0,0.0
2026-08-19 14:00:00,89.8,70.9,0.0,1.3
2026-08-19 15:00:00,91.3,62.7,0.0,7.5
2026-08-19 16:00:00,86.0,70.3,0.0,8.0
2026-08-19 17:00:00,85.7,67.9,0.0,4.8
2026-08-19 18:00:00,83.6,73.7,0.0,4.2
2026-08-19 19:00:00,81.5,68.8,0.0,4.9
2026-08-19 20:00:00,76.1,63.8,0.0,6.6
2026-08-19 21:00:00,75.5,70.4,0.0,0.0
2026-08-19 22:00:00,65.5,79.0,0.0,7.4
2026-08-19 23:00:00,61.6,77.5,0.0,6.1
2026-08-20 00:00:00,61.2,82.1,0.0,6.7
2026-08-20 01:00:00,59.0,79.7,0.0,5.6
2026-08-20 02:00:00,54.2,79.7,0.0,1.9
2026-08-20 03:00:00,55.8,76.4,0.0,2.7
2026-08-20 04:00:00,56.8,79.3,0.0,10.6
2026-08-20 05:00:00,58.5,81.3,0.0,4.1
2026-08-20 06:00:00,62.5,68.4,0.0,8.4
2026-08-20 07:00:00,63.8,73.5,0.0,2.8
2026-08-20 08:00:00,73.1,62.3,0.0,6.0
2026-08-20 09:00:00,74.9,68.2,0.0,4.7
2026-08-20 10:00:00,75.9,76.8,0.0,5.1
2026-08-20 11:00:00,82.1,61.4,0.0,5.0
2026-08-20 12:00:00,85.5,69.0,0.0,10.3
2026-08-20 13:00:00,90.9,76.8,0.0,11.8
2026-08-20 14:00:00,88.0,71.4,0.0,6.7
2026-08-20 15:00:00,91.9,62.6,0.0,4.8
2026-08-20 16:00:00,89.6,67.5,0.0,2.0
2026-08-20 17:00:00,91.5,55.3,0.0,1.8
2026-08-20 18:00:00,88.4,56.0,0.0,10.3
2026-08-20 19:00:00,82.3,67.4,0.0,1.6
2026-08-20 20:00:00,77.2,72.0,0.0,4.7
2026-08-20 21:00:00,74.9,76.8,0.0,6.5
2026-08-20 22:00:00,69.0,71.7,0.0,0.0
2026-08-20 23:00:00,69.7,75.1,0.0,2.2
2026-08-21 00:00:00,62.2,79.1,0.0,2.0
2026-08-21 01:00:00,58.4,79.7,0.0,4.0
2026-08-21 02:00:00,56.6,81.0,0.0,6.8
2026-08-21 03:00:00,54.2,78.4,0.0,9.1
2026-08-21 04:00:00,59.2,81.4,0.0,4.0
2026-08-21 05:00:00,57.3,81.9,0.0,4.6
2026-08-21 06:00:00,64.7,74.7,0.0,5.6
2026-08-21 07:00:00,62.1,81.7,0.0,3.6
2026-08-21 08:00:00,69.6,79.3,0.0,7.3
2026-08-21 09:00:00,76.4,73.9,0.0,7.3
2026-08-21 10:00:00,72.4,67.5,0.0,0.0
2026-08-21 11:00:00,86.7,65.3,0.0,7.9
2026-08-21 12:00:00,84.0,61.7,0.0,6.4
2026-08-21 13:00:00,88.0,64.6,0.0,6.8
2026-08-21 14:00:00,90.7,58.1,0.0,9.5
2026-08-21 15:00:00,91.7,68.5,0.0,0.6
2026-08-21 16:00:00,90.0,66.9,0.0,2.2
2026-08-21 17:00:00,90.2,68.7,0.0,5.8
2026-08-21 18:00:00,86.4,70.3,0.0,0.0
2026-08-21 19:00:00,86.1,63.8,0.0,5.4
2026-08-21 20:00:00,79.1,66.9,0.0,8.5
2026-08-21 21:00:00,78.4,78.1,0.0,7.2
2026-08-21 22:00:00,71.6,72.3,0.0,6.2
2026-08-21 23:00:00,60.9,72.3,0.0,5.3
2026-08-22 00:00:00,68.4,79.9,0.0,4.7
2026-08-22 01:00:00,57.9,81.4,0.0,4.5
2026-08-22 02:00:00,61.4,86.3,0.0,6.7
2026-08-22 03:00:00,57.2,82.3,0.0,1.3
2026-08-22 04:00:00,60.3,79.2,0.0,10.4
2026-08-22 05:00:00,57.6,88.5,0.0,3.8
2026-08-22 06:00:00,63.5,69.9,0.0,7.7
2026-08-22 07:00:00,64.6,74.0,0.0,6.2
2026-08-22 08:00:00,73.1,67.8,0.0,2.5
2026-08-22 09:00:00,74.5,60.6,0.0,9.9
2026-08-22 10:00:00,80.0,72.9,0.0,9.2
2026-08-22 11:00:00,76.1,67.8,0.0,1.3
2026-08-22 12:00:00,84.7,70.4,0.0,5.8
2026-08-22 13:00:00,88.5,65.8,0.0,6.6
2026-08-22 14:00:00,89.7,66.2,0.0,0.0
2026-08-22 15:00:00,92.1,59.6,0.0,0.0
2026-08-22 16:00:00,88.2,60.2,0.0,3.5
2026-08-22 17:00:00,87.6,64.8,0.0,2.1
2026-08-22 18:00:00,87.9,68.8,0.0,2.9
2026-08-22 19:00:00,75.8,70.5,0.0,2.1
2026-08-22 20:00:00,79.1,65.5,0.0,5.6
2026-08-22 21:00:00,72.6,66.6,0.0,3.3
2026-08-22 22:00:00,66.9,76.7,0.0,9.3
2026-08-22 23:00:00,66.1,73.4,0.0,6.5
2026-08-23 00:00:00,64.9,76.5,0.0,8.4
2026-08-23 01:00:00,61.8,77.3,0.0,0.9
2026-08-23 02:00:00,57.3,78.8,0.0,4.1
2026-08-23 03:00:00,59.2,81.4,0.0,6.4
2026-08-23 04:00:00,59.8,82.4,0.0,7.4
2026-08-23 05:00:00,59.0,89.9,0.0,4.1
2026-08-23 06:00:00,60.1,83.3,0.0,4.5
2026-08-23 07:00:00,63.6,85.5,0.0,4.8
2026-08-23 08:00:00,71.2,69.3,0.0,5.1
2026-08-23 09:00:00,73.2,64.3,0.012,12.5
2026-08-23 10:00:00,74.9,71.3,0.0,6.9
2026-08-23 11:00:00,77.2,74.3,0.0,6.1
2026-08-23 12:00:00,86.8,68.3,0.0,2.2
2026-08-23 13:00:00,86.0,71.3,0.0,2.3
2026-08-23 14:00:00,89.8,50.4,0.0,5.4
2026-08-23 15:00:00,92.6,67.8,0.0,9.4
2026-08-23 16:00:00,85.7,67.1,0.0,5.4
2026-08-23 17:00:00,87.2,56.8,0.0,5.5
2026-08-23 18:00:00,84.3,69.7,0.0,3.8
2026-08-23 19:00:00,82.3,68.1,0.0,0.8
2026-08-23 20:00:00,80.6,70.1,0.0,7.3
2026-08-23 21:00:00,69.9,79.0,0.0,5.2
2026-08-23 22:00:00,70.5,75.9,0.0,7.3
2026-08-23 23:00:00,67.7,67.9,0.0,6.5
2026-08-24 00:00:00,61.2,78.1,0.0,3.1
2026-08-24 01:00:00,58.8,72.1,0.0,6.7
2026-08-24 02:00:00,58.5,83.5,0.0,2.1
2026-08-24 03:00:00,57.8,87.7,0.0,6.7
2026-08-24 04:00:00,59.0,73.9,0.0,5.8
2026-08-24 05:00:00,60.5,75.9,0.0,10.6
2026-08-24 06:00:00,59.2,75.5,0.0,3.4
2026-08-24 07:00:00,67.5,73.1,0.036,2.0
2026-08-24 08:00:00,71.9,75.0,0.0,4.8
2026-08-24 09:00:00,73.6,69.8,0.0,7.8
2026-08-24 10:00:00,73.6,75.3,0.0,0.0
2026-08-24 11:00:00,80.9,73.3,0.0,8.6
2026-08-24 12:00:00,85.1,71.2,0.0,5.4
2026-08-24 13:00:00,84.3,60.6,0.0,2.6
2026-08-24 14:00:00,87.9,71.1,0.0,4.9
2026-08-24 15:00:00,85.8,72.6,0.0,3.8
2026-08-24 16:00:00,90.3,70.6,0.0,2.3
2026-08-24 17:00:00,87.6,63.6,0.0,0.2
2026-08-24 18:00:00,80.5,64.5,0.0,8.2
2026-08-24 19:00:00,82.1,62.4,0.0,4.3
2026-08-24 20:00:00,77.2,64.5,0.0,4.8
2026-08-24 21:00:00,74.4,71.6,0.0,8.5
2026-08-24 22:00:00,68.0,79.4,0.0,6.2
2026-08-24 23:00:00,63.0,84.4,0.0,1.3
2026-08-25 00:00:00,59.7,77.3,0.0,8.0
2026-08-25 01:00:00,57.7,80.6,0.0,10.5
2026-08-25 02:00:00,57.5,80.4,0.0,7.5
2026-08-25 03:00:00,57.2,77.8,0.0,3.4
2026-08-25 04:00:00,56.9,84.9,0.0,1.6
2026-08-25 05:00:00,58.0,82.4,0.0,3.3
2026-08-25 06:00:00,60.7,79.8,0.0,6.3
2026-08-25 07:00:00,71.2,75.1,0.0,10.3
2026-08-25 08:00:00,66.9,78.8,0.0,3.7
2026-08-25 09:00:00,71.6,76.1,0.0,4.1
2026-08-25 10:00:00,85.4,61.3,0.0,9.1
2026-08-25 11:00:00,82.1,71.8,0.0,4.7
2026-08-25 12:00:00,81.0,69.3,0.0,11.1
2026-08-25 13:00:00,89.1,61.3,0.0,5.6
2026-08-25 14:00:00,86.3,66.2,0.0,9.5
2026-08-25 15:00:00,91.4,64.0,0.0,7.1
2026-08-25 16:00:00,88.1,69.5,0.0,8.1
2026-08-25 17:00:00,85.9,60.0,0.0,5.5
2026-08-25 18:00:00,88.4,70.5,0.0,5.7
2026-08-25 19:00:00,82.5,67.3,0.0,7.3
2026-08-25 20:00:00,79.6,66.2,0.0,8.4
2026-08-25 21:00:00,74.1,69.1,0.0,7.6
2026-08-25 22:00:00,67.7,70.3,0.0,0.7
2026-08-25 23:00:00,66.5,67.2,0.0,6.8
2026-08-26 00:00:00,64.5,80.4,0.0,4.0
2026-08-26 01:00:00,59.3,89.8,0.0,4.4
2026-08-26 02:00:00,61.8,70.4,0.0,7.4
2026-08-26 03:00:00,58.9,75.4,0.0,11.1
2026-08-26 04:00:00,57.8,84.4,0.0,5.3
2026-08-26 05:00:00,59.5,79.5,0.0,11.9
2026-08-26 06:00:00,61.8,82.7,0.0,2.7
2026-08-26 07:00:00,61.7,78.1,0.0,9.7
2026-08-26 08:00:00,68.5,71.9,0.0,7.3
2026-08-26 09:00:00,73.4,71.0,0.0,6.6
2026-08-26 10:00:00,76.0,58.8,0.0,10.1
2026-08-26 11:00:00,81.7,61.8,0.0,4.1
2026-08-26 12:00:00,84.3,70.9,0.0,9.8
2026-08-26 13:00:00,88.7,69.7,0.0,5.4
2026-08-26 14:00:00,90.0,70.0,0.0,4.1
2026-08-26 15:00:00,89.4,65.6,0.0,2.0
2026-08-26 16:00:00,85.0,54.5,0.0,10.8
2026-08-26 17:00:00,91.3,59.1,0.0,9.4
2026-08-26 18:00:00,83.9,73.0,0.0,4.6
2026-08-26 19:00:00,80.7,76.2,0.0,7.6
2026-08-26 20:00:00,76.2,77.4,0.0,6.4
2026-08-26 21:00:00,71.6,71.9,0.0,4.9
2026-08-26 22:00:00,72.5,66.1,0.0,8.9
2026-08-26 23:00:00,68.3,74.7,0.0,4.1
2026-08-27 00:00:00,62.5,78.2,0.0,0.0
2026-08-27 01:00:00,58.5,88.1,0.0,6.8
2026-08-27 02:00:00,58.8,81.3,0.0,6.2
2026-08-27 03:00:00,56.9,81.3,0.0,4.2
2026-08-27 04:00:00,56.7,81.7,0.0,3.3
2026-08-27 05:00:00,59.7,81.7,0.0,1.3
2026-08-27 06:00:00,60.3,82.5,0.0,4.9
2026-08-27 07:00:00,65.3,73.0,0.0,3.4
2026-08-27 08:00:00,69.1,69.2,0.0,8.9
2026-08-27 09:00:00,74.2,78.5,0.0,7.5
2026-08-27 10:00:00,75.3,62.9,0.0,4.5
2026-08-27 11:00:00,82.5,75.3,0.0,7.6
2026-08-27 12:00:00,81.8,58.0,0.0,5.7
2026-08-27 13:00:00,85.2,62.7,0.0,5.2
2026-08-27 14:00:00,86.9,69.6,0.0,5.8
2026-08-27 15:00:00,86.1,65.2,0.0,11.3
2026-08-27 16:00:00,90.7,56.0,0.0,7.9
2026-08-27 17:00:00,84.2,68.3,0.0,5.1
2026-08-27 18:00:00,82.3,67.6,0.0,8.7
2026-08-27 19:00:00,83.9,65.3,0.0,8.6
2026-08-27 20:00:00,75.4,67.9,0.0,6.8
2026-08-27 21:00:00,72.2,72.6,0.0,5.0
2026-08-27 22:00:00,66.0,73.3,0.0,4.8
2026-08-27 23:00:00,66.8,87.9,0.0,2.8
2026-08-28 00:00:00,63.4,76.4,0.0,6.5
2026-08-28 01:00:00,60.6,77.3,0.0,4.2
2026-08-28 02:00:00,58.5,77.6,0.0,4.7
2026-08-28 03:00:00,56.8,90.2,0.0,7.9
2026-08-28 04:00:00,55.8,73.6,0.0,11.1
2026-08-28 05:00:00,56.7,83.1,0.0,7.1
2026-08-28 06:00:00,64.5,75.8,0.0,5.7
2026-08-28 07:00:00,66.5,68.8,0.0,5.9
2026-08-28 08:00:00,66.7,71.7,0.0,9.4
2026-08-28 09:00:00,72.7,74.1,0.0,7.2
2026-08-28 10:00:00,75.9,66.4,0.0,6.6
2026-08-28 11:00:00,77.7,71.0,0.0,6.8
2026-08-28 12:00:00,84.3,74.8,0.0,1.7
2026-08-28 13:00:00,85.4,66.4,0.0,7.2
2026-08-28 14:00:00,85.6,58.1,0.0,3.4
2026-08-28 15:00:00,84.8,61.6,0.0,7.2
2026-08-28 16:00:00,84.1,64.8,0.0,3.8
2026-08-28 17:00:00,85.5,63.7,0.0,7.8
2026-08-28 18:00:00,83.6,67.3,0.0,5.5
2026-08-28 19:00:00,78.4,71.0,0.0,2.6
2026-08-28 20:00:00,78.3,78.1,0.0,5.1
2026-08-28 21:00:00,72.4,72.7,0.0,12.6
2026-08-28 22:00:00,69.9,68.3,0.0,0.0
2026-08-28 23:00:00,64.1,83.0,0.0,6.5
2026-08-29 00:00:00,59.2,86.3,0.0,3.0
2026-08-29 01:00:00,58.9,81.3,0.0,10.1
2026-08-29 02:00:00,53.9,81.6,0.0,8.4
2026-08-29 03:00:00,57.8,83.8,0.0,6.6
2026-08-29 04:00:00,54.7,81.4,0.0,8.8
2026-08-29 05:00:00,60.9,68.7,0.0,6.7
2026-08-29 06:00:00,60.3,82.2,0.0,6.0
2026-08-29 07:00:00,67.1,80.1,0.0,4.2
2026-08-29 08:00:00,65.5,83.7,0.0,4.9
2026-08-29 09:00:00,70.7,70.0,0.0,4.6
2026-08-29 10:00:00,77.5,71.0,0.0,6.0
2026-08-29 11:00:00,83.3,67.9,0.0,0.3
2026-08-29 12:00:00,87.8,64.6,0.0,9.1
2026-08-29 13:00:00,86.3,65.6,0.0,11.8
2026-08-29 14:00:00,92.4,61.9,0.0,4.7
2026-08-29 15:00:00,87.6,65.4,0.0,9.5
2026-08-29 16:00:00,90.5,66.4,0.0,5.6
2026-08-29 17:00:00,83.8,72.5,0.0,4.2
2026-08-29 18:00:00,84.7,62.1,0.0,4.9
2026-08-29 19:00:00,74.5,70.7,0.0,6.3
2026-08-29 20:00:00,73.7,69.8,0.0,3.8
2026-08-29 21:00:00,73.6,69.2,0.0,7.8
2026-08-29 22:00:00,65.0,68.7,0.0,4.4
2026-08-29 23:00:00,65.5,76.6,0.0,2.8
2026-08-30 00:00:00,63.3,80.1,0.0,5.9
2026-08-30 01:00:00,57.2,80.2,0.0,3.9
2026-08-30 02:00:00,54.5,82.5,0.0,5.0
2026-08-30 03:00:00,55.2,84.2,0.0,5.8
2026-08-30 04:00:00,54.5,89.6,0.0,2.0
2026-08-30 05:00:00,58.2,78.4,0.0,10.4
2026-08-30 06:00:00,61.3,72.9,0.0,8.4
2026-08-30 07:00:00,63.5,77.1,0.0,4.1
2026-08-30 08:00:00,72.3,82.1,0.0,5.9
2026-08-30 09:00:00,70.5,67.9,0.0,7.9
2026-08-30 10:00:00,79.8,71.8,0.0,6.6
2026-08-30 11:00:00,77.6,75.6,0.0,11.6
2026-08-30 12:00:00,83.7,54.7,0.0,5.3
2026-08-30 13:00:00,89.0,65.6,0.0,9.6
2026-08-30 14:00:00,90.4,65.8,0.0,2.0
2026-08-30 15:00:00,87.1,63.3,0.0,2.5
2026-08-30 16:00:00,89.0,60.3,0.0,11.1
2026-08-30 17:00:00,87.1,61.7,0.0,4.7
2026-08-30 18:00:00,82.1,65.7,0.0,2.5
2026-08-30 19:00:00,81.7,66.0,0.0,5.9
2026-08-30 20:00:00,81.0,65.5,0.0,9.8
2026-08-30 21:00:00,73.4,70.4,0.0,3.7
2026-08-30 22:00:00,69.6,80.2,0.0,5.9
2026-08-30 23:00:00,66.0,70.1,0.0,0.4
2026-08-31 00:00:00,57.2,72.3,0.0,4.6
2026-08-31 01:00:00,59.5,85.8,0.0,9.0
2026-08-31 02:00:00,54.3,81.7,0.0,3.6
2026-08-31 03:00:00,54.8,80.4,0.0,2.2
2026-08-31 04:00:00,62.2,77.7,0.0,3.7
2026-08-31 05:00:00,57.8,81.8,0.0,4.2
2026-08-31 06:00:00,59.1,77.4,0.0,8.3
2026-08-31 07:00:00,67.1,78.1,0.0,7.1
2026-08-31 08:00:00,65.6,71.6,0.0,7.7
2026-08-31 09:00:00,71.0,72.0,0.0,6.1
2026-08-31 10:00:00,79.3,57.8,0.0,4.1
2026-08-31 11:00:00,80.1,74.3,0.0,3.7
2026-08-31 12:00:00,79.4,68.0,0.0,7.3
2026-08-31 13:00:00,87.2,67.9,0.0,10.8
2026-08-31 14:00:00,86.4,67.4,0.0,3.2
2026-08-31 15:00:00,91.8,64.8,0.0,2.9
2026-08-31 16:00:00,85.9,65.2,0.0,2.6
2026-08-31 17:00:00,88.4,65.8,0.0,8.5
2026-08-31 18:00:00,87.7,59.4,0.0,5.9
2026-08-31 19:00:00,77.9,63.8,0.0,7.7
2026-08-31 20:00:00,75.7,70.4,0.0,4.5
2026-08-31 21:00:00,73.1,68.9,0.0,7.9
2026-08-31 22:00:00,65.9,83.4,0.0,5.1
2026-08-31 23:00:00,64.9,78.7,0.0,1.4
2026-09-01 00:00:00,60.2,75.8,0.0,8.8
2026-09-01 01:00:00,57.7,79.4,0.0,5.9
2026-09-01 02:00:00,56.8,81.9,0.0,5.1
2026-09-01 03:00:00,56.3,81.2,0.0,6.8
2026-09-01 04:00:00,57.1,82.4,0.0,1.7
2026-09-01 05:00:00,56.8,81.6,0.0,7.3
2026-09-01 06:00:00,59.4,72.9,0.0,4.2
2026-09-01 07:00:00,63.7,66.7,0.0,5.5
2026-09-01 08:00:00,67.7,73.4,0.0,9.4
2026-09-01 09:00:00,70.8,76.3,0.0,7.9
2026-09-01 10:00:00,76.8,68.4,0.0,5.5
2026-09-01 11:00:00,75.3,77.3,0.0,5.7
2026-09-01 12:00:00,81.3,67.6,0.0,0.0
2026-09-01 13:00:00,84.9,72.6,0.0,3.5
2026-09-01 14:00:00,85.0,71.5,0.0,6.5
2026-09-01 15:00:00,91.8,67.3,0.0,3.7
2026-09-01 16:00:00,87.2,58.5,0.0,2.0
2026-09-01 17:00:00,86.0,65.3,0.0,7.4
2026-09-01 18:00:00,81.9,73.6,0.0,9.9
2026-09-01 19:00:00,79.8,70.0,0.0,3.8
2026-09-01 20:00:00,73.0,75.1,0.0,8.6
2026-09-01 21:00:00,71.5,66.2,0.0,8.2
2026-09-01 22:00:00,65.5,86.1,0.0,3.1
2026-09-01 23:00:00,63.4,73.7,0.0,3.8
2026-09-02 00:00:00,54.3,72.7,0.0,11.4
2026-09-02 01:00:00,55.3,80.3,0.0,2.6
2026-09-02 02:00:00,60.2,67.1,0.0,4.2
2026-09-02 03:00:00,58.1,75.1,0.0,11.9
2026-09-02 04:00:00,59.9,92.4,0.0,4.3
2026-09-02 05:00:00,61.6,76.7,0.0,10.1
2026-09-02 06:00:00,62.3,71.1,0.0,2.9
2026-09-02 07:00:00,62.8,78.1,0.0,6.4
2026-09-02 08:00:00,65.1,72.2,0.0,9.3
2026-09-02 09:00:00,74.6,75.8,0.0,4.6
2026-09-02 10:00:00,76.0,66.3,0.0,6.3
2026-09-02 11:00:00,85.9,66.6,0.0,8.2
2026-09-02 12:00:00,82.0,61.7,0.0,3.3
2026-09-02 13:00:00,90.3,75.8,0.0,12.7
2026-09-02 14:00:00,86.5,67.4,0.0,9.1
2026-09-02 15:00:00,90.8,61.8,0.0,4.9
2026-09-02 16:00:00,91.2,60.9,0.0,5.3
2026-09-02 17:00:00,82.8,64.2,0.0,11.7
2026-09-02 18:00:00,81.7,63.8,0.0,4.9
2026-09-02 19:00:00,77.0,66.2,0.0,4.6
2026-09-02 20:00:00,72.8,80.9,0.0,9.4
2026-09-02 21:00:00,73.4,69.4,0.0,1.8
2026-09-02 22:00:00,67.2,64.9,0.0,5.8
2026-09-02 23:00:00,64.0,71.4,0.0,6.3
2026-09-03 00:00:00,61.9,83.1,0.0,3.9
2026-09-03 01:00:00,53.4,81.9,0.0,1.3
2026-09-03 02:00:00,59.7,79.0,0.0,6.2
2026-09-03 03:00:00,55.1,88.1,0.0,8.1
2026-09-03 04:00:00,57.8,76.8,0.0,4.0
2026-09-03 05:00:00,59.6,82.9,0.0,2.5
2026-09-03 06:00:00,64.0,74.0,0.0,9.8
2026-09-03 07:00:00,63.5,80.5,0.0,7.6
2026-09-03 08:00:00,62.2,76.3,0.0,4.9
2026-09-03 09:00:00,71.7,71.8,0.0,8.8
2026-09-03 10:00:00,76.1,74.7,0.0,6.7
2026-09-03 11:00:00,76.8,74.0,0.0,11.4
2026-09-03 12:00:00,83.0,66.0,0.0,8.0
2026-09-03 13:00:00,84.2,63.8,0.0,1.8
2026-09-03 14:00:00,83.4,74.6,0.0,4.0
2026-09-03 15:00:00,88.9,66.5,0.0,4.2
2026-09-03 16:00:00,85.3,63.6,0.0,6.9
2026-09-03 17:00:00,84.1,63.0,0.0,5.1
2026-09-03 18:00:00,81.5,72.8,0.0,2.6
2026-09-03 19:00:00,82.5,67.7,0.0,7.8
2026-09-03 20:00:00,75.5,70.1,0.0,9.0
2026-09-03 21:00:00,71.8,73.6,0.0,5.7
2026-09-03 22:00:00,66.4,77.6,0.0,6.6
2026-09-03 23:00:00,64.9,76.5,0.0,3.1
2026-09-04 00:00:00,63.8,83.4,0.0,4.4
2026-09-04 01:00:00,59.5,86.1,0.0,4.6
2026-09-04 02:00:00,58.1,83.2,0.0,7.7
2026-09-04 03:00:00,57.3,87.8,0.0,6.8
2026-09-04 04:00:00,52.9,83.4,0.0,5.0
2026-09-04 05:00:00,55.7,85.3,0.0,4.9
2026-09-04 06:00:00,59.9,84.6,0.0,0.1
2026-09-04 07:00:00,61.8,83.6,0.0,10.8
2026-09-04 08:00:00,64.7,81.5,0.0,0.0
2026-09-04 09:00:00,66.7,78.9,0.0,7.3
2026-09-04 10:00:00,72.1,82.6,0.0,6.1
2026-09-04 11:00:00,78.6,66.6,0.0,5.2
2026-09-04 12:00:00,82.3,66.5,0.0,6.0
2026-09-04 13:00:00,82.9,65.8,0.0,4.0
2026-09-04 14:00:00,86.7,63.0,0.0,8.0
2026-09-04 15:00:00,85.9,55.3,0.0,2.1
2026-09-04 16:00:00,89.2,70.3,0.0,7.0
2026-09-04 17:00:00,84.5,60.9,0.0,4.0
2026-09-04 18:00:00,84.2,67.0,0.0,4.7
2026-09-04 19:00:00,79.7,61.5,0.0,4.8
2026-09-04 20:00:00,72.0,76.0,0.0,5.5
2026-09-04 21:00:00,71.2,69.4,0.0,7.5
2026-09-04 22:00:00,64.3,71.5,0.0,5.9
2026-09-04 23:00:00,63.4,78.6,0.0,8.8
2026-09-05 00:00:00,58.4,76.9,0.0,9.1
2026-09-05 01:00:00,58.7,77.3,0.0,6.9
2026-09-05 02:00:00,52.9,84.3,0.0,8.0
2026-09-05 03:00:00,55.8,85.8,0.0,12.1
2026-09-05 04:00:00,57.7,76.7,0.0,1.8
2026-09-05 05:00:00,60.1,74.5,0.0,9.2
2026-09-05 06:00:00,58.4,80.5,0.0,10.6
2026-09-05 07:00:00,63.5,80.3,0.0,7.3
2026-09-05 08:00:00,67.7,82.6,0.0,11.7
2026-09-05 09:00:00,75.1,65.8,0.0,11.3
2026-09-05 10:00:00,71.6,71.5,0.0,5.0
2026-09-05 11:00:00,76.7,76.2,0.0,5.2
2026-09-05 12:00:00,89.2,73.3,0.0,7.6
2026-09-05 13:00:00,84.0,61.3,0.0,4.1
2026-09-05 14:00:00,81.5,64.0,0.0,14.1
2026-09-05 15:00:00,85.3,67.5,0.0,8.4
2026-09-05 16:00:00,79.3,66.0,0.0,6.1
2026-09-05 17:00:00,85.3,61.8,0.0,1.8
2026-09-05 18:00:00,84.3,67.4,0.0,6.8
2026-09-05 19:00:00,76.7,78.0,0.0,2.4
2026-09-05 20:00:00,74.1,65.2,0.0,8.3
2026-09-05 21:00:00,73.6,79.5,0.0,0.0
2026-09-05 22:00:00,62.9,75.1,0.0,10.2
2026-09-05 23:00:00,60.2,81.1,0.0,4.7
2026-09-06 00:00:00,59.6,87.7,0.0,0.9
2026-09-06 01:00:00,55.8,83.4,0.0,6.0
2026-09-06 02:00:00,55.4,80.5,0.0,6.1
2026-09-06 03:00:00,52.4,87.3,0.0,5.8
2026-09-06 04:00:00,56.7,80.5,0.0,10.1
2026-09-06 05:00:00,57.3,83.6,0.0,7.1
2026-09-06 06:00:00,61.5,77.7,0.0,8.4
2026-09-06 07:00:00,63.8,81.7,0.0,5.3
2026-09-06 08:00:00,67.6,68.4,0.0,7.3
2026-09-06 09:00:00,67.5,70.3,0.0,2.1
2026-09-06 10:00:00,76.3,63.5,0.0,6.8
2026-09-06 11:00:00,78.0,69.3,0.0,3.7
2026-09-06 12:00:00,81.6,60.0,0.0,10.0
2026-09-06 13:00:00,87.1,61.1,0.0,6.2
2026-09-06 14:00:00,84.2,60.6,0.0,8.0
2026-09-06 15:00:00,89.9,70.4,0.0,6.8
2026-09-06 16:00:00,89.6,58.3,0.0,11.4
2026-09-06 17:00:00,86.4,58.6,0.0,1.3
2026-09-06 18:00:00,79.6,70.0,0.0,5.7
2026-09-06 19:00:00,73.3,80.6,0.0,3.1
2026-09-06 20:00:00,77.8,69.1,0.0,0.0
2026-09-06 21:00:00,71.3,73.1,0.0,2.9
2026-09-06 22:00:00,65.2,83.1,0.0,9.5
2026-09-06 23:00:00,66.3,80.4,0.0,5.9
2026-09-07 00:00:00,57.8,82.8,0.0,5.3
2026-09-07 01:00:00,56.5,78.5,0.0,8.3
2026-09-07 02:00:00,57.3,83.3,0.0,6.3
2026-09-07 03:00:00,52.7,76.7,0.0,7.8
2026-09-07 04:00:00,55.7,78.7,0.0,7.0
2026-09-07 05:00:00,60.3,86.5,0.0,7.6
2026-09-07 06:00:00,60.5,85.7,0.0,4.7
2026-09-07 07:00:00,66.3,78.2,0.0,9.1
2026-09-07 08:00:00,69.7,64.5,0.0,2.4
2026-09-07 09:00:00,70.9,67.5,0.0,5.7
2026-09-07 10:00:00,69.0,71.1,0.0,9.3
2026-09-07 11:00:00,75.8,69.9,0.0,5.5
2026-09-07 12:00:00,83.7,60.2,0.0,4.7
2026-09-07 13:00:00,80.4,67.1,0.0,12.9
2026-09-07 14:00:00,85.0,74.6,0.0,10.3
2026-09-07 15:00:00,87.1,66.6,0.0,6.4
2026-09-07 16:00:00,89.4,64.4,0.0,3.1
2026-09-07 17:00:00,82.8,61.9,0.0,0.0
2026-09-07 18:00:00,80.2,60.2,0.0,8.1
2026-09-07 19:00:00,78.5,63.2,0.0,9.8
2026-09-07 20:00:00,75.8,62.4,0.0,7.2
2026-09-07 21:00:00,70.5,74.1,0.0,0.9
2026-09-07 22:00:00,69.5,76.2,0.0,6.5
2026-09-07 23:00:00,61.2,74.0,0.0,4.5
2026-09-08 00:00:00,60.2,80.2,0.0,6.5
2026-09-08 01:00:00,58.5,87.7,0.0,11.8
2026-09-08 02:00:00,54.9,92.1,0.0,8.4
2026-09-08 03:00:00,57.5,84.8,0.0,7.7
2026-09-08 04:00:00,56.3,80.7,0.0,5.9
2026-09-08 05:00:00,59.4,83.5,0.0,7.2
2026-09-08 06:00:00,60.3,86.1,0.0,3.8
2026-09-08 07:00:00,64.0,67.3,0.0,7.7
2026-09-08 08:00:00,65.2,84.1,0.0,5.4
2026-09-08 09:00:00,69.1,71.8,0.0,3.5
2026-09-08 10:00:00,77.7,67.1,0.0,8.4
2026-09-08 11:00:00,80.0,66.7,0.0,0.0
2026-09-08 12:00:00,79.0,70.7,0.0,4.4
2026-09-08 13:00:00,84.4,60.5,0.0,7.8
2026-09-08 14:00:00,79.6,67.3,0.0,9.7
2026-09-08 15:00:00,84.6,68.6,0.0,7.4
2026-09-08 16:00:00,87.9,65.2,0.0,4.0
2026-09-08 17:00:00,83.7,68.4,0.0,5.8
2026-09-08 18:00:00,81.9,65.9,0.0,6.9
2026-09-08 19:00:00,70.8,77.0,0.0,10.7
2026-09-08 20:00:00,73.7,77.2,0.0,8.8
2026-09-08 21:00:00,71.6,78.1,0.0,8.8
2026-09-08 22:00:00,67.9,77.3,0.0,6.2
2026-09-08 23:00:00,65.4,81.2,0.0,2.8
2026-09-09 00:00:00,59.2,84.3,0.0,1.8
2026-09-09 01:00:00,56.9,94.6,0.0,5.1
2026-09-09 02:00:00,52.4,89.8,0.0,8.1
2026-09-09 03:00:00,54.7,82.0,0.0,4.5
2026-09-09 04:00:00,52.6,79.0,0.0,7.7
2026-09-09 05:00:00,52.7,82.2,0.0,3.6
2026-09-09 06:00:00,57.0,79.5,0.0,4.1
2026-09-09 07:00:00,66.6,78.4,0.0,10.2
2026-09-09 08:00:00,65.9,72.8,0.0,8.3
2026-09-09 09:00:00,71.1,79.4,0.0,5.1
2026-09-09 10:00:00,73.2,65.3,0.0,3.5
2026-09-09 11:00:00,73.7,63.8,0.0,8.8
2026-09-09 12:00:00,83.7,65.8,0.0,8.6
2026-09-09 13:00:00,78.3,65.2,0.0,7.9
2026-09-09 14:00:00,83.9,60.1,0.0,5.5
2026-09-09 15:00:00,85.7,62.2,0.0,2.7
2026-09-09 16:00:00,85.9,61.5,0.0,6.0
2026-09-09 17:00:00,81.9,67.5,0.0,10.2
2026-09-09 18:00:00,76.7,67.2,0.0,3.3
2026-09-09 19:00:00,76.2,67.9,0.0,6.1
2026-09-09 20:00:00,72.6,72.5,0.0,10.9
2026-09-09 21:00:00,68.6,79.8,0.0,5.1
2026-09-09 22:00:00,69.0,81.9,0.0,5.6
2026-09-09 23:00:00,59.8,80.3,0.0,1.9
2026-09-10 00:00:00,60.3,80.5,0.0,7.9
2026-09-10 01:00:00,57.5,79.9,0.0,3.8
2026-09-10 02:00:00,58.0,83.0,0.0,1.3
2026-09-10 03:00:00,54.8,84.3,0.0,3.1
2026-09-10 04:00:00,57.6,87.4,0.0,6.6
2026-09-10 05:00:00,56.7,71.9,0.0,1.3
2026-09-10 06:00:00,60.7,78.0,0.0,1.8
2026-09-10 07:00:00,59.0,81.8,0.0,7.7
2026-09-10 08:00:00,59.8,79.5,0.0,5.8
2026-09-10 09:00:00,71.3,68.6,0.0,3.3
2026-09-10 10:00:00,75.3,64.6,0.0,5.0
2026-09-10 11:00:00,79.1,73.0,0.0,11.2
2026-09-10 12:00:00,79.8,64.8,0.0,9.8
2026-09-10 13:00:00,87.2,55.7,0.0,5.7
2026-09-10 14:00:00,83.9,70.7,0.0,8.4
2026-09-10 15:00:00,86.6,67.2,0.0,6.4
2026-09-10 16:00:00,86.5,64.3,0.0,0.7
2026-09-10 17:00:00,87.8,59.6,0.0,0.1
2026-09-10 18:00:00,80.3,67.8,0.0,3.3
2026-09-10 19:00:00,76.3,76.6,0.0,1.3
2026-09-10 20:00:00,70.5,65.6,0.0,6.8
2026-09-10 21:00:00,74.2,63.9,0.0,4.4
2026-09-10 22:00:00,67.4,72.3,0.0,7.3
2026-09-10 23:00:00,63.9,77.2,0.0,7.3
2026-09-11 00:00:00,67.2,73.1,0.0,8.1
2026-09-11 01:00:00,57.8,83.9,0.0,3.2
2026-09-11 02:00:00,52.2,89.2,0.0,7.5
2026-09-11 03:00:00,54.5,83.9,0.0,3.1
2026-09-11 04:00:00,53.1,86.1,0.0,8.1
2026-09-11 05:00:00,56.0,83.0,0.0,9.7
2026-09-11 06:00:00,58.4,80.4,0.0,8.2
2026-09-11 07:00:00,61.1,72.4,0.0,5.5
2026-09-11 08:00:00,62.7,72.9,0.0,7.7
2026-09-11 09:00:00,74.1,65.0,0.0,1.4
2026-09-11 10:00:00,74.8,70.6,0.0,0.7
2026-09-11 11:00:00,77.1,71.2,0.0,7.4
2026-09-11 12:00:00,82.7,59.7,0.0,9.9
2026-09-11 13:00:00,84.4,66.4,0.0,2.3
2026-09-11 14:00:00,85.5,61.1,0.0,6.0
2026-09-11 15:00:00,87.0,59.3,0.0,7.3
2026-09-11 16:00:00,85.1,62.6,0.0,4.2
2026-09-11 17:00:00,84.9,60.2,0.0,5.0
2026-09-11 18:00:00,82.7,70.0,0.0,7.8
2026-09-11 19:00:00,78.1,68.7,0.0,6.3
2026-09-11 20:00:00,73.5,76.1,0.0,6.3
2026-09-11 21:00:00,74.0,69.6,0.0,3.1
2026-09-11 22:00:00,65.0,74.7,0.0,5.9
2026-09-11 23:00:00,63.5,86.9,0.0,4.8
2026-09-12 00:00:00,60.3,71.2,0.0,5.0
2026-09-12 01:00:00,55.4,88.5,0.0,4.4
2026-09-12 02:00:00,53.4,91.4,0.0,5.9
2026-09-12 03:00:00,54.0,86.6,0.0,3.4
2026-09-12 04:00:00,54.1,81.1,0.0,6.0
2026-09-12 05:00:00,53.2,90.4,0.0,4.9
2026-09-12 06:00:00,57.6,79.2,0.0,3.2
2026-09-12 07:00:00,63.1,74.3,0.0,0.2
2026-09-12 08:00:00,69.2,72.5,0.0,8.8
2026-09-12 09:00:00,71.3,70.4,0.0,8.2
2026-09-12 10:00:00,67.3,70.7,0.0,3.6
2026-09-12 11:00:00,79.1,74.6,0.0,8.0
2026-09-12 12:00:00,79.2,65.1,0.0,2.9
2026-09-12 13:00:00,84.1,66.1,0.0,5.1
2026-09-12 14:00:00,84.5,58.8,0.0,4.4
2026-09-12 15:00:00,84.5,66.2,0.0,5.2
2026-09-12 16:00:00,84.3,60.4,0.0,7.9
2026-09-12 17:00:00,82.9,61.0,0.0,4.8
2026-09-12 18:00:00,84.0,65.8,0.0,5.0
2026-09-12 19:00:00,77.4,75.2,0.0,8.2
2026-09-12 20:00:00,76.6,72.6,0.0,6.2
2026-09-12 21:00:00,72.3,75.3,0.0,4.2
2026-09-12 22:00:00,67.7,74.6,0.0,6.7
2026-09-12 23:00:00,57.9,79.0,0.0,9.0
2026-09-13 00:00:00,61.9,82.4,0.0,9.2
2026-09-13 01:00:00,55.6,79.1,0.0,2.0
2026-09-13 02:00:00,57.0,85.3,0.0,2.2
2026-09-13 03:00:00,52.3,89.9,0.0,9.0
2026-09-13 04:00:00,52.3,79.5,0.0,5.1
2026-09-13 05:00:00,61.7,75.1,0.0,0.0
2026-09-13 06:00:00,56.7,78.6,0.0,3.8
2026-09-13 07:00:00,65.1,69.4,0.0,4.7
2026-09-13 08:00:00,66.2,73.8,0.0,5.1
2026-09-13 09:00:00,68.7,81.2,0.0,8.3
2026-09-13 10:00:00,73.5,66.8,0.0,3.2
2026-09-13 11:00:00,74.0,78.4,0.0,8.8
2026-09-13 12:00:00,80.3,66.2,0.0,6.9
2026-09-13 13:00:00,80.0,79.0,0.0,2.1
2026-09-13 14:00:00,83.3,63.3,0.0,5.0
2026-09-13 15:00:00,87.1,63.9,0.0,7.5
2026-09-13 16:00:00,84.9,61.3,0.0,6.1
2026-09-13 17:00:00,79.0,65.6,0.0,7.1
2026-09-13 18:00:00,82.5,73.8,0.0,4.2
2026-09-13 19:00:00,77.2,72.4,0.0,7.7
2026-09-13 20:00:00,72.3,77.9,0.0,4.8
2026-09-13 21:00:00,71.6,66.5,0.0,13.6
2026-09-13 22:00:00,65.4,79.8,0.0,2.0
2026-09-13 23:00:00,59.3,75.0,0.0,14.1
2026-09-14 00:00:00,63.6,70.8,0.0,3.1
2026-09-14 01:00:00,56.6,82.6,0.0,9.8
2026-09-14 02:00:00,54.9,83.4,0.0,8.5
2026-09-14 03:00:00,53.6,83.3,0.0,3.3
2026-09-14 04:00:00,58.1,84.2,0.0,7.8
2026-09-14 05:00:00,55.3,86.5,0.0,4.5
2026-09-14 06:00:00,55.1,89.5,0.0,6.8
2026-09-14 07:00:00,60.4,73.3,0.0,6.4
2026-09-14 08:00:00,69.0,82.1,0.0,5.0
2026-09-14 09:00:00,71.6,82.5,0.0,4.7
2026-09-14 10:00:00,72.8,70.6,0.0,7.0
2026-09-14 11:00:00,80.4,59.9,0.0,3.3
2026-09-14 12:00:00,82.0,60.5,0.0,3.4
2026-09-14 13:00:00,81.8,65.2,0.0,8.9
2026-09-14 14:00:00,83.6,76.6,0.0,7.3
2026-09-14 15:00:00,85.3,65.7,0.0,2.1
2026-09-14 16:00:00,81.9,64.4,0.0,3.0
2026-09-14 17:00:00,82.5,63.7,0.0,0.0
2026-09-14 18:00:00,80.9,61.4,0.0,8.7
2026-09-14 19:00:00,72.8,76.8,0.0,8.1
2026-09-14 20:00:00,72.9,71.9,0.0,2.7
2026-09-14 21:00:00,68.8,85.2,0.0,7.9
2026-09-14 22:00:00,68.2,78.1,0.0,12.0
2026-09-14 23:00:00,57.5,85.0,0.0,1.4
2026-09-15 00:00:00,57.9,79.5,0.0,4.2
2026-09-15 01:00:00,55.3,76.7,0.0,1.3
2026-09-15 02:00:00,57.4,76.6,0.0,8.8
2026-09-15 03:00:00,54.4,75.8,0.0,5.7
2026-09-15 04:00:00,59.5,84.3,0.0,4.8
2026-09-15 05:00:00,58.1,78.6,0.0,6.7
2026-09-15 06:00:00,57.8,85.5,0.0,4.3
2026-09-15 07:00:00,62.5,78.8,0.0,4.8
2026-09-15 08:00:00,64.6,75.5,0.0,6.8
2026-09-15 09:00:00,71.5,67.3,0.0,4.2
2026-09-15 10:00:00,69.9,75.6,0.0,4.6
2026-09-15 11:00:00,74.7,70.3,0.0,5.5
2026-09-15 12:00:00,81.0,72.5,0.0,6.3
2026-09-15 13:00:00,85.3,62.0,0.0,7.8
2026-09-15 14:00:00,78.2,72.6,0.0,7.7
2026-09-15 15:00:00,87.7,72.5,0.0,1.5
2026-09-15 16:00:00,83.4,68.0,0.0,10.2
2026-09-15 17:00:00,77.5,73.8,0.0,6.2
2026-09-15 18:00:00,72.4,75.6,0.0,5.0
2026-09-15 19:00:00,73.0,81.9,0.0,3.3
2026-09-15 20:00:00,73.1,74.1,0.0,12.0
2026-09-15 21:00:00,69.2,78.0,0.0,13.1
2026-09-15 22:00:00,67.1,75.4,0.0,11.6
2026-09-15 23:00:00,60.5,75.3,0.0,6.4
2026-09-16 00:00:00,55.9,75.7,0.0,7.0
2026-09-16 01:00:00,55.3,88.4,0.0,10.5
2026-09-16 02:00:00,54.9,77.3,0.0,5.3
2026-09-16 03:00:00,54.9,86.0,0.0,7.6
2026-09-16 04:00:00,52.9,85.5,0.0,6.7
2026-09-16 05:00:00,58.6,84.9,0.0,11.8
2026-09-16 06:00:00,57.1,78.5,0.0,10.3
2026-09-16 07:00:00,59.6,75.8,0.0,5.6
2026-09-16 08:00:00,63.9,79.2,0.0,10.6
2026-09-16 09:00:00,71.8,71.5,0.0,6.0
2026-09-16 10:00:00,72.6,66.4,0.0,4.4
2026-09-16 11:00:00,74.8,81.1,0.0,5.1
2026-09-16 12:00:00,81.9,63.5,0.0,6.4
2026-09-16 13:00:00,87.3,59.5,0.0,3.6
2026-09-16 14:00:00,84.0,65.1,0.0,4.4
2026-09-16 15:00:00,87.0,70.9,0.0,1.7
2026-09-16 16:00:00,86.0,54.4,0.0,3.5
2026-09-16 17:00:00,80.4,74.1,0.0,6.7
2026-09-16 18:00:00,79.7,64.1,0.0,9.1
2026-09-16 19:00:00,73.3,73.5,0.0,8.7
2026-09-16 20:00:00,72.5,69.3,0.0,7.3
2026-09-16 21:00:00,67.6,85.3,0.0,1.4
2026-09-16 22:00:00,64.3,77.8,0.0,3.4
2026-09-16 23:00:00,59.9,76.0,0.0,5.4
2026-09-17 00:00:00,57.8,79.2,0.0,8.9
2026-09-17 01:00:00,57.5,81.3,0.0,4.3
2026-09-17 02:00:00,54.4,83.5,0.0,2.3
2026-09-17 03:00:00,49.5,87.5,0.0,10.3
2026-09-17 04:00:00,52.8,83.4,0.0,3.8
2026-09-17 05:00:00,52.4,76.8,0.0,2.6
2026-09-17 06:00:00,59.1,78.3,0.0,6.7
2026-09-17 07:00:00,62.8,81.0,0.0,5.8
2026-09-17 08:00:00,65.8,73.0,0.0,4.5
2026-09-17 09:00:00,67.0,79.0,0.0,6.0
2026-09-17 10:00:00,73.4,72.3,0.0,3.2
2026-09-17 11:00:00,75.1,70.1,0.0,4.5
2026-09-17 12:00:00,76.5,76.4,0.0,5.9
2026-09-17 13:00:00,83.5,57.9,0.0,0.0
2026-09-17 14:00:00,85.2,62.3,0.0,8.9
2026-09-17 15:00:00,86.0,71.3,0.0,1.9
2026-09-17 16:00:00,81.6,76.7,0.0,3.2
2026-09-17 17:00:00,84.6,77.4,0.0,9.0
2026-09-17 18:00:00,78.1,69.8,0.0,7.7
2026-09-17 19:00:00,77.9,71.9,0.0,6.3
2026-09-17 20:00:00,71.5,77.3,0.0,0.9
2026-09-17 21:00:00,68.4,81.3,0.0,4.2
2026-09-17 22:00:00,59.1,81.6,0.0,5.4
2026-09-17 23:00:00,60.8,83.7,0.0,5.6
2026-09-18 00:00:00,58.6,82.6,0.0,9.4
2026-09-18 01:00:00,55.0,84.9,0.0,12.0
2026-09-18 02:00:00,58.9,75.5,0.0,7.8
2026-09-18 03:00:00,51.1,82.7,0.0,4.4
2026-09-18 04:00:00,53.1,80.7,0.0,9.6
2026-09-18 05:00:00,53.8,77.0,0.0,4.2
2026-09-18 06:00:00,56.9,72.9,0.0,0.0
2026-09-18 07:00:00,64.0,75.2,0.0,2.3
2026-09-18 08:00:00,68.6,73.4,0.0,0.0
2026-09-18 09:00:00,67.0,76.2,0.0,4.8
2026-09-18 10:00:00,70.7,76.4,0.0,5.5
2026-09-18 11:00:00,73.2,73.2,0.0,1.2
2026-09-18 12:00:00,82.3,65.9,0.0,3.4
2026-09-18 13:00:00,84.2,61.6,0.0,1.7
2026-09-18 14:00:00,82.6,71.4,0.0,5.6
2026-09-18 15:00:00,79.9,68.1,0.0,3.4
2026-09-18 16:00:00,79.6,66.5,0.0,9.0
2026-09-18 17:00:00,81.8,66.6,0.0,6.5
2026-09-18 18:00:00,80.5,64.6,0.0,10.8
2026-09-18 19:00:00,70.9,70.9,0.0,4.6
2026-09-18 20:00:00,71.7,70.2,0.0,12.4
2026-09-18 21:00:00,72.8,71.0,0.0,6.0
2026-09-18 22:00:00,64.4,80.4,0.0,4.4
2026-09-18 23:00:00,65.1,78.7,0.0,13.2
2026-09-19 00:00:00,59.8,87.3,0.0,0.5
2026-09-19 01:00:00,53.2,89.3,0.0,4.3
2026-09-19 02:00:00,53.7,92.8,0.0,1.0
2026-09-19 03:00:00,53.6,85.8,0.0,0.5
2026-09-19 04:00:00,52.0,86.6,0.0,0.0
2026-09-19 05:00:00,53.4,80.7,0.0,7.9
2026-09-19 06:00:00,62.0,82.6,0.0,2.0
2026-09-19 07:00:00,58.8,76.9,0.0,5.2
2026-09-19 08:00:00,67.4,68.1,0.0,8.7
2026-09-19 09:00:00,67.4,83.1,0.0,7.4
2026-09-19 10:00:00,72.2,66.5,0.0,7.2
2026-09-19 11:00:00,77.2,72.2,0.0,9.6
2026-09-19 12:00:00,77.3,65.6,0.0,10.8
2026-09-19 13:00:00,82.6,72.7,0.0,2.2
2026-09-19 14:00:00,77.5,76.2,0.0,7.4
2026-09-19 15:00:00,84.2,68.8,0.0,5.2
2026-09-19 16:00:00,76.4,76.7,0.0,5.6
2026-09-19 17:00:00,80.6,68.2,0.0,1.5
2026-09-19 18:00:00,81.0,79.1,0.0,4.4
2026-09-19 19:00:00,77.4,73.7,0.0,4.7
2026-09-19 20:00:00,69.0,70.0,0.0,10.3
2026-09-19 21:00:00,65.6,76.8,0.0,2.5
2026-09-19 22:00:00,63.0,77.1,0.0,0.0
2026-09-19 23:00:00,61.7,77.3,0.0,6.0
2026-09-20 00:00:00,52.9,75.1,0.0,2.2
2026-09-20 01:00:00,55.7,83.8,0.0,5.6
2026-09-20 02:00:00,55.0,75.3,0.0,8.0
2026-09-20 03:00:00,53.1,70.7,0.0,5.7
2026-09-20 04:00:00,55.6,80.2,0.0,4.7
2026-09-20 05:00:00,56.3,77.8,0.0,5.5
2026-09-20 06:00:00,56.7,77.0,0.0,8.5
2026-09-20 07:00:00,56.2,66.1,0.0,2.5
2026-09-20 08:00:00,64.9,72.6,0.0,8.2
2026-09-20 09:00:00,65.9,75.4,0.0,3.0
2026-09-20 10:00:00,70.6,70.5,0.0,7.8
2026-09-20 11:00:00,76.7,72.2,0.0,1.4
2026-09-20 12:00:00,82.1,74.3,0.0,7.6
2026-09-20 13:00:00,80.8,70.7,0.0,5.7
2026-09-20 14:00:00,83.7,71.6,0.0,6.3
2026-09-20 15:00:00,79.2,74.5,0.0,8.9
2026-09-20 16:00:00,82.9,61.8,0.0,3.5
2026-09-20 17:00:00,80.7,70.3,0.0,5.9
2026-09-20 18:00:00,81.6,72.6,0.0,6.9
2026-09-20 19:00:00,74.2,69.5,0.0,5.1
2026-09-20 20:00:00,71.4,69.3,0.0,8.2
2026-09-20 21:00:00,70.9,76.1,0.0,7.0
2026-09-20 22:00:00,64.3,69.7,0.0,4.3
2026-09-20 23:00:00,58.3,75.0,0.0,9.8
2026-09-21 00:00:00,64.2,73.8,0.0,7.7
2026-09-21 01:00:00,52.9,85.7,0.0,3.5
2026-09-21 02:00:00,54.0,83.9,0.0,3.4
2026-09-21 03:00:00,54.5,87.7,0.0,5.3
2026-09-21 04:00:00,54.8,77.8,0.0,7.3
2026-09-21 05:00:00,55.1,77.3,0.0,0.0
2026-09-21 06:00:00,57.4,83.5,0.0,3.6
2026-09-21 07:00:00,60.3,75.4,0.0,4.3
2026-09-21 08:00:00,61.5,75.6,0.0,1.7
2026-09-21 09:00:00,73.4,62.8,0.0,2.9
2026-09-21 10:00:00,71.3,74.8,0.0,6.4
2026-09-21 11:00:00,76.8,78.0,0.0,4.5
2026-09-21 12:00:00,77.4,64.8,0.0,4.8
2026-09-21 13:00:00,79.7,73.8,0.0,1.9
2026-09-21 14:00:00,80.9,67.7,0.0,5.4
2026-09-21 15:00:00,78.6,60.4,0.0,1.5
2026-09-21 16:00:00,81.6,63.1,0.0,10.4
2026-09-21 17:00:00,79.6,64.0,0.0,11.2
2026-09-21 18:00:00,81.2,66.3,0.0,4.6
2026-09-21 19:00:00,72.3,74.8,0.0,2.6
2026-09-21 20:00:00,70.4,83.0,0.0,8.6
2026-09-21 21:00:00,65.8,69.1,0.0,7.8
2026-09-21 22:00:00,67.9,72.7,0.0,11.6
2026-09-21 23:00:00,58.7,75.7,0.0,12.4
2026-09-22 00:00:00,59.1,73.7,0.0,0.0
2026-09-22 01:00:00,57.8,81.2,0.0,9.5
2026-09-22 02:00:00,53.6,83.0,0.0,5.3
2026-09-22 03:00:00,50.0,75.9,0.0,7.6
2026-09-22 04:00:00,50.6,84.8,0.0,8.3
2026-09-22 05:00:00,57.6,74.8,0.0,8.2
2026-09-22 06:00:00,54.5,82.6,0.0,9.0
2026-09-22 07:00:00,61.7,84.9,0.0,4.3
2026-09-22 08:00:00,64.4,79.4,0.0,3.1
2026-09-22 09:00:00,68.8,75.5,0.0,9.6
2026-09-22 10:00:00,72.8,69.8,0.0,3.4
2026-09-22 11:00:00,72.7,72.8,0.0,11.6
2026-09-22 12:00:00,75.6,73.8,0.0,3.7
2026-09-22 13:00:00,82.1,69.7,0.0,4.9
2026-09-22 14:00:00,80.2,67.9,0.0,5.4
2026-09-22 15:00:00,75.3,72.1,0.0,1.4
2026-09-22 16:00:00,83.4,60.1,0.0,1.4
2026-09-22 17:00:00,77.7,66.1,0.0,8.7
2026-09-22 18:00:00,79.2,72.5,0.0,0.8
2026-09-22 19:00:00,78.5,73.5,0.0,13.6
2026-09-22 20:00:00,71.6,73.6,0.0,5.7
2026-09-22 21:00:00,70.3,81.2,0.0,2.9
2026-09-22 22:00:00,64.5,79.6,0.0,7.3
2026-09-22 23:00:00,64.6,75.8,0.0,0.0
2026-09-23 00:00:00,54.9,76.2,0.0,5.0
2026-09-23 01:00:00,55.2,89.3,0.0,5.4
2026-09-23 02:00:00,55.5,85.8,0.0,2.2
2026-09-23 03:00:00,52.9,92.4,0.0,4.1
2026-09-23 04:00:00,56.7,92.1,0.0,10.6
2026-09-23 05:00:00,54.2,76.3,0.0,6.5
2026-09-23 06:00:00,62.7,71.6,0.0,7.2
2026-09-23 07:00:00,65.8,62.0,0.0,3.6
2026-09-23 08:00:00,64.6,81.5,0.0,2.0
2026-09-23 09:00:00,69.0,77.8,0.0,5.3
2026-09-23 10:00:00,74.3,72.1,0.0,0.0
2026-09-23 11:00:00,71.8,66.9,0.0,2.7
2026-09-23 12:00:00,74.5,71.1,0.0,2.2
2026-09-23 13:00:00,83.1,67.7,0.0,0.0
2026-09-23 14:00:00,82.1,71.2,0.0,7.9
2026-09-23 15:00:00,81.4,69.1,0.0,5.6
2026-09-23 16:00:00,81.5,71.0,0.0,4.1
2026-09-23 17:00:00,74.0,71.2,0.0,8.0
2026-09-23 18:00:00,77.3,75.9,0.0,1.1
2026-09-23 19:00:00,72.9,75.6,0.0,2.0
2026-09-23 20:00:00,73.6,66.1,0.0,9.4
2026-09-23 21:00:00,70.1,80.9,0.0,12.8
2026-09-23 22:00:00,65.4,82.7,0.0,8.1
2026-09-23 23:00:00,61.5,81.0,0.0,7.4
2026-09-24 00:00:00,53.6,84.4,0.0,4.3
2026-09-24 01:00:00,56.6,89.7,0.0,4.3
2026-09-24 02:00:00,55.3,73.9,0.0,6.7
2026-09-24 03:00:00,56.3,87.7,0.0,10.1
2026-09-24 04:00:00,59.0,77.7,0.0,7.3
2026-09-24 05:00:00,50.9,90.0,0.0,8.9
2026-09-24 06:00:00,56.4,82.1,0.0,3.3
2026-09-24 07:00:00,58.5,74.1,0.0,7.9
2026-09-24 08:00:00,64.2,74.7,0.0,4.0
2026-09-24 09:00:00,67.4,80.5,0.0,6.4
2026-09-24 10:00:00,70.5,72.7,0.0,7.8
2026-09-24 11:00:00,77.1,67.0,0.0,4.4
2026-09-24 12:00:00,74.7,68.3,0.0,2.9
2026-09-24 13:00:00,77.1,73.3,0.0,7.1
2026-09-24 14:00:00,78.6,78.0,0.0,5.6
2026-09-24 15:00:00,80.7,57.4,0.0,6.4
2026-09-24 16:00:00,78.1,83.6,0.0,8.0
2026-09-24 17:00:00,79.6,69.7,0.0,9.9
2026-09-24 18:00:00,77.0,73.0,0.0,8.0
2026-09-24 19:00:00,72.6,70.4,0.0,7.6
2026-09-24 20:00:00,73.3,72.2,0.0,4.5
2026-09-24 21:00:00,67.3,76.5,0.0,5.0
2026-09-24 22:00:00,66.4,70.7,0.0,7.4
2026-09-24 23:00:00,59.8,75.6,0.0,4.9
2026-09-25 00:00:00,57.1,87.0,0.0,7.4
2026-09-25 01:00:00,53.5,75.3,0.0,3.6
2026-09-25 02:00:00,53.5,85.3,0.0,11.8
2026-09-25 03:00:00,54.8,80.5,0.0,6.6
2026-09-25 04:00:00,52.5,78.8,0.0,6.4
2026-09-25 05:00:00,56.2,91.4,0.0,4.6
2026-09-25 06:00:00,55.2,77.4,0.0,11.7
2026-09-25 07:00:00,62.0,72.7,0.0,2.2
2026-09-25 08:00:00,62.1,77.4,0.0,3.9
2026-09-25 09:00:00,69.3,70.5,0.0,8.6
2026-09-25 10:00:00,71.0,73.5,0.0,6.7
2026-09-25 11:00:00,78.1,70.3,0.0,4.3
2026-09-25 12:00:00,74.3,72.8,0.0,4.4
2026-09-25 13:00:00,75.7,70.2,0.0,5.1
2026-09-25 14:00:00,79.3,65.4,0.0,6.3
2026-09-25 15:00:00,77.9,72.9,0.0,10.7
2026-09-25 16:00:00,77.4,69.4,0.0,7.8
2026-09-25 17:00:00,81.0,65.5,0.0,9.1
2026-09-25 18:00:00,77.2,77.5,0.0,4.7
2026-09-25 19:00:00,73.1,71.7,0.0,7.5
2026-09-25 20:00:00,69.9,79.5,0.0,1.3
2026-09-25 21:00:00,65.7,82.5,0.0,6.5
2026-09-25 22:00:00,67.7,81.7,0.0,6.4
2026-09-25 23:00:00,58.3,83.9,0.0,11.5
2026-09-26 00:00:00,53.7,83.0,0.0,10.7
2026-09-26 01:00:00,56.8,81.0,0.0,5.2
2026-09-26 02:00:00,52.8,82.2,0.0,3.5
2026-09-26 03:00:00,58.0,69.8,0.0,3.6
2026-09-26 04:00:00,52.1,87.5,0.0,5.1
2026-09-26 05:00:00,56.9,82.4,0.0,9.9
2026-09-26 06:00:00,59.7,83.8,0.0,7.2
2026-09-26 07:00:00,58.6,79.7,0.0,7.6
2026-09-26 08:00:00,61.5,82.0,0.0,8.4
2026-09-26 09:00:00,68.8,67.8,0.0,3.0
2026-09-26 10:00:00,72.0,67.0,0.0,3.9
2026-09-26 11:00:00,70.5,61.4,0.0,7.6
2026-09-26 12:00:00,74.1,71.1,0.0,3.7
2026-09-26 13:00:00,72.8,68.6,0.0,1.4
2026-09-26 14:00:00,82.0,62.9,0.0,2.8
2026-09-26 15:00:00,80.4,70.0,0.0,9.2
2026-09-26 16:00:00,80.1,66.3,0.0,4.9
2026-09-26 17:00:00,74.9,64.1,0.0,6.7
2026-09-26 18:00:00,74.2,84.4,0.0,2.9
2026-09-26 19:00:00,72.8,72.3,0.0,7.1
2026-09-26 20:00:00,68.9,69.2,0.0,5.2
2026-09-26 21:00:00,67.3,72.2,0.0,7.3
2026-09-26 22:00:00,64.8,76.0,0.0,4.6
2026-09-26 23:00:00,65.6,75.5,0.0,7.5
2026-09-27 00:00:00,56.8,87.8,0.0,4.4
2026-09-27 01:00:00,57.4,80.5,0.0,5.8
2026-09-27 02:00:00,51.2,93.6,0.0,5.2
2026-09-27 03:00:00,48.6,83.6,0.0,6.1
2026-09-27 04:00:00,52.4,85.8,0.0,6.8
2026-09-27 05:00:00,50.6,89.8,0.0,4.5
2026-09-27 06:00:00,56.9,87.2,0.0,5.6
2026-09-27 07:00:00,57.8,87.3,0.0,6.6
2026-09-27 08:00:00,58.2,79.1,0.0,7.5
2026-09-27 09:00:00,71.1,73.4,0.0,5.8
2026-09-27 10:00:00,69.0,62.1,0.0,3.3
2026-09-27 11:00:00,69.6,73.2,0.0,6.3
2026-09-27 12:00:00,78.9,74.6,0.0,8.0
2026-09-27 13:00:00,77.0,74.6,0.0,2.0
2026-09-27 14:00:00,83.0,66.4,0.0,2.0
2026-09-27 15:00:00,78.9,77.6,0.0,4.0
2026-09-27 16:00:00,78.9,67.2,0.0,5.4
2026-09-27 17:00:00,79.7,65.1,0.0,0.0
2026-09-27 18:00:00,78.1,67.2,0.0,7.7
2026-09-27 19:00:00,75.6,65.3,0.0,5.5
2026-09-27 20:00:00,70.1,77.0,0.0,0.0
2026-09-27 21:00:00,68.1,76.5,0.0,2.7
2026-09-27 22:00:00,65.0,79.8,0.0,5.1
2026-09-27 23:00:00,60.2,77.3,0.0,0.7
2026-09-28 00:00:00,56.3,81.2,0.0,8.9
2026-09-28 01:00:00,50.9,73.6,0.0,6.6
2026-09-28 02:00:00,54.6,84.4,0.0,8.0
2026-09-28 03:00:00,52.7,84.0,0.0,2.9
2026-09-28 04:00:00,52.0,78.4,0.0,7.2
2026-09-28 05:00:00,57.7,80.3,0.0,4.0
2026-09-28 06:00:00,53.1,82.0,0.0,5.4
2026-09-28 07:00:00,63.7,86.3,0.0,7.1
2026-09-28 08:00:00,62.8,72.6,0.0,5.8
2026-09-28 09:00:00,67.3,77.1,0.0,8.4
2026-09-28 10:00:00,69.1,69.0,0.0,6.4
2026-09-28 11:00:00,69.3,71.6,0.0,4.6
2026-09-28 12:00:00,76.0,72.1,0.0,8.5
2026-09-28 13:00:00,79.4,67.8,0.0,9.2
2026-09-28 14:00:00,81.6,67.6,0.0,6.3
2026-09-28 15:00:00,79.9,70.2,0.0,10.0
2026-09-28 16:00:00,74.4,69.1,0.0,5.3
2026-09-28 17:00:00,74.7,75.8,0.0,5.6
2026-09-28 18:00:00,81.5,66.2,0.0,6.0
2026-09-28 19:00:00,70.7,73.1,0.0,5.6
2026-09-28 20:00:00,73.7,73.8,0.0,5.1
2026-09-28 21:00:00,64.2,78.3,0.0,3.9
2026-09-28 22:00:00,62.4,81.4,0.0,3.0
2026-09-28 23:00:00,61.1,80.5,0.0,6.3
2026-09-29 00:00:00,54.4,84.9,0.0,9.6
2026-09-29 01:00:00,58.3,78.8,0.0,8.4
2026-09-29 02:00:00,53.1,77.9,0.0,7.2
2026-09-29 03:00:00,53.6,75.9,0.0,9.7
2026-09-29 04:00:00,52.3,75.4,0.0,6.1
2026-09-29 05:00:00,56.0,90.5,0.0,3.0
2026-09-29 06:00:00,60.4,68.2,0.0,5.0
2026-09-29 07:00:00,59.0,86.0,0.0,5.8
2026-09-29 08:00:00,67.0,71.5,0.0,4.5
2026-09-29 09:00:00,64.7,82.8,0.0,7.8
2026-09-29 10:00:00,71.8,62.0,0.0,8.8
2026-09-29 11:00:00,74.4,70.4,0.0,0.8
2026-09-29 12:00:00,73.4,79.4,0.0,5.6
2026-09-29 13:00:00,78.8,72.7,0.0,0.0
2026-09-29 14:00:00,79.6,67.0,0.0,5.7
2026-09-29 15:00:00,78.0,59.9,0.0,5.7
2026-09-29 16:00:00,80.5,61.6,0.0,11.3
2026-09-29 17:00:00,78.6,76.2,0.0,10.4
2026-09-29 18:00:00,75.9,69.0,0.0,8.8
2026-09-29 19:00:00,73.0,72.0,0.0,3.1
2026-09-29 20:00:00,69.6,75.6,0.0,2.9
2026-09-29 21:00:00,65.4,70.0,0.0,2.7
2026-09-29 22:00:00,63.0,79.9,0.0,10.6
2026-09-29 23:00:00,57.8,78.6,0.0,3.3
2026-09-30 00:00:00,63.0,79.3,0.0,4.8
2026-09-30 01:00:00,50.6,81.8,0.0,3.3
2026-09-30 02:00:00,51.3,76.4,0.0,2.2
2026-09-30 03:00:00,51.0,82.3,0.0,7.0
2026-09-30 04:00:00,57.9,83.9,0.0,6.5
2026-09-30 05:00:00,50.8,86.5,0.0,0.0
2026-09-30 06:00:00,57.4,81.1,0.0,2.1
2026-09-30 07:00:00,59.8,84.1,0.0,6.8
2026-09-30 08:00:00,63.3,76.7,0.0,5.8
2026-09-30 09:00:00,69.1,74.8,0.0,4.8
2026-09-30 10:00:00,72.6,70.2,0.0,7.8
2026-09-30 11:00:00,71.8,77.8,0.0,1.7
2026-09-30 12:00:00,76.2,72.0,0.0,4.2
2026-09-30 13:00:00,73.3,69.4,0.0,7.6
2026-09-30 14:00:00,79.6,61.3,0.0,4.1
2026-09-30 15:00:00,77.8,75.2,0.0,6.9
2026-09-30 16:00:00,78.8,65.4,0.0,2.6
2026-09-30 17:00:00,73.7,72.3,0.0,3.5
2026-09-30 18:00:00,76.8,82.0,0.0,0.7
2026-09-30 19:00:00,68.7,78.7,0.0,0.0
2026-09-30 20:00:00,70.0,82.1,0.0,4.6
2026-09-30 21:00:00,63.0,75.2,0.0,7.4
2026-09-30 22:00:00,60.4,84.7,0.0,5.7
2026-09-30 23:00:00,62.1,78.5,0.0,9.5
